code_tract,populacao
310620005620001,467
310620005620002,448
310620005620004,675
310620005620005,314
310620005620006,334
310620005620007,504
310620005620008,554
310620005620010,351
310620005620011,369
310620005620012,416
310620005620013,557
310620005620014,275
310620005620015,159
310620005620016,317
310620005620017,583
310620005620021,575
310620005620022,381
310620005620023,384
310620005620024,395
310620005620025,529
310620005620026,436
310620005620028,557
310620005620029,312
310620005620031,347
310620005620032,653
310620005620034,474
310620005620036,392
310620005620039,505
310620005620040,388
310620005620041,473
310620005620045,559
310620005620047,556
310620005620048,254
310620005620052,136
310620005620053,458
310620005620057,324
310620005620058,464
310620005620060,507
310620005620062,544
310620005620064,488
310620005620066,531
310620005620067,408
310620005620068,502
310620005620069,545
310620005620070,335
310620005620071,462
310620005620073,547
310620005620074,434
310620005620075,426
310620005620076,468
310620005620077,329
310620005620078,352
310620005620079,557
310620005620081,578
310620005620082,303
310620005620085,535
310620005620086,466
310620005620087,421
310620005620088,292
310620005620089,354
310620005620091,413
310620005620092,286
310620005620094,322
310620005620095,340
310620005620097,454
310620005620098,359
310620005620099,721
310620005620100,566
310620005620101,702
310620005620102,501
310620005620103,707
310620005620104,412
310620005620105,616
310620005620106,592
310620005620107,138
310620005620108,578
310620005620109,908
310620005620110,339
310620005620113,416
310620005620114,587
310620005620115,653
310620005620116,438
310620005620117,222
310620005620118,443
310620005620119,311
310620005620120,559
310620005620122,321
310620005620123,338
310620005620124,519
310620005620125,627
310620005620126,410
310620005620127,511
310620005620129,679
310620005620130,541
310620005620131,624
310620005620132,389
310620005620133,403
310620005620134,599
310620005620135,327
310620005620136,595
310620005620137,307
310620005620138,470
310620005620139,553
310620005620140,412
310620005620141,790
310620005620143,689
310620005620144,423
310620005620145,758
310620005620146,366
310620005620147,733
310620005620149,513
310620005620151,574
310620005620153,237
310620005620154,337
310620005620155,408
310620005620156,504
310620005620157,178
310620005620158,424
310620005620159,547
310620005620160,363
310620005620163,382
310620005620164,446
310620005620165,374
310620005620167,38
310620005620168,487
310620005620169,145
310620005620170,217
310620005620171,212
310620005620172,439
310620005620173,0
310620005620174,209
310620005620175,165
310620005620176,310
310620005620178,275
310620005620181,531
310620005620182,507
310620005620183,484
310620005620185,443
310620005620187,463
310620005620188,467
310620005620189,418
310620005620190,466
310620005620191,419
310620005620192,620
310620005620193,415
310620005620195,724
310620005620196,545
310620005620197,475
310620005620201,456
310620005620202,575
310620005620203,619
310620005620204,404
310620005620206,499
310620005620207,365
310620005620208,340
310620005620209,481
310620005620210,408
310620005620211,618
310620005620213,377
310620005620214,363
310620005620215,470
310620005620216,293
310620005620217,467
310620005620218,344
310620005620220,544
310620005620221,510
310620005620222,696
310620005620225,678
310620005620228,660
310620005620229,588
310620005620230,343
310620005620232,409
310620005620233,577
310620005620234,347
310620005620235,324
310620005620236,407
310620005620237,346
310620005620238,434
310620005620241,487
310620005620242,448
310620005620243,356
310620005620244,403
310620005620245,576
310620005620246,215
310620005620248,257
310620005620249,426
310620005620251,437
310620005620252,327
310620005620253,714
310620005620254,389
310620005620256,597
310620005620257,701
310620005620258,676
310620005620261,694
310620005620262,300
310620005620264,346
310620005620265,279
310620005620266,564
310620005620267,514
310620005620268,580
310620005620271,563
310620005620272,639
310620005620273,520
310620005620274,389
310620005620275,402
310620005620276,240
310620005620277,436
310620005620280,177
310620005620281,187
310620005620282,240
310620005620283,389
310620005620284,366
310620005620285,442
310620005620286,408
310620005620288,803
310620005620289,411
310620005620290,575
310620005620291,163
310620005620292,151
310620005620293,343
310620005620294,631
310620005620295,635
310620005620296,372
310620005620298,675
310620005620299,428
310620005620301,441
310620005620302,618
310620005620303,555
310620005620305,169
310620005620306,570
310620005620307,334
310620005620308,468
310620005620309,343
310620005620310,492
310620005620311,438
310620005620312,526
310620005620313,418
310620005620314,440
310620005620315,389
310620005620316,349
310620005620317,376
310620005620318,546
310620005620319,376
310620005620320,394
310620005620321,539
310620005620322,372
310620005620323,528
310620005620325,318
310620005620326,340
310620005620327,386
310620005620328,264
310620005620330,432
310620005620331,7
310620005620332,478
310620005620334,374
310620005620336,250
310620005620337,673
310620005620339,267
310620005620340,733
310620005620341,486
310620005620342,573
310620005620343,409
310620005620344,182
310620005620345,399
310620005620346,465
310620005620347,293
310620005620348,451
310620005620349,607
310620005620350,280
310620005620351,474
310620005620352,647
310620005620356,0
310620005620358,480
310620005620359,513
310620005620360,332
310620005620361,439
310620005620363,462
310620005620364,461
310620005620366,30
310620005620368,581
310620005620369,367
310620005620370,357
310620005620371,456
310620005620372,285
310620005620373,290
310620005620374,492
310620005620375,369
310620005620378,383
310620005620379,322
310620005620380,475
310620005620381,626
310620005620383,659
310620005620384,402
310620005620385,349
310620005620387,410
310620005620388,410
310620005620389,497
310620005620391,472
310620005620392,289
310620005620393,425
310620005620394,343
310620005620395,541
310620005620396,254
310620005620397,273
310620005620398,530
310620005620400,533
310620005620401,393
310620005620402,756
310620005620403,392
310620005620404,523
310620005620405,423
310620005620406,348
310620005620407,199
310620005620408,378
310620005620409,321
310620005620410,509
310620005620411,386
310620005620412,257
310620005620413,564
310620005620414,574
310620005620415,446
310620005620417,471
310620005620418,320
310620005620419,713
310620005620420,493
310620005620421,482
310620005620422,489
310620005620423,452
310620005620424,515
310620005620425,227
310620005620426,523
310620005620427,322
310620005620428,136
310620005620429,512
310620005620430,251
310620005620432,234
310620005620433,585
310620005620434,247
310620005620435,404
310620005620436,592
310620005620437,430
310620005620438,35
310620005620439,68
310620005620440,207
310620005620441,89
310620005620442,578
310620005620443,371
310620005620445,177
310620005620446,268
310620005620447,217
310620005620448,221
310620005620449,455
310620005620450,126
310620005620451,145
310620005620452,79
310620005620453,335
310620005620454,110
310620005620455,263
310620005620456,2
310620005620457,108
310620005620458,357
310620005620459,129
310620005620460,97
310620005620462,242
310620005620463,331
310620005620464,134
310620005620465,185
310620005620466,470
310620005620467,295
310620005620468,497
310620005620469,663
310620005620472,986
310620005620474,239
310620005620475,306
310620005620476,52
310620005620477,321
310620005620478,405
310620005620479,627
310620005620480,214
310620005620481,371
310620005620483,346
310620005620484,179
310620005620485,76
310620005620486,317
310620005620487,98
310620005620488,73
310620005620489,160
310620005620490,45
310620005620491,24
310620005620492,418
310620005620494,358
310620005620495,419
310620005620496,367
310620005620497,212
310620005620498,492
310620005620499,368
310620005620500,0
310620005620501,655
310620005620503,260
310620005620504,704
310620005620505,772
310620005620506,398
310620005620507,288
310620005620509,0
310620005620510,557
310620005620511,381
310620005620512,793
310620005620513,549
310620005620514,249
310620005620515,541
310620005620516,521
310620005620517,360
310620005620518,449
310620005620519,417
310620005620520,298
310620005620521,293
310620005620522,500
310620005620523,246
310620005620524,401
310620005620525,437
310620005620526,292
310620005620527,405
310620005620528,589
310620005620529,407
310620005620530,329
310620005620531,137
310620005620532,174
310620005620533,290
310620005620534,370
310620005620535,354
310620005620536,324
310620005620537,322
310620005620538,404
310620005620540,455
310620005620541,403
310620005620542,191
310620005620543,265
310620005620544,127
310620005620545,408
310620005620546,304
310620005620547,261
310620005620548,598
310620005620550,278
310620005620551,476
310620005620552,429
310620005620553,356
310620005620554,322
310620005620555,464
310620005620556,394
310620005620557,438
310620005620558,345
310620005620559,340
310620005620560,280
310620005620561,401
310620005620562,377
310620005620563,379
310620005620564,223
310620005620565,595
310620005620566,309
310620005620567,344
310620005620568,411
310620005620569,334
310620005620570,529
310620005620571,326
310620005620572,393
310620005620573,456
310620005620574,372
310620005620575,433
310620005620576,331
310620005620577,308
310620005620578,434
310620005620579,410
310620005620580,557
310620005620581,442
310620005620582,452
310620005620583,366
310620005620584,416
310620005620585,444
310620005620586,702
310620005620587,335
310620005620588,247
310620005620589,282
310620005620590,723
310620005620591,448
310620005620592,529
310620005620593,708
310620005620594,831
310620005620595,529
310620005620596,636
310620005620597,979
310620005620598,467
310620005620599,417
310620005620600,475
310620005620601,515
310620005620602,295
310620005620603,343
310620005620604,378
310620005620605,310
310620005620606,361
310620005620607,282
310620005620608,413
310620005620609,268
310620005620610,328
310620005620611,424
310620005620612,426
310620005620613,345
310620005620614,335
310620005620615,318
310620005620616,315
310620005620617,366
310620005620618,352
310620005620619,308
310620005620620,351
310620005620621,287
310620005620622,423
310620005620623,349
310620005620624,359
310620005620625,493
310620005620626,443
310620005620627,253
310620005620628,158
310620005620629,348
310620005620630,386
310620005620631,272
310620005620632,399
310620005620633,413
310620005620634,335
310620005620635,367
310620005620636,313
310620005620637,271
310620005620638,280
310620005620639,434
310620005620640,391
310620005620641,386
310620005620642,381
310620005620643,432
310620005620644,309
310620005620645,246
310620005620646,313
310620005620647,177
310620005620648,328
310620005620649,175
310620005620650,510
310620005620651,456
310620005620652,271
310620005620653,218
310620005620654,384
310620005620655,591
310620005620656,726
310620005620657,538
310620005620658,542
310620005620659,459
310620005620660,451
310620005620661,404
310620005620662,458
310620005620663,247
310620005620664,282
310620005620665,335
310620005620666,320
310620005620667,287
310620005620668,362
310620005620669,411
310620005620670,410
310620005620671,414
310620005620672,175
310620005620673,448
310620005620674,446
310620005620675,208
310620005620676,194
310620005620677,351
310620005620678,291
310620005620679,269
310620005620680,288
310620005620681,315
310620005620682,297
310620005620683,391
310620005620684,237
310620005620685,299
310620005620686,326
310620005620687,236
310620005620688,393
310620005620689,417
310620005620690,250
310620005620691,299
310620005620692,235
310620005620693,361
310620005620694,369
310620005620695,327
310620005620696,359
310620005620697,361
310620005620698,345
310620005620699,719
310620005620700,265
310620005620701,442
310620005620702,358
310620005620703,318
310620005620704,369
310620005620705,475
310620005620706,340
310620005620707,298
310620005620708,378
310620005620709,213
310620005620710,273
310620005620711,525
310620005620712,233
310620005620713,235
310620005620714,358
310620005620715,230
310620005620716,431
310620005620717,136
310620005620718,166
310620005620719,137
310620005620720,196
310620005620721,474
310620005620722,355
310620005620723,425
310620005620724,360
310620005620725,512
310620005620726,563
310620005620727,486
310620005620728,297
310620005620729,275
310620005620730,235
310620005620731,224
310620005620732,222
310620005620733,327
310620005620734,372
310620005620735,313
310620005620736,292
310620005620737,247
310620005620738,437
310620005620739,384
310620005620740,399
310620005620741,428
310620005620742,440
310620005620743,384
310620005620744,328
310620005620745,505
310620005620746,515
310620005620747,483
310620005620748,530
310620005620749,389
310620005620750,334
310620005620751,446
310620005620752,467
310620005620753,0
310620005620754,228
310620005620755,309
310620005620756,357
310620005620757,431
310620005620758,537
310620005620759,535
310620005620760,798
310620005620761,330
310620005620762,309
310620005620763,404
310620005620764,503
310620005620765,347
310620005620766,776
310620005620767,393
310620005620768,247
310620005620769,534
310620005620770,347
310620005620771,282
310620005620772,377
310620005620773,520
310620005620774,0
310620005620775,167
310620005620776,83
310620005620777,179
310620005620778,258
310620005620779,307
310620005620780,331
310620005620781,340
310620005620782,262
310620005620783,317
310620005620784,359
310620005620785,267
310620005620786,163
310620005620787,403
310620005620788,335
310620005620789,403
310620005620790,420
310620005620791,334
310620005620792,299
310620005620793,198
310620005630001,778
310620005630002,736
310620005630003,526
310620005630004,416
310620005630005,553
310620005630006,755
310620005630007,489
310620005630008,4
310620005630009,532
310620005630010,741
310620005630011,539
310620005630012,588
310620005630013,194
310620005630014,412
310620005630015,656
310620005630016,524
310620005630017,809
310620005630018,440
310620005630019,783
310620005630020,87
310620005630021,311
310620005630022,562
310620005630023,818
310620005630024,674
310620005630025,431
310620005630026,490
310620005630027,862
310620005630028,744
310620005630029,514
310620005630030,685
310620005630031,598
310620005630032,672
310620005630033,672
310620005630034,488
310620005630035,547
310620005630036,568
310620005630038,528
310620005630039,530
310620005630040,476
310620005630041,714
310620005630042,535
310620005630043,702
310620005630044,519
310620005630045,440
310620005630046,427
310620005630047,629
310620005630048,353
310620005630049,676
310620005630050,637
310620005630051,445
310620005630052,407
310620005630053,607
310620005630054,590
310620005630055,920
310620005630056,626
310620005630057,951
310620005630058,378
310620005630059,481
310620005630060,743
310620005630061,428
310620005630062,531
310620005630063,767
310620005630064,361
310620005630065,390
310620005630066,348
310620005630067,393
310620005630068,482
310620005630069,325
310620005630070,433
310620005630071,770
310620005630072,647
310620005630073,429
310620005630074,456
310620005630075,472
310620005630076,313
310620005630077,819
310620005630079,628
310620005630080,708
310620005630081,605
310620005630082,448
310620005630083,344
310620005630084,668
310620005630085,591
310620005630086,380
310620005630087,466
310620005630088,808
310620005630089,473
310620005630090,687
310620005630091,633
310620005630092,597
310620005630093,528
310620005630094,486
310620005630095,564
310620005630096,413
310620005630097,626
310620005630098,345
310620005630099,382
310620005630100,539
310620005630101,482
310620005630102,401
310620005630103,572
310620005630104,618
310620005630105,293
310620005630106,473
310620005630107,501
310620005630108,389
310620005630109,560
310620005630110,600
310620005630112,464
310620005630113,434
310620005630114,404
310620005630115,309
310620005630116,528
310620005630117,480
310620005630118,460
310620005630119,505
310620005630120,526
310620005630121,410
310620005630122,652
310620005630123,707
310620005630124,917
310620005630125,506
310620005630126,728
310620005630127,589
310620005630128,617
310620005630129,763
310620005630130,728
310620005630131,481
310620005630132,792
310620005630133,560
310620005630134,549
310620005630135,722
310620005630136,515
310620005630137,471
310620005630138,446
310620005630139,438
310620005630140,744
310620005630141,594
310620005630142,516
310620005630143,358
310620005630144,796
310620005630145,754
310620005630146,541
310620005630147,452
310620005630148,400
310620005630149,535
310620005630150,537
310620005630151,703
310620005630152,505
310620005630153,682
310620005630154,460
310620005630155,777
310620005630156,504
310620005630157,546
310620005630158,744
310620005630159,434
310620005630160,582
310620005630161,900
310620005630162,340
310620005630163,419
310620005630164,942
310620005630165,763
310620005630166,720
310620005630167,696
310620005630168,466
310620005630169,334
310620005630170,699
310620005630171,506
310620005630172,892
310620005630173,376
310620005630174,915
310620005630175,547
310620005630176,661
310620005630177,617
310620005630178,450
310620005630180,554
310620005630181,553
310620005630182,381
310620005630183,449
310620005630184,560
310620005630185,426
310620005630186,453
310620005630187,514
310620005630188,614
310620005630189,472
310620005630190,306
310620005630191,204
310620005630192,365
310620005630193,740
310620005630194,692
310620005630195,773
310620005630196,381
310620005630197,592
310620005630198,509
310620005630199,587
310620005630200,639
310620005630201,757
310620005630202,546
310620005630203,512
310620005630204,745
310620005630205,414
310620005630206,494
310620005630207,702
310620005630208,5
310620005630211,459
310620005630213,590
310620005630214,417
310620005630215,456
310620005630216,513
310620005630217,506
310620005630218,687
310620005630219,401
310620005630220,443
310620005630221,433
310620005630222,538
310620005630223,658
310620005630224,506
310620005630225,292
310620005630226,523
310620005630227,483
310620005630228,659
310620005630229,541
310620005630230,514
310620005630231,566
310620005630233,243
310620005630234,472
310620005630238,549
310620005630239,746
310620005630240,633
310620005630241,471
310620005630242,623
310620005630243,540
310620005630244,334
310620005630245,378
310620005630246,421
310620005630247,628
310620005630248,762
310620005630249,242
310620005630250,604
310620005630251,590
310620005630252,922
310620005630253,548
310620005630254,1071
310620005630255,1262
310620005630256,95
310620005630257,1096
310620005630258,931
310620005630260,650
310620005630261,766
310620005630262,823
310620005630263,512
310620005630264,550
310620005630265,601
310620005630266,648
310620005630267,855
310620005630268,1075
310620005630269,600
310620005630270,528
310620005630271,816
310620005630272,568
310620005630273,149
310620005630275,265
310620005630276,363
310620005630277,435
310620005630278,111
310620005630279,247
310620005630280,467
310620005630281,344
310620005630282,455
310620005630283,390
310620005630284,498
310620005630285,440
310620005630286,555
310620005630287,423
310620005630288,332
310620005630289,557
310620005630290,426
310620005630291,568
310620005630292,420
310620005630293,534
310620005630294,384
310620005630295,274
310620005630296,120
310620005630297,61
310620005630298,242
310620005630299,622
310620005630300,117
310620005630301,248
310620005630302,490
310620005630303,500
310620005630304,78
310620005630305,480
310620005630306,53
310620005630307,178
310620005630308,152
310620005630309,140
310620005630310,449
310620005630311,3
310620005630312,368
310620005630314,373
310620005630315,48
310620005630316,214
310620005630317,308
310620005630318,286
310620005630319,0
310620005630320,116
310620005630321,553
310620005630322,125
310620005630323,463
310620005630324,570
310620005630325,523
310620005630326,290
310620005630328,498
310620005630329,421
310620005630332,95
310620005630334,614
310620005630335,387
310620005630336,396
310620005630337,458
310620005630338,30
310620005630339,299
310620005630340,213
310620005630341,466
310620005630343,699
310620005630344,363
310620005630345,126
310620005630346,490
310620005630347,515
310620005630348,437
310620005630349,686
310620005630350,198
310620005630351,194
310620005630352,322
310620005630353,165
310620005630354,362
310620005630356,222
310620005630357,316
310620005630358,158
310620005630360,586
310620005630361,485
310620005630362,325
310620005630363,683
310620005630364,568
310620005630365,400
310620005630366,180
310620005630367,424
310620005630368,610
310620005630369,501
310620005630371,509
310620005630372,771
310620005630373,108
310620005630374,754
310620005630375,264
310620005630376,71
310620005630377,364
310620005630378,336
310620005630379,676
310620005630380,666
310620005630381,389
310620005630382,169
310620005630383,0
310620005630385,267
310620005630386,530
310620005630387,496
310620005630388,606
310620005630389,581
310620005630391,514
310620005630392,161
310620005630393,13
310620005630395,93
310620005630396,571
310620005630398,190
310620005630399,401
310620005630400,289
310620005630411,688
310620005630412,42
310620005630413,54
310620005630414,45
310620005630415,293
310620005630416,367
310620005630417,448
310620005630418,345
310620005630419,306
310620005630420,414
310620005630421,351
310620005630422,299
310620005630423,403
310620005630424,441
310620005630425,397
310620005630426,489
310620005630427,409
310620005630428,342
310620005630429,412
310620005630430,417
310620005630431,262
310620005630432,351
310620005630433,520
310620005630434,425
310620005630435,342
310620005630436,398
310620005630437,359
310620005630438,353
310620005630439,354
310620005630440,285
310620005630441,325
310620005630442,341
310620005630443,378
310620005630444,507
310620005630445,326
310620005630446,528
310620005630447,672
310620005630448,459
310620005630449,486
310620005630450,438
310620005630451,453
310620005630452,484
310620005630453,352
310620005630454,295
310620005630455,362
310620005630456,394
310620005630457,434
310620005630458,275
310620005630459,452
310620005630460,417
310620005630461,505
310620005630462,255
310620005630463,132
310620005630464,317
310620005630465,358
310620005630466,251
310620005630467,612
310620005630468,377
310620005630469,225
310620005630470,144
310620005630471,408
310620005630472,370
310620005630473,328
310620005630474,347
310620005630475,517
310620005630476,548
310620005630477,710
310620005630478,714
310620005630479,448
310620005630481,84
310620005630482,22
310620005630483,24
310620005630485,23
310620005630486,484
310620005630487,472
310620005630488,420
310620005630489,461
310620005630490,431
310620005630491,350
310620005630492,575
310620005630493,463
310620005630494,360
310620005630495,277
310620005630496,490
310620005630497,753
310620005630498,289
310620005630499,196
310620005630500,376
310620005630501,84
310620005630502,76
310620005630503,422
310620005630504,697
310620005640001,722
310620005640002,743
310620005640003,487
310620005640004,318
310620005640005,463
310620005640006,701
310620005640007,434
310620005640008,509
310620005640009,508
310620005640010,508
310620005640011,340
310620005640012,390
310620005640013,640
310620005640014,539
310620005640015,507
310620005640016,577
310620005640017,533
310620005640018,422
310620005640019,488
310620005640020,502
310620005640021,259
310620005640022,746
310620005640023,563
310620005640024,429
310620005640025,521
310620005640026,452
310620005640027,691
310620005640028,790
310620005640029,462
310620005640031,389
310620005640032,473
310620005640033,392
310620005640034,67
310620005640035,491
310620005640036,540
310620005640037,324
310620005640038,389
310620005640039,415
310620005640040,709
310620005640041,622
310620005640042,391
310620005640043,363
310620005640044,703
310620005640045,835
310620005640046,763
310620005640047,527
310620005640048,751
310620005640049,403
310620005640050,710
310620005640051,478
310620005640052,668
310620005640053,539
310620005640054,682
310620005640055,358
310620005640056,413
310620005640057,698
310620005640058,498
310620005640059,504
310620005640060,685
310620005640061,536
310620005640062,668
310620005640063,855
310620005640064,677
310620005640065,708
310620005640066,829
310620005640067,691
310620005640068,570
310620005640069,627
310620005640070,487
310620005640071,656
310620005640072,508
310620005640073,515
310620005640074,417
310620005640075,363
310620005640076,707
310620005640077,350
310620005640078,649
310620005640079,504
310620005640080,261
310620005640081,510
310620005640082,662
310620005640083,514
310620005640084,454
310620005640085,792
310620005640086,741
310620005640087,487
310620005640088,724
310620005640089,454
310620005640090,812
310620005640091,466
310620005640092,514
310620005640093,590
310620005640094,594
310620005640095,717
310620005640096,461
310620005640098,538
310620005640099,599
310620005640100,612
310620005640101,623
310620005640102,659
310620005640103,576
310620005640104,637
310620005640105,709
310620005640106,376
310620005640107,401
310620005640108,724
310620005640109,455
310620005640110,695
310620005640111,547
310620005640112,572
310620005640113,532
310620005640114,109
310620005640115,787
310620005640116,512
310620005640117,794
310620005640118,490
310620005640119,431
310620005640120,672
310620005640121,460
310620005640122,482
310620005640123,773
310620005640124,695
310620005640125,758
310620005640126,210
310620005640127,676
310620005640128,559
310620005640129,164
310620005640130,413
310620005640131,859
310620005640132,831
310620005640133,984
310620005640134,742
310620005640135,452
310620005640136,621
310620005640137,408
310620005640138,688
310620005640139,173
310620005640140,230
310620005640141,745
310620005640142,34
310620005640143,976
310620005640144,21
310620005640145,664
310620005640146,407
310620005640147,399
310620005640148,552
310620005640150,658
310620005640151,490
310620005640152,534
310620005640153,566
310620005640154,0
310620005640155,753
310620005640156,515
310620005640158,348
310620005640159,337
310620005640160,347
310620005640161,672
310620005640162,669
310620005640163,728
310620005640164,640
310620005640165,403
310620005640166,291
310620005640167,157
310620005640168,598
310620005640169,286
310620005640170,174
310620005640171,422
310620005640172,504
310620005640173,496
310620005640174,275
310620005640175,150
310620005640176,411
310620005640177,457
310620005640178,626
310620005640179,397
310620005640180,78
310620005640181,146
310620005640182,144
310620005640183,605
310620005640184,462
310620005640185,41
310620005640186,299
310620005640187,269
310620005640188,299
310620005640189,225
310620005640191,74
310620005640192,322
310620005640193,101
310620005640194,80
310620005640195,317
310620005640196,239
310620005640197,449
310620005640198,515
310620005640199,219
310620005640200,344
310620005640201,244
310620005640202,520
310620005640203,370
310620005640204,370
310620005640205,111
310620005640206,103
310620005640207,122
310620005640208,129
310620005640209,376
310620005640210,222
310620005640211,70
310620005640212,19
310620005640213,0
310620005640214,355
310620005640215,450
310620005640216,18
310620005640217,587
310620005640218,349
310620005640219,225
310620005640220,318
310620005640221,555
310620005640222,660
310620005640223,347
310620005640224,740
310620005640225,0
310620005640226,72
310620005640227,319
310620005640228,286
310620005640229,543
310620005640230,131
310620005640231,99
310620005640232,283
310620005640233,447
310620005640234,429
310620005640235,366
310620005640236,659
310620005640237,338
310620005640238,396
310620005640239,296
310620005640240,293
310620005640241,446
310620005640242,416
310620005640243,307
310620005640244,482
310620005640245,405
310620005640246,344
310620005640247,359
310620005640248,377
310620005640249,441
310620005640250,389
310620005640251,488
310620005640252,396
310620005640253,593
310620005640254,482
310620005640255,481
310620005640256,389
310620005640257,620
310620005640258,448
310620005640259,319
310620005640260,366
310620005640261,488
310620005640262,320
310620005640263,422
310620005640264,290
310620005640265,346
310620005640266,407
310620005640267,300
310620005640268,256
310620005640269,355
310620005640270,383
310620005640271,360
310620005640272,407
310620005640273,439
310620005640274,301
310620005640275,553
310620005640276,4
310620005640277,783
310620005640278,625
310620005640279,364
310620005640280,356
310620005640281,374
310620005640282,458
310620005640283,361
310620005640284,312
310620005640285,397
310620005650001,534
310620005650002,287
310620005650003,278
310620005650004,745
310620005650005,581
310620005650006,582
310620005650007,339
310620005650008,392
310620005650009,226
310620005650010,442
310620005650011,409
310620005650012,402
310620005650013,451
310620005650014,532
310620005650016,817
310620005650017,432
310620005650018,459
310620005650019,322
310620005650020,525
310620005650021,298
310620005650022,249
310620005650023,382
310620005650024,540
310620005650026,34
310620005650027,384
310620005650029,720
310620005650030,366
310620005650031,451
310620005650032,581
310620005650033,497
310620005650034,372
310620005650035,559
310620005650036,614
310620005650037,0
310620005650038,389
310620005650039,405
310620005650040,470
310620005650041,695
310620005650042,589
310620005650043,529
310620005650044,429
310620005650045,501
310620005650046,685
310620005650053,466
310620005650054,393
310620005650055,618
310620005650056,193
310620005650057,669
310620005650058,449
310620005650059,529
310620005650060,691
310620005650061,559
310620005650062,264
310620005650063,464
310620005650064,448
310620005650065,224
310620005650066,243
310620005650067,511
310620005650068,647
310620005650069,379
310620005650070,411
310620005650071,408
310620005650072,507
310620005650073,534
310620005650074,382
310620005650075,606
310620005650076,357
310620005650077,312
310620005650078,423
310620005650079,391
310620005650081,156
310620005650082,487
310620005650083,530
310620005650084,280
310620005650085,345
310620005650086,236
310620005650087,445
310620005650088,314
310620005650089,398
310620005650090,419
310620005650091,497
310620005650092,474
310620005650093,311
310620005650094,182
310620005650095,310
310620005650096,417
310620005650097,427
310620005650098,569
310620005650099,602
310620005650101,394
310620005650102,157
310620005650103,605
310620005650104,557
310620005650106,588
310620005650107,152
310620005650108,606
310620005650109,632
310620005650110,531
310620005650114,973
310620005650115,914
310620005650116,540
310620005650117,646
310620005650118,740
310620005650119,910
310620005650120,719
310620005650121,650
310620005650122,438
310620005650123,663
310620005650124,388
310620005650125,464
310620005650126,531
310620005650127,637
310620005650129,511
310620005650130,604
310620005650135,212
310620005650136,563
310620005650138,324
310620005650139,643
310620005650140,0
310620005650141,664
310620005650142,580
310620005650143,797
310620005650145,713
310620005650146,896
310620005650147,766
310620005650148,763
310620005650149,390
310620005650150,689
310620005650151,381
310620005650152,736
310620005650155,568
310620005650156,207
310620005650157,532
310620005650158,611
310620005650159,422
310620005650160,562
310620005650161,574
310620005650162,194
310620005650163,289
310620005650164,662
310620005650165,352
310620005650166,690
310620005650167,616
310620005650168,519
310620005650169,393
310620005650170,415
310620005650171,116
310620005650172,471
310620005650173,482
310620005650174,591
310620005650175,351
310620005650176,30
310620005650177,492
310620005650178,717
310620005650180,410
310620005650181,145
310620005650182,382
310620005650183,579
310620005650184,487
310620005650206,636
310620005650208,332
310620005650209,822
310620005650211,420
310620005650212,728
310620005650213,466
310620005650214,722
310620005650215,350
310620005650217,52
310620005650218,322
310620005650219,653
310620005650220,637
310620005650221,648
310620005650222,575
310620005650223,220
310620005650224,367
310620005650225,550
310620005650226,379
310620005650227,723
310620005650230,564
310620005650231,721
310620005650232,583
310620005650233,629
310620005650234,416
310620005650235,558
310620005650236,641
310620005650237,726
310620005650238,595
310620005650239,628
310620005650241,738
310620005650243,455
310620005650244,546
310620005650246,689
310620005650248,673
310620005650249,609
310620005650251,767
310620005650252,804
310620005650253,695
310620005650254,608
310620005650255,444
310620005650257,498
310620005650259,444
310620005650260,452
310620005650263,743
310620005650268,526
310620005650291,155
310620005650292,249
310620005650312,459
310620005650315,711
310620005650316,481
310620005650317,564
310620005650318,716
310620005650319,721
310620005650320,548
310620005650321,576
310620005650322,502
310620005650324,446
310620005650325,729
310620005650326,501
310620005650327,707
310620005650328,638
310620005650329,534
310620005650330,632
310620005650331,781
310620005650332,528
310620005650333,243
310620005650334,537
310620005650335,1015
310620005650336,613
310620005650337,479
310620005650338,479
310620005650339,632
310620005650340,525
310620005650341,661
310620005650342,683
310620005650343,519
310620005650344,461
310620005650345,303
310620005650346,670
310620005650347,511
310620005650348,151
310620005650349,140
310620005650350,702
310620005650351,710
310620005650352,729
310620005650353,585
310620005650354,237
310620005650355,346
310620005650356,795
310620005650357,728
310620005650358,295
310620005650359,348
310620005650360,394
310620005650361,402
310620005650362,387
310620005650363,446
310620005650364,518
310620005650365,662
310620005650366,518
310620005650367,743
310620005650368,505
310620005650369,374
310620005650370,382
310620005650371,655
310620005650372,352
310620005650373,550
310620005650374,478
310620005650375,314
310620005650376,416
310620005650377,432
310620005650378,391
310620005650379,420
310620005650380,414
310620005650381,491
310620005650382,317
310620005650383,585
310620005650384,328
310620005650385,573
310620005650386,509
310620005650387,370
310620005650388,512
310620005650390,684
310620005650391,673
310620005650392,628
310620005650393,531
310620005650394,620
310620005650395,526
310620005650396,750
310620005650397,559
310620005650398,402
310620005650399,546
310620005650400,640
310620005650401,535
310620005650402,670
310620005650403,339
310620005650404,754
310620005650405,492
310620005650406,536
310620005650407,515
310620005650408,489
310620005650409,476
310620005650410,500
310620005650412,523
310620005650413,678
310620005650414,400
310620005650415,23
310620005650416,54
310620005650417,21
310620005650418,374
310620005650419,542
310620005650420,562
310620005650421,443
310620005650422,403
310620005650423,571
310620005650424,244
310620005650425,131
310620005650426,262
310620005650427,79
310620005650428,233
310620005650429,72
310620005650430,327
310620005650431,321
310620005650432,99
310620005650436,320
310620005650437,492
310620005650438,85
310620005650439,301
310620005650440,419
310620005650441,115
310620005650442,393
310620005650443,219
310620005650444,104
310620005650445,44
310620005650446,65
310620005650447,145
310620005650448,202
310620005650449,530
310620005650450,225
310620005650451,201
310620005650452,108
310620005650453,267
310620005650454,69
310620005650455,263
310620005650456,603
310620005650457,184
310620005650458,46
310620005650459,149
310620005650460,72
310620005650461,48
310620005650462,74
310620005650463,383
310620005650464,172
310620005650466,648
310620005650467,535
310620005650468,303
310620005650470,373
310620005650471,66
310620005650472,57
310620005650473,382
310620005650474,533
310620005650475,73
310620005650476,82
310620005650477,327
310620005650478,91
310620005650479,437
310620005650480,400
310620005650481,164
310620005650482,44
310620005650483,210
310620005650484,18
310620005650486,405
310620005650487,176
310620005650488,384
310620005650489,351
310620005650490,241
310620005650491,560
310620005650504,0
310620005650505,254
310620005650507,3
310620005650508,130
310620005650509,750
310620005650510,556
310620005650511,31
310620005650512,236
310620005650513,345
310620005650514,159
310620005650515,112
310620005650516,205
310620005650517,67
310620005650518,105
310620005650519,88
310620005650520,370
310620005650521,239
310620005650522,237
310620005650523,87
310620005650524,129
310620005650530,307
310620005650548,138
310620005650551,294
310620005650552,178
310620005650553,63
310620005650554,85
310620005650555,26
310620005650556,112
310620005650557,314
310620005650558,106
310620005650559,251
310620005650560,275
310620005650561,161
310620005650562,15
310620005650563,216
310620005650564,117
310620005650565,40
310620005650566,139
310620005650567,38
310620005650568,60
310620005650569,19
310620005650570,163
310620005650571,187
310620005650572,402
310620005650573,431
310620005650574,343
310620005650575,305
310620005650579,192
310620005650580,474
310620005650581,275
310620005650582,409
310620005650583,443
310620005650584,402
310620005650585,355
310620005650586,502
310620005650587,177
310620005650588,571
310620005650589,526
310620005650590,412
310620005650591,356
310620005650592,151
310620005650593,354
310620005650594,309
310620005650595,351
310620005650596,237
310620005650597,315
310620005650598,366
310620005650599,323
310620005650600,486
310620005650601,344
310620005650602,612
310620005650603,299
310620005650604,305
310620005650607,631
310620005650608,489
310620005650609,704
310620005650610,643
310620005650611,644
310620005650612,450
310620005650613,274
310620005650614,678
310620005650615,324
310620005650616,403
310620005650617,80
310620005650618,382
310620005650619,339
310620005650620,248
310620005650621,428
310620005650622,171
310620005650623,228
310620005650624,364
310620005650625,807
310620005650626,447
310620005650627,630
310620005650628,461
310620005650629,352
310620005650630,179
310620005650631,395
310620005650632,396
310620005650633,166
310620005650634,263
310620005650635,537
310620005650636,403
310620005650637,599
310620005650638,408
310620005650639,389
310620005650640,538
310620005650641,481
310620005650642,502
310620005650643,401
310620005650644,454
310620005650645,462
310620005650646,500
310620005650647,453
310620005650648,585
310620005650649,534
310620005650650,382
310620005650651,402
310620005650652,377
310620005650653,450
310620005650654,407
310620005650655,478
310620005650656,364
310620005650657,458
310620005650658,430
310620005650659,411
310620005650660,457
310620005650661,374
310620005650662,375
310620005650663,448
310620005650664,98
310620005650665,568
310620005650666,471
310620005650667,388
310620005650668,368
310620005650669,455
310620005650670,508
310620005650671,435
310620005650672,470
310620005650673,377
310620005650674,226
310620005650675,423
310620005650676,436
310620005650677,374
310620005650678,421
310620005650679,448
310620005650680,413
310620005650681,442
310620005650682,155
310620005650683,382
310620005650684,279
310620005650685,595
310620005650686,347
310620005650687,286
310620005650688,262
310620005650689,435
310620005650690,521
310620005650691,747
310620005650692,501
310620005650693,298
310620005650694,357
310620005650695,315
310620005650696,347
310620005650697,474
310620005650698,423
310620005650699,483
310620005650700,271
310620005650701,392
310620005650702,353
310620005650703,328
310620005650704,152
310620005650705,462
310620005650706,72
310620005650707,1404
310620005650708,220
310620005650709,333
310620005650710,111
310620005650711,524
310620005650712,85
310620005650713,135
310620005650714,268
310620005660001,481
310620005660002,356
310620005660004,234
310620005660005,170
310620005660006,434
310620005660007,842
310620005660008,464
310620005660010,429
310620005660011,172
310620005660013,245
310620005660014,279
310620005660015,194
310620005660016,242
310620005660017,313
310620005660018,292
310620005660019,305
310620005660020,447
310620005660021,476
310620005660022,255
310620005660023,0
310620005670001,683
310620005670002,227
310620005670003,728
310620005670004,374
310620005670005,311
310620005670006,474
310620005670007,547
310620005670008,505
310620005670009,408
310620005670010,587
310620005670013,397
310620005670014,390
310620005670015,853
310620005670016,610
310620005670018,636
310620005670019,511
310620005670020,366
310620005670022,626
310620005670023,440
310620005670024,611
310620005670025,841
310620005670027,704
310620005670028,583
310620005670030,552
310620005670031,598
310620005670033,663
310620005670034,433
310620005670035,639
310620005670036,961
310620005670037,658
310620005670038,648
310620005670039,491
310620005670040,556
310620005670041,316
310620005670042,412
310620005670043,593
310620005670044,164
310620005670045,492
310620005670046,445
310620005670047,483
310620005670048,893
310620005670049,463
310620005670052,432
310620005670053,622
310620005670054,639
310620005670055,491
310620005670056,500
310620005670057,594
310620005670059,602
310620005670060,480
310620005670061,430
310620005670062,587
310620005670063,804
310620005670064,635
310620005670065,346
310620005670067,503
310620005670068,542
310620005670069,645
310620005670071,487
310620005670072,566
310620005670075,392
310620005670076,327
310620005670079,309
310620005670080,616
310620005670082,431
310620005670083,686
310620005670085,393
310620005670086,424
310620005670087,209
310620005670088,490
310620005670089,580
310620005670090,537
310620005670091,646
310620005670092,300
310620005670093,742
310620005670094,655
310620005670095,597
310620005670096,727
310620005670097,817
310620005670098,515
310620005670099,337
310620005670100,673
310620005670101,342
310620005670102,698
310620005670103,843
310620005670104,715
310620005670105,359
310620005670106,455
310620005670107,685
310620005670109,670
310620005670110,652
310620005670111,601
310620005670113,664
310620005670115,429
310620005670116,746
310620005670117,421
310620005670118,620
310620005670119,249
310620005670120,639
310620005670121,464
310620005670122,281
310620005670123,49
310620005670124,247
310620005670125,262
310620005670126,216
310620005670127,581
310620005670128,640
310620005670129,158
310620005670130,616
310620005670131,502
310620005670132,434
310620005670133,303
310620005670134,373
310620005670136,163
310620005670137,259
310620005670138,300
310620005670139,553
310620005670140,482
310620005670141,406
310620005670142,756
310620005670143,327
310620005670144,450
310620005670145,323
310620005670147,334
310620005670148,325
310620005670149,222
310620005670150,591
310620005670151,729
310620005670152,541
310620005670153,640
310620005670155,367
310620005670156,511
310620005670157,675
310620005670158,550
310620005670159,562
310620005670160,372
310620005670161,383
310620005670162,472
310620005670163,308
310620005670164,448
310620005670165,727
310620005670167,816
310620005670168,475
310620005670169,701
310620005670170,288
310620005670171,668
310620005670172,594
310620005670173,391
310620005670174,415
310620005670176,438
310620005670177,620
310620005670178,565
310620005670179,649
310620005670180,618
310620005670181,613
310620005670182,408
310620005670183,460
310620005670187,366
310620005670188,476
310620005670189,305
310620005670190,569
310620005670191,524
310620005670192,14
310620005670193,301
310620005670194,434
310620005670195,562
310620005670196,371
310620005670197,515
310620005670198,455
310620005670199,690
310620005670200,285
310620005670201,412
310620005670202,626
310620005670203,388
310620005670204,333
310620005670205,385
310620005670206,443
310620005670207,396
310620005670208,499
310620005670209,606
310620005670210,635
310620005670211,473
310620005670212,468
310620005670213,49
310620005670214,173
310620005670215,798
310620005670216,675
310620005670217,292
310620005670218,780
310620005670219,105
310620005670220,16
310620005670221,5
310620005670222,94
310620005670224,346
310620005670225,371
310620005670226,579
310620005670227,266
310620005670228,422
310620005670229,293
310620005670230,368
310620005670231,393
310620005670232,370
310620005670233,476
310620005670234,611
310620005670235,694
310620005670236,482
310620005670237,318
310620005670238,645
310620005670239,400
310620005670240,188
310620005670241,252
310620005670242,422
310620005670243,551
310620005670244,208
310620005670245,497
310620005670246,401
310620005670247,461
310620005670248,344
310620005670249,318
310620005670250,272
310620005670251,287
310620005670252,521
310620005670253,529
310620005670254,652
310620005670255,521
310620005670256,269
310620005670257,335
310620005670258,542
310620005670259,234
310620005670260,303
310620005670261,501
310620005670262,392
310620005670263,505
310620005670264,732
310620005670265,352
310620005670266,678
310620005670268,255
310620005670269,483
310620005670270,236
310620005670271,268
310620005670272,328
310620005670273,369
310620005670274,513
310620005670275,223
310620005670276,424
310620005670277,404
310620005670278,413
310620005670279,282
310620005670280,397
310620005670281,289
310620005670282,409
310620005670283,337
310620005670284,232
310620005670285,546
310620005670286,471
310620005670287,361
310620005670288,392
310620005670289,282
310620005670291,370
310620005670292,491
310620005670293,705
310620005670294,497
310620005670295,363
310620005670296,336
310620005670297,340
310620005670298,479
310620005670299,486
310620005670300,340
310620005670301,425
310620005670302,535
310620005670304,415
310620005670305,356
310620005670306,512
310620005670307,591
310620005670308,275
310620005670310,337
310620005670311,464
310620005670312,493
310620005670313,460
310620005670314,514
310620005670316,647
310620005670317,364
310620005670318,533
310620005670319,101
310620005670320,374
310620005670321,161
310620005670322,299
310620005670323,443
310620005670324,238
310620005670325,340
310620005670326,79
310620005670327,178
310620005670328,462
310620005670329,194
310620005670330,58
310620005670331,15
310620005670332,389
310620005670333,294
310620005670334,644
310620005670335,558
310620005670336,235
310620005670337,504
310620005670338,244
310620005670339,545
310620005670340,173
310620005670341,59
310620005670343,324
310620005670344,538
310620005670345,82
310620005670346,52
310620005670347,77
310620005670348,333
310620005670349,420
310620005670350,148
310620005670351,231
310620005670352,638
310620005670353,615
310620005670354,494
310620005670356,180
310620005670357,374
310620005670358,29
310620005670359,70
310620005670360,5
310620005670361,252
310620005670362,461
310620005670363,121
310620005670364,628
310620005670365,645
310620005670366,123
310620005670367,41
310620005670368,179
310620005670369,88
310620005670370,13
310620005670371,122
310620005670372,382
310620005670373,49
310620005670374,31
310620005670375,348
310620005670377,216
310620005670378,9
310620005670379,674
310620005670380,359
310620005670381,402
310620005670382,458
310620005670383,438
310620005670384,452
310620005670385,501
310620005670386,248
310620005670387,242
310620005670388,482
310620005670389,151
310620005670390,368
310620005670391,413
310620005670392,349
310620005670393,154
310620005670394,209
310620005670395,401
310620005670396,617
310620005670397,123
310620005670398,19
310620005670400,320
310620005670401,108
310620005670402,143
310620005670403,18
310620005670404,345
310620005670405,75
310620005670406,491
310620005670407,77
310620005670408,230
310620005670409,510
310620005670410,250
310620005670411,84
310620005670412,524
310620005670413,0
310620005670414,27
310620005670415,211
310620005670416,148
310620005670417,163
310620005670418,187
310620005670419,341
310620005670420,156
310620005670421,338
310620005670422,615
310620005670424,130
310620005670425,221
310620005670426,466
310620005670427,180
310620005670428,117
310620005670429,7
310620005670430,38
310620005670431,823
310620005670432,110
310620005670433,673
310620005670434,63
310620005670435,501
310620005670436,694
310620005670437,334
310620005670438,132
310620005670439,6
310620005670440,479
310620005670441,539
310620005670442,574
310620005670443,309
310620005670444,117
310620005670445,141
310620005670446,184
310620005670447,50
310620005670448,288
310620005670449,764
310620005670450,21
310620005670451,149
310620005670452,42
310620005670453,62
310620005670454,261
310620005670455,121
310620005670456,69
310620005670457,9
310620005670458,205
310620005670459,10
310620005670460,230
310620005670461,457
310620005670462,123
310620005670463,49
310620005670464,274
310620005670465,405
310620005670466,476
310620005670467,259
310620005670468,81
310620005670469,7
310620005670470,0
310620005670471,581
310620005670472,353
310620005670473,141
310620005670474,382
310620005670475,187
310620005670476,260
310620005670477,333
310620005670478,185
310620005670479,306
310620005670480,592
310620005670481,68
310620005670482,0
310620005670483,273
310620005670484,264
310620005670485,233
310620005670486,94
310620005670487,405
310620005670488,150
310620005670489,132
310620005670490,216
310620005670491,531
310620005670492,131
310620005670493,75
310620005670494,390
310620005670495,0
310620005670496,847
310620005670497,612
310620005670498,459
310620005670499,488
310620005670500,472
310620005670501,738
310620005670502,694
310620005670504,553
310620005670505,317
310620005670506,525
310620005670507,508
310620005670508,644
310620005670509,394
310620005670510,385
310620005670512,507
310620005670513,974
310620005670515,408
310620005670516,697
310620005670517,658
310620005670518,267
310620005670519,476
310620005670520,33
310620005670521,667
310620005670522,434
310620005670523,506
310620005670524,804
310620005670525,399
310620005670526,564
310620005670527,58
310620005670528,608
310620005670529,351
310620005670530,931
310620005670531,571
310620005670532,684
310620005670533,304
310620005670534,339
310620005670536,334
310620005670537,386
310620005670539,527
310620005670540,592
310620005670541,686
310620005670542,511
310620005670543,276
310620005670544,565
310620005670545,479
310620005670546,418
310620005670547,565
310620005670548,301
310620005670549,313
310620005670550,279
310620005670551,533
310620005670552,282
310620005670553,273
310620005670554,262
310620005670555,549
310620005670556,367
310620005670557,459
310620005670558,429
310620005670559,331
310620005670560,532
310620005670561,287
310620005670562,294
310620005670563,774
310620005670564,354
310620005670565,316
310620005670566,327
310620005670567,219
310620005670568,284
310620005670569,257
310620005670570,656
310620005670571,544
310620005670572,476
310620005670573,462
310620005670574,382
310620005670576,698
310620005670577,328
310620005670578,394
310620005670579,427
310620005670580,535
310620005670581,357
310620005670582,593
310620005670583,304
310620005670584,471
310620005670585,397
310620005670586,193
310620005670587,524
310620005670588,284
310620005670589,565
310620005670590,298
310620005670591,561
310620005670592,315
310620005670593,682
310620005670594,348
310620005670595,567
310620005670596,773
310620005670597,324
310620005670598,303
310620005670599,413
310620005670600,750
310620005670601,299
310620005670602,664
310620005670603,1323
310620005670604,301
310620005670605,318
310620005670606,606
310620005670607,391
310620005670608,432
310620005670609,287
310620005670610,380
310620005670611,307
310620005670612,444
310620005670613,306
310620005670614,516
310620005670615,380
310620005670616,369
310620005670617,380
310620005670618,471
310620005670619,412
310620005670620,295
310620005670621,253
310620005670622,293
310620005670623,310
310620005670624,563
310620005670625,407
310620005670626,468
310620005670627,561
310620005670628,398
310620005670629,285
310620005670630,452
310620005670631,231
310620005670632,470
310620005670633,312
310620005670634,325
310620005670635,562
310620005670636,430
310620005670637,440
310620005670638,317
310620005670639,320
310620005670640,372
310620005670641,405
310620005670642,307
310620005670643,309
310620005670644,436
310620005670646,181
310620005670647,237
310620005670648,379
310620005670649,252
310620005670650,368
310620005670651,438
310620005670652,307
310620005670653,435
310620005670654,434
310620005670655,186
310620005670656,322
310620005670657,311
310620005670658,327
310620005670659,254
310620005670660,172
310620005670661,271
310620005670662,573
310620005670663,225
310620005670664,337
310620005670665,246
310620005670666,515
310620005670667,350
310620005670668,274
310620005670669,284
310620005670670,244
310620005670671,407
310620005670672,480
310620005670673,621
310620005670674,287
310620005670675,289
310620005670676,369
310620005670677,366
310620005670678,338
310620005670679,429
310620005670680,524
310620005670681,430
310620005670682,462
310620005670683,406
310620005670684,408
310620005670685,558
310620005670686,518
310620005670687,523
310620005670688,390
310620005670689,315
310620005670690,244
310620005670691,393
310620005670692,563
310620005670693,285
310620005670694,333
310620005670695,523
310620005670696,765
310620005670697,543
310620005670698,480
310620005670699,564
310620005670700,431
310620005670701,316
310620005670702,214
310620005670703,255
310620005670704,405
310620005670705,320
310620005670706,483
310620005670707,294
310620005670708,605
310620005670709,573
310620005670710,443
310620005670711,516
310620005670712,546
310620005670713,358
310620005670714,233
310620005670715,489
310620005670716,376
310620005670717,315
310620005670718,301
310620005670719,310
310620005670720,359
310620005670721,486
310620005670722,384
310620005670723,405
310620005670724,420
310620005670725,488
310620005670726,465
310620005670727,499
310620005670728,444
310620005670729,342
310620005670730,322
310620005670731,590
310620005670732,416
310620005670733,556
310620005670734,450
310620005670735,464
310620005670736,461
310620005670737,370
310620005670738,517
310620005670739,439
310620005670740,284
310620005670741,452
310620005670742,441
310620005670743,385
310620005670744,404
310620005670745,455
310620005670746,323
310620005670747,316
310620005670748,263
310620005670749,311
310620005670750,396
310620005670751,458
310620005670752,534
310620005670753,292
310620005670754,301
310620005670755,329
310620005670756,292
310620005670757,429
310620005670758,354
310620005670759,399
310620005670760,436
310620005670761,367
310620005670762,365
310620005670763,443
310620005670764,497
310620005670765,383
310620005670766,289
310620005670767,296
310620005670768,228
310620005670769,362
310620005670770,389
310620005670771,343
310620005670772,441
310620005670773,370
310620005670774,292
310620005670775,664
310620005670776,520
310620005670777,464
310620005670778,334
310620005670779,467
310620005670780,81
310620005670781,574
310620005670782,323
310620005670783,387
310620005670784,359
310620005670785,403
310620005670786,393
310620005670787,472
310620005670788,507
310620005670789,765
310620005670790,506
310620005670791,507
310620005670792,450
310620005670793,355
310620005670794,308
310620005670795,558
310620005670796,407
310620005670797,716
310620005670798,168
310620005670799,453
310620005670800,433
310620005670801,176
310620005670802,277
310620005670803,643
310620005670804,460
310620005670805,108
310620005670806,239
310620005670807,312
310620005670808,343
310620005670809,347
310620005670810,340
310620005670811,151
310620005670812,400
310620005670813,103
310620005670814,60
310620005670815,217
310620005670816,449
310620005670817,117
310620005680001,583
310620005680002,510
310620005680003,0
310620005680004,314
310620005680007,561
310620005680009,680
310620005680010,315
310620005680011,320
310620005680012,209
310620005680013,408
310620005680014,378
310620005680015,195
310620005680016,720
310620005680017,526
310620005680019,406
310620005680021,418
310620005680023,467
310620005680024,478
310620005680025,511
310620005680026,0
310620005680028,523
310620005680029,437
310620005680030,563
310620005680032,0
310620005680034,665
310620005680035,833
310620005680036,473
310620005680037,690
310620005680038,467
310620005680039,677
310620005680040,401
310620005680041,455
310620005680043,347
310620005680044,100
310620005680045,428
310620005680047,0
310620005680048,229
310620005680050,705
310620005680051,592
310620005680054,55
310620005680055,627
310620005680056,399
310620005680057,433
310620005680058,505
310620005680059,461
310620005680060,742
310620005680061,578
310620005680062,382
310620005680063,572
310620005680067,335
310620005680068,503
310620005680069,739
310620005680071,544
310620005680072,833
310620005680073,714
310620005680074,546
310620005680075,461
310620005680076,701
310620005680077,764
310620005680078,804
310620005680079,684
310620005680080,763
310620005680081,631
310620005680082,780
310620005680084,661
310620005680085,613
310620005680086,526
310620005680087,546
310620005680089,593
310620005680093,777
310620005680094,403
310620005680095,554
310620005680096,709
310620005680099,435
310620005680100,196
310620005680101,283
310620005680102,692
310620005680103,186
310620005680104,537
310620005680105,5
310620005680107,504
310620005680108,532
310620005680109,528
310620005680110,622
310620005680111,579
310620005680114,696
310620005680116,673
310620005680117,573
310620005680118,481
310620005680119,747
310620005680121,784
310620005680122,177
310620005680123,741
310620005680124,519
310620005680125,846
310620005680126,437
310620005680127,878
310620005680128,264
310620005680129,575
310620005680130,115
310620005680131,207
310620005680132,334
310620005680133,635
310620005680135,25
310620005680136,182
310620005680137,566
310620005680138,686
310620005680139,108
310620005680142,963
310620005680143,267
310620005680150,696
310620005680152,748
310620005680160,712
310620005680165,371
310620005680166,453
310620005680167,297
310620005680168,252
310620005680170,43
310620005680171,438
310620005680172,87
310620005680173,445
310620005680174,515
310620005680175,649
310620005680178,397
310620005680179,688
310620005680180,473
310620005680181,612
310620005680182,267
310620005680183,346
310620005680184,66
310620005680185,155
310620005680186,302
310620005680187,826
310620005680188,314
310620005680190,676
310620005680191,179
310620005680193,547
310620005680194,101
310620005680195,510
310620005680196,318
310620005680197,572
310620005680198,0
310620005680199,491
310620005680200,70
310620005680201,105
310620005680202,287
310620005680203,88
310620005680204,555
310620005680205,519
310620005680206,651
310620005680207,479
310620005680208,336
310620005680209,530
310620005680211,476
310620005680212,448
310620005680213,652
310620005680214,545
310620005680215,663
310620005680216,503
310620005680217,683
310620005680219,604
310620005680220,638
310620005680221,733
310620005680222,478
310620005680224,487
310620005680225,788
310620005680226,427
310620005680228,185
310620005680229,46
310620005680230,198
310620005680231,132
310620005680232,7
310620005680234,364
310620005680235,0
310620005680236,475
310620005680238,4
310620005680239,292
310620005680240,198
310620005680241,24
310620005680242,790
310620005680243,251
310620005680246,343
310620005680247,507
310620005680248,753
310620005680249,377
310620005680250,753
310620005680251,106
310620005680253,519
310620005680254,556
310620005680255,30
310620005680256,468
310620005680257,95
310620005680258,508
310620005680259,32
310620005680260,589
310620005680261,55
310620005680262,214
310620005680263,54
310620005680264,633
310620005680265,492
310620005680268,309
310620005680269,0
310620005680270,479
310620005680271,737
310620005680272,803
310620005680274,627
310620005680275,355
310620005680276,361
310620005680277,22
310620005680278,707
310620005680279,547
310620005680280,381
310620005680281,511
310620005680282,834
310620005680283,939
310620005680284,588
310620005680286,763
310620005680287,818
310620005680288,674
310620005680289,706
310620005680290,451
310620005680291,526
310620005680292,790
310620005680293,641
310620005680294,596
310620005680295,843
310620005680296,339
310620005680297,510
310620005680298,447
310620005680299,210
310620005680300,407
310620005680301,454
310620005680302,248
310620005680304,523
310620005680307,751
310620005680308,719
310620005680309,956
310620005680310,646
310620005680311,590
310620005680312,624
310620005680313,523
310620005680314,343
310620005680315,909
310620005680316,205
310620005680317,299
310620005680318,417
310620005680319,529
310620005680320,703
310620005680321,616
310620005680322,554
310620005680326,96
310620005680327,132
310620005680328,135
310620005680329,147
310620005680330,493
310620005680331,69
310620005680332,155
310620005680333,234
310620005680334,287
310620005680335,360
310620005680336,609
310620005680337,67
310620005680338,33
310620005680339,161
310620005680340,64
310620005680341,417
310620005680342,193
310620005680343,49
310620005680344,422
310620005680345,155
310620005680346,47
310620005680347,263
310620005680348,157
310620005680349,145
310620005680350,237
310620005680351,50
310620005680353,386
310620005680354,246
310620005680355,354
310620005680356,512
310620005680357,501
310620005680358,565
310620005680359,531
310620005680360,493
310620005680361,551
310620005680362,284
310620005680363,283
310620005680364,465
310620005680365,266
310620005680366,332
310620005680367,394
310620005680369,436
310620005680370,276
310620005680371,321
310620005680372,272
310620005680373,440
310620005680375,589
310620005680376,533
310620005680377,575
310620005680378,343
310620005680379,563
310620005680380,483
310620005680381,361
310620005680382,369
310620005680383,708
310620005680384,689
310620005680385,0
310620005680386,0
310620005680387,426
310620005680388,315
310620005680389,539
310620005680390,592
310620005680391,331
310620005680392,282
310620005680393,333
310620005680394,230
310620005680395,550
310620005680396,446
310620005680397,552
310620005680398,362
310620005680399,769
310620005680402,230
310620005680403,341
310620005680404,385
310620005680405,456
310620005680406,425
310620005680407,433
310620005680408,389
310620005680409,366
310620005680410,364
310620005680411,351
310620005680412,449
310620005680413,322
310620005680414,376
310620005680415,502
310620005680416,363
310620005680417,504
310620005680418,387
310620005680419,425
310620005680420,325
310620005680421,434
310620005680422,601
310620005680423,564
310620005680424,232
310620005680425,684
310620005680426,465
310620005680427,519
310620005680428,445
310620005680429,420
310620005680430,468
310620005680431,331
310620005680432,243
310620005680433,374
310620005680434,556
310620005680435,469
310620005680436,239
310620005680437,505
310620005680438,457
310620005680439,594
310620005680440,679
310620005680441,215
310620005680442,779
310620005680443,504
310620005680444,607
310620005680445,612
310620005680446,426
310620005680447,408
310620005680448,619
310620005680449,516
310620005680450,459
310620005680451,430
310620005680452,409
310620005680453,469
310620005680454,556
310620005680455,612
310620005680456,674
310620005680457,425
310620005680458,474
310620005680459,468
310620005680460,11
310620005680461,415
310620005680462,370
310620005680463,480
310620005680464,469
310620005680465,474
310620005680466,242
310620005680467,366
310620005680468,445
310620005680469,378
310620005680470,307
310620005680471,367
310620005680472,644
310620005680473,320
310620005680474,396
310620005680475,347
310620005680476,425
310620005680477,460
310620005680478,434
310620005680479,563
310620005680480,572
310620005680481,331
310620005680482,410
310620005680483,621
310620005680484,493
310620005680485,302
310620005680486,301
310620005680487,641
310620005680488,416
310620005680489,440
310620005680490,511
310620005680491,524
310620005680492,568
310620005680493,407
310620005680494,559
310620005680495,322
310620005680496,392
310620005680497,510
310620005680498,508
310620005680499,325
310620005680500,377
310620005680501,407
310620005680502,378
310620005680503,360
310620005680504,437
310620005680505,307
310620005680506,606
310620005680507,453
310620005680508,497
310620005680509,582
310620005680510,578
310620005680511,794
310620005680512,729
310620005680513,944
310620005680514,636
310620005680515,204
310620005680516,368
310620005680517,597
310620005680518,645
310620005680519,279
310620005680520,560
310620005680521,305
310620005680522,245
310620005680523,322
310620005680524,481
310620005680525,385
310620005680526,554
310620005680527,294
310620005680528,451
310620005680529,184
310620005680530,403
310620005680531,367
310620005680532,314
310620005680533,640
310620005680534,450
310620005680535,597
310620005680536,513
310620005680537,412
310620005680538,397
310620005680539,475
310620005680540,573
310620005680541,388
310620005680542,296
310620005680543,407
310620005680544,282
310620005680545,220
310620005680546,887
310620005680547,334
310620005680548,558
310620005680549,109
310620005690001,593
310620005690002,1107
310620005690003,659
310620005690004,732
310620005690005,90
310620005690006,498
310620025610003,671
310620025610004,696
310620025610005,789
310620025610006,878
310620025610007,509
310620025610013,436
310620025610015,400
310620025610016,582
310620025610017,793
310620025610021,44
310620025610022,433
310620025610023,599
310620025610024,665
310620025610025,283
310620025610026,698
310620025610027,750
310620025610028,453
310620025610029,683
310620025610030,641
310620025610031,528
310620025610032,546
310620025610034,861
310620025610035,765
310620025610037,810
310620025610039,1032
310620025610040,796
310620025610043,262
310620025610045,599
310620025610047,585
310620025610049,729
310620025610051,528
310620025610052,572
310620025610053,693
310620025610054,687
310620025610055,465
310620025610056,620
310620025610058,793
310620025610059,772
310620025610060,463
310620025610061,616
310620025610062,823
310620025610063,762
310620025610064,629
310620025610066,967
310620025610067,1201
310620025610068,593
310620025610070,216
310620025610071,664
310620025610072,488
310620025610073,511
310620025610074,397
310620025610075,174
310620025610077,641
310620025610078,601
310620025610079,623
310620025610080,655
310620025610082,466
310620025610083,623
310620025610086,721
310620025610088,734
310620025610090,29
310620025610091,762
310620025610092,708
310620025610093,800
310620025610094,1025
310620025610095,693
310620025610096,338
310620025610097,547
310620025610098,288
310620025610099,846
310620025610100,280
310620025610101,426
310620025610102,712
310620025610103,411
310620025610104,377
310620025610106,494
310620025610107,570
310620025610108,525
310620025610111,580
310620025610114,415
310620025610115,185
310620025610117,810
310620025610118,870
310620025610119,939
310620025610120,37
310620025610121,215
310620025610122,383
310620025610123,546
310620025610124,577
310620025610126,672
310620025610127,608
310620025610128,685
310620025610129,910
310620025610130,851
310620025610131,643
310620025610133,413
310620025610134,713
310620025610135,697
310620025610136,598
310620025610137,731
310620025610138,635
310620025610140,529
310620025610141,260
310620025610142,975
310620025610143,0
310620025610144,450
310620025610145,671
310620025610146,498
310620025610147,374
310620025610148,259
310620025610149,398
310620025610150,764
310620025610151,341
310620025610152,467
310620025610153,475
310620025610154,700
310620025610156,532
310620025610157,963
310620025610158,743
310620025610161,169
310620025610162,849
310620025610163,880
310620025610164,626
310620025610165,755
310620025610166,442
310620025610167,304
310620025610168,382
310620025610169,706
310620025610170,689
310620025610171,739
310620025610172,612
310620025610173,629
310620025610174,653
310620025610175,448
310620025610176,85
310620025610177,51
310620025610178,243
310620025610179,481
310620025610181,602
310620025610182,681
310620025610183,434
310620025610184,340
310620025610185,191
310620025610186,989
310620025610187,662
310620025610188,0
310620025610189,553
310620025610190,541
310620025610191,497
310620025610192,676
310620025610193,560
310620025610194,443
310620025610196,791
310620025610197,704
310620025610198,604
310620025610199,552
310620025610200,432
310620025610201,612
310620025610202,600
310620025610205,198
310620025610206,632
310620025610207,373
310620025610208,546
310620025610209,806
310620025610212,776
310620025610213,307
310620025610215,385
310620025610216,531
310620025610217,404
310620025610218,283
310620025610219,684
310620025610220,377
310620025610221,901
310620025610222,562
310620025610223,670
310620025610224,763
310620025610226,462
310620025610228,698
310620025610230,692
310620025610234,882
310620025610235,744
310620025610236,546
310620025610237,371
310620025610238,448
310620025610241,448
310620025610242,525
310620025610243,334
310620025610244,377
310620025610245,439
310620025610246,472
310620025610247,438
310620025610248,96
310620025610250,434
310620025610251,665
310620025610252,809
310620025610253,433
310620025610254,726
310620025610256,580
310620025610257,560
310620025610258,544
310620025610259,634
310620025610260,556
310620025610261,578
310620025610262,631
310620025610263,229
310620025610264,545
310620025610265,734
310620025610267,379
310620025610270,604
310620025610271,385
310620025610272,623
310620025610273,447
310620025610274,494
310620025610275,646
310620025610276,0
310620025610277,623
310620025610278,394
310620025610279,311
310620025610280,831
310620025610281,277
310620025610282,251
310620025610283,170
310620025610284,425
310620025610285,931
310620025610286,857
310620025610288,257
310620025610289,759
310620025610290,574
310620025610291,215
310620025610293,799
310620025610294,624
310620025610295,532
310620025610296,483
310620025610297,147
310620025610298,244
310620025610299,485
310620025610300,366
310620025610301,589
310620025610302,315
310620025610303,755
310620025610304,782
310620025610305,509
310620025610306,409
310620025610307,318
310620025610308,1000
310620025610309,555
310620025610311,223
310620025610312,171
310620025610313,1000
310620025610314,339
310620025610315,624
310620025610316,36
310620025610317,95
310620025610318,169
310620025610319,222
310620025610320,440
310620025610321,415
310620025610322,598
310620025610323,178
310620025610324,198
310620025610325,649
310620025610326,572
310620025610327,494
310620025610328,166
310620025610329,466
310620025610330,514
310620025610331,892
310620025610332,634
310620025610335,722
310620025610336,1162
310620025610337,564
310620025610338,297
310620025610339,814
310620025610340,93
310620025610341,35
310620025610343,594
310620025610344,521
310620025610345,23
310620025610346,360
310620025610347,436
310620025610348,241
310620025610349,465
310620025610350,336
310620025610352,610
310620025610353,553
310620025610354,635
310620025610355,232
310620025610356,74
310620025610357,274
310620025610358,156
310620025610359,621
310620025610360,885
310620025610361,557
310620025610362,101
310620025610363,139
310620025610364,454
310620025610366,535
310620025610367,135
310620025610368,127
310620025610369,103
310620025610370,191
310620025610371,529
310620025610372,546
310620025610373,379
310620025610374,781
310620025610375,125
310620025610376,365
310620025610377,131
310620025610378,87
310620025610379,195
310620025610380,121
310620025610381,322
310620025610382,98
310620025610383,235
310620025610384,279
310620025610385,426
310620025610386,446
310620025610387,584
310620025610388,503
310620025610389,456
310620025610390,299
310620025610391,89
310620025610392,212
310620025610393,156
310620025610394,667
310620025610395,287
310620025610396,0
310620025610397,364
310620025610398,289
310620025610399,534
310620025610400,456
310620025610401,213
310620025610402,940
310620025610403,218
310620025610404,589
310620025610405,682
310620025610406,819
310620025610407,360
310620025610409,422
310620025610410,527
310620025610411,683
310620025610412,99
310620025610413,107
310620025610414,680
310620025610415,705
310620025610416,194
310620025610417,725
310620025610418,66
310620025610419,206
310620025610420,264
310620025610421,730
310620025610425,441
310620025610426,524
310620025610427,99
310620025610428,145
310620025610429,280
310620025610430,176
310620025610431,133
310620025610433,881
310620025610434,420
310620025610435,1116
310620025610436,715
310620025610437,427
310620025610439,852
310620025610440,489
310620025610441,532
310620025610442,439
310620025610443,582
310620025610444,568
310620025610445,592
310620025610446,396
310620025610447,546
310620025610449,414
310620025610452,503
310620025610453,560
310620025610454,554
310620025610455,495
310620025610456,637
310620025610457,357
310620025610458,169
310620025610459,315
310620025610460,477
310620025610461,479
310620025610462,589
310620025610463,450
310620025610464,442
310620025610465,307
310620025610466,339
310620025610467,466
310620025610468,622
310620025610469,345
310620025610470,489
310620025610471,856
310620025610472,512
310620025610473,663
310620025610474,887
310620025610477,376
310620025610478,482
310620025610479,568
310620025610480,335
310620025610481,449
310620025610482,427
310620025610483,391
310620025610484,455
310620025610485,403
310620025610486,396
310620025610487,44
310620025610488,396
310620025610489,177
310620025610490,665
310620025610491,516
310620025610492,381
310620025610493,585
310620025610494,613
310620025610495,547
310620025610496,525
310620025610497,741
310620025610498,346
310620025610499,489
310620025610500,302
310620025610501,530
310620025610502,467
310620025610503,544
310620025610504,587
310620025610505,479
310620025610506,418
310620025610507,536
310620025610508,390
310620025610509,489
310620025610510,444
310620025610511,516
310620025610512,459
310620025610513,379
310620025610514,390
310620025610515,501
310620025610516,441
310620025610517,562
310620025610518,562
310620025610519,470
310620025610520,343
310620025610521,532
310620025610522,363
310620025610523,380
310620025610524,446
310620025610525,555
310620025610526,556
310620025610527,376
310620025610528,401
310620025610529,487
310620025610530,567
310620025610531,452
310620025610532,557
310620025610533,486
310620025610534,717
310620025610535,434
310620025610536,426
310620025610537,475
310620025610538,491
310620025610539,535
310620025610540,379
310620025610541,401
310620025610542,385
310620025610543,401
310620025610544,538
310620025610545,399
310620025610546,510
310620025610547,422
310620025610548,583
310620025610549,309
310620025610550,421
310620025610551,488
310620025610552,557
310620025610553,455
310620025610554,570
310620025610555,525
310620025610556,439
310620025610557,666
310620025610558,388
310620025610559,413
310620025610560,514
310620025610561,308
310620025610562,397
310620025610563,418
310620025610564,302
310620025610565,419
310620025610566,387
310620025610567,461
310620025610568,601
310620025610569,391
310620025610570,453
310620025610571,412
310620025610572,467
310620025610573,304
310620025610574,313
310620025610575,478
310620025610576,401
310620025610577,321
310620025610578,521
310620025610579,671
310620025610580,360
310620025610581,335
310620025610582,356
310620025610583,403
310620025610584,317
310620025610585,423
310620025610586,287
310620025610587,372
310620025610588,537
310620025610589,514
310620025610590,417
310620025610591,304
310620025610592,615
310620025610593,508
310620025610594,436
310620025610595,471
310620025610596,378
310620025610597,352
310620025610598,431
310620025610599,377
310620025610600,411
310620025610601,483
310620025610602,299
310620025610603,548
310620025610604,579
310620025610605,536
310620025610606,474
310620025610607,377
310620025610608,411
310620025610609,501
310620025610610,594
310620025610611,489
310620025610612,471
310620025610613,314
310620025610614,411
310620025610615,413
310620025610616,555
310620025610617,595
310620025610618,659
310620025610619,595
310620025610620,729
310620025610621,477
310620025610622,736
310620025610623,200
310620025610624,393
310620025610625,565
310620025610626,347
310620025610627,432
310620025610628,72
310620025610629,184
310620025610630,714
310620025610631,781
310620025610632,338
310620025610633,366
310620025610634,582
310620025610635,616
310620025610636,320
310620025610637,395
310620025610638,348
310620025610639,284
310620025610640,397
310620025610641,527
310620025610642,340
310620025610643,219
310620025610644,2
310620025610645,561
310620025610646,419
310620025610647,419
310620025610648,90
310620025610649,1076
310620025670001,218
310620025670002,128
310620025670003,109
310620025670004,85
310620025670005,160
310620025670006,12
310620060640002,511
310620060640004,358
310620060640005,613
310620060640006,568
310620060640007,659
310620060640008,248
310620060640009,597
310620060640010,662
310620060640011,550
310620060640012,561
310620060640014,71
310620060640015,544
310620060640016,617
310620060640017,672
310620060640018,774
310620060640019,734
310620060640020,668
310620060640021,607
310620060640022,794
310620060640023,871
310620060640024,433
310620060640025,580
310620060640027,704
310620060640028,694
310620060640029,248
310620060640030,728
310620060640031,542
310620060640033,619
310620060640035,827
310620060640036,543
310620060640037,736
310620060640038,997
310620060640039,954
310620060640040,425
310620060640041,726
310620060640042,61
310620060640043,504
310620060640044,685
310620060640045,451
310620060640047,552
310620060640048,508
310620060640049,721
310620060640050,457
310620060640051,851
310620060640052,661
310620060640053,249
310620060640054,927
310620060640055,916
310620060640056,798
310620060640057,575
310620060640058,810
310620060640059,1063
310620060640060,575
310620060640061,671
310620060640062,705
310620060640063,557
310620060640064,678
310620060640065,710
310620060640066,846
310620060640067,851
310620060640068,612
310620060640070,574
310620060640071,663
310620060640072,696
310620060640073,745
310620060640074,659
310620060640075,627
310620060640076,917
310620060640077,690
310620060640078,537
310620060640079,618
310620060640080,643
310620060640081,642
310620060640082,382
310620060640083,859
310620060640084,810
310620060640085,768
310620060640086,628
310620060640087,696
310620060640089,616
310620060640090,596
310620060640091,446
310620060640092,567
310620060640093,655
310620060640094,852
310620060640095,465
310620060640096,928
310620060640097,991
310620060640098,636
310620060640099,819
310620060640100,843
310620060640101,609
310620060640102,513
310620060640103,714
310620060640104,634
310620060640105,792
310620060640106,523
310620060640107,700
310620060640108,445
310620060640109,784
310620060640111,603
310620060640112,721
310620060640113,677
310620060640114,661
310620060640115,485
310620060640116,282
310620060640117,489
310620060640118,506
310620060640119,558
310620060640120,482
310620060640121,593
310620060640122,726
310620060640123,951
310620060640124,665
310620060640125,480
310620060640126,638
310620060640127,838
310620060640128,596
310620060640129,957
310620060640130,629
310620060640131,103
310620060640132,151
310620060640133,198
310620060640135,567
310620060640136,80
310620060640137,308
310620060640138,531
310620060640139,362
310620060640140,724
310620060640141,75
310620060640142,681
310620060640143,591
310620060640144,501
310620060640145,537
310620060640146,179
310620060640147,682
310620060640148,621
310620060640149,0
310620060640150,399
310620060640151,242
310620060640152,668
310620060640153,616
310620060640154,388
310620060640155,618
310620060640156,138
310620060640157,58
310620060640158,111
310620060640159,214
310620060640161,770
310620060640162,119
310620060640164,112
310620060640165,192
310620060640166,239
310620060640167,308
310620060640168,326
310620060640169,407
310620060640170,178
310620060640171,159
310620060640172,902
310620060640173,26
310620060640174,113
310620060640175,73
310620060640176,114
310620060640177,510
310620060640178,463
310620060640179,457
310620060640180,886
310620060640181,92
310620060640182,694
310620060640183,534
310620060640184,788
310620060640185,258
310620060640186,927
310620060640187,729
310620060640188,96
310620060640189,628
310620060640190,322
310620060640191,668
310620060640192,334
310620060640193,542
310620060640194,170
310620060640195,749
310620060640196,898
310620060640197,72
310620060640198,430
310620060640199,222
310620060640200,461
310620060640201,115
310620060640202,33
310620060640203,368
310620060640204,444
310620060640205,519
310620060640206,534
310620060640207,379
310620060640208,134
310620060640209,511
310620060640210,212
310620060640212,19
310620060640213,811
310620060640214,174
310620060640215,657
310620060640216,441
310620060640217,401
310620060640218,631
310620060640220,120
310620060640221,637
310620060640222,669
310620060640223,697
310620060640224,633
310620060640226,444
310620060640227,368
310620060640228,470
310620060640229,468
310620060640230,284
310620060640231,429
310620060640233,563
310620060640234,886
310620060640235,574
310620060640236,519
310620060640237,459
310620060640238,590
310620060640239,435
310620060640240,666
310620060640241,351
310620060640242,564
310620060640243,597
310620060640244,509
310620060640245,418
310620060640246,542
310620060640247,558
310620060640248,411
310620060640249,419
310620060640250,460
310620060640251,452
310620060640252,493
310620060640253,457
310620060640254,608
310620060640255,406
310620060640256,524
310620060640257,431
310620060640258,538
310620060640259,656
310620060640260,573
310620060640261,394
310620060640262,402
310620060640263,574
310620060640264,549
310620060640265,571
310620060640266,674
310620060640269,875
310620060640270,666
310620060640271,528
310620060640272,267
310620060640273,480
310620060640274,711
310620060640275,302
310620060640276,305
310620060640277,266
310620060640278,433
310620060640279,246
310620060640280,338
310620060640281,356
310620060640282,421
310620060640283,411
310620060640284,144
310620060640285,516
310620060640288,725
310620060640289,1146
310620060640291,540
310620060640292,487
310620060640293,377
310620060640294,545
310620060640296,516
310620060640297,661
310620060640298,431
310620060640299,596
310620060640300,368
310620060640301,502
310620060640302,390
310620060640303,468
310620060640304,467
310620060640305,178
310620060640306,266
310620060640307,436
310620060640308,268
310620060640309,534
310620060640310,512
310620060640311,493
310620060640312,494
310620060640313,734
310620060640314,480
310620060640315,332
310620060640316,293
310620060640317,256
310620060640318,324
310620060640319,311
310620060640320,268
310620060640321,613
310620060640322,407
310620060640323,349
310620060640324,362
310620060640325,462
310620060640326,407
310620060640327,156
310620060640328,614
310620060640329,280
310620060640330,582
310620060640331,355
310620060640332,278
310620060640333,298
310620060640334,148
310620060640335,16
310620060640336,779
310620060640337,166
310620060640338,511
310620060640339,719
310620060640340,902
310620060640341,953
310620060640342,382
310620060640343,548
310620060660001,478
310620060660002,1013
310620060660003,588
310620060660004,629
310620060660005,841
310620060660006,728
310620060660007,513
310620060660008,546
310620060660009,973
310620060660010,729
310620060660011,233
310620060660012,250
310620060660013,917
310620060660014,639
310620060660015,720
310620060660016,804
310620060660017,809
310620060660018,726
310620060660019,913
310620060660020,534
310620060660021,498
310620060660022,563
310620060660023,569
310620060660024,761
310620060660025,538
310620060660026,719
310620060660027,553
310620060660028,310
310620060660029,799
310620060660030,486
310620060660031,709
310620060660032,633
310620060660033,441
310620060660034,735
310620060660035,751
310620060660036,677
310620060660039,895
310620060660040,547
310620060660042,482
310620060660043,788
310620060660044,753
310620060660045,842
310620060660047,743
310620060660048,803
310620060660049,807
310620060660050,650
310620060660051,386
310620060660053,507
310620060660054,541
310620060660055,614
310620060660056,315
310620060660057,574
310620060660058,909
310620060660059,793
310620060660060,377
310620060660061,614
310620060660062,360
310620060660063,758
310620060660064,822
310620060660065,741
310620060660066,1428
310620060660067,580
310620060660068,496
310620060660069,752
310620060660070,559
310620060660071,538
310620060660072,504
310620060660073,736
310620060660075,666
310620060660076,780
310620060660077,875
310620060660079,620
310620060660080,891
310620060660081,906
310620060660082,669
310620060660083,1063
310620060660084,856
310620060660085,836
310620060660086,619
310620060660087,747
310620060660088,624
310620060660089,581
310620060660090,547
310620060660091,583
310620060660093,827
310620060660094,621
310620060660095,796
310620060660097,686
310620060660098,393
310620060660100,599
310620060660101,842
310620060660102,758
310620060660103,989
310620060660104,0
310620060660105,629
310620060660106,615
310620060660107,826
310620060660108,644
310620060660109,623
310620060660110,447
310620060660111,627
310620060660112,131
310620060660113,414
310620060660114,525
310620060660115,949
310620060660116,808
310620060660117,568
310620060660119,744
310620060660120,1030
310620060660121,867
310620060660122,568
310620060660123,111
310620060660124,891
310620060660125,456
310620060660126,385
310620060660127,135
310620060660128,694
310620060660129,718
310620060660130,438
310620060660139,604
310620060660141,691
310620060660142,408
310620060660143,551
310620060660144,644
310620060660145,541
310620060660146,1030
310620060660147,355
310620060660148,556
310620060660150,493
310620060660151,615
310620060660152,731
310620060660153,750
310620060660154,796
310620060660155,545
310620060660156,723
310620060660157,668
310620060660159,425
310620060660160,519
310620060660161,472
310620060660162,336
310620060660163,481
310620060660164,783
310620060660165,465
310620060660166,1265
310620060660167,614
310620060660168,911
310620060660169,462
310620060660170,617
310620060660171,495
310620060660174,999
310620060660175,561
310620060660176,837
310620060660177,1020
310620060660178,600
310620060660179,670
310620060660180,807
310620060660181,1140
310620060660182,607
310620060660183,805
310620060660184,791
310620060660185,625
310620060660186,34
310620060660187,395
310620060660188,7
310620060660189,284
310620060660190,827
310620060660191,797
310620060660193,507
310620060660194,943
310620060660195,437
310620060660196,299
310620060660197,201
310620060660198,380
310620060660199,503
310620060660200,96
310620060660201,336
310620060660202,261
310620060660203,930
310620060660204,246
310620060660205,137
310620060660206,885
310620060660207,556
310620060660208,195
310620060660209,156
310620060660211,346
310620060660212,284
310620060660213,357
310620060660214,824
310620060660215,254
310620060660217,488
310620060660218,602
310620060660219,434
310620060660220,646
310620060660221,404
310620060660222,103
310620060660223,98
310620060660224,779
310620060660225,184
310620060660226,544
310620060660227,101
310620060660228,153
310620060660229,94
310620060660230,400
310620060660231,358
310620060660232,318
310620060660233,200
310620060660234,206
310620060660235,135
310620060660236,200
310620060660237,224
310620060660238,105
310620060660239,345
310620060660240,427
310620060660241,212
310620060660242,294
310620060660243,379
310620060660244,113
310620060660246,205
310620060660247,806
310620060660248,831
310620060660249,328
310620060660250,254
310620060660251,626
310620060660252,430
310620060660253,628
310620060660254,119
310620060660255,287
310620060660256,189
310620060660258,797
310620060660259,581
310620060660260,381
310620060660261,416
310620060660262,669
310620060660263,682
310620060660264,875
310620060660265,678
310620060660266,664
310620060660267,548
310620060660268,528
310620060660269,244
310620060660270,556
310620060660271,864
310620060660272,603
310620060660273,796
310620060660274,854
310620060660275,611
310620060660276,470
310620060660277,598
310620060660278,68
310620060660279,55
310620060660280,520
310620060660281,560
310620060660282,575
310620060660283,609
310620060660284,418
310620060660285,576
310620060660286,734
310620060660287,616
310620060660288,787
310620060660289,746
310620060660293,463
310620060660294,721
310620060660295,811
310620060660296,150
310620060660298,248
310620060660299,498
310620060660300,573
310620060660301,823
310620060660302,530
310620060660303,846
310620060660304,125
310620060660305,171
310620060660306,68
310620060660307,19
310620060660308,48
310620060660309,108
310620060660310,85
310620060660311,102
310620060660312,45
310620060660313,64
310620060660314,90
310620060660315,69
310620060660316,5
310620060660317,87
310620060660318,114
310620060660319,283
310620060660320,96
310620060660321,89
310620060660322,177
310620060660323,607
310620060660324,0
310620060660327,563
310620060660328,569
310620060660329,498
310620060660330,412
310620060660331,391
310620060660332,451
310620060660333,625
310620060660334,724
310620060660335,693
310620060660336,505
310620060660338,544
310620060660339,570
310620060660340,623
310620060660341,424
310620060660342,464
310620060660343,375
310620060660344,520
310620060660345,661
310620060660346,542
310620060660347,465
310620060660348,306
310620060660349,422
310620060660350,501
310620060660351,417
310620060660352,402
310620060660353,529
310620060660354,556
310620060660355,525
310620060660356,724
310620060660357,431
310620060660358,638
310620060660359,475
310620060660360,518
310620060660361,675
310620060660362,366
310620060660363,1045
310620060660364,545
310620060660365,80
310620060660366,487
310620060660367,751
310620060660368,373
310620060660369,148
310620060660370,37
310620060660371,346
310620060660372,357
310620060660373,464
310620060660374,748
310620060660376,640
310620060660377,2
310620060660378,0
310620060660379,153
310620060660380,380
310620060660381,140
310620060660382,381
310620060660383,228
310620060660384,330
310620060660385,298
310620060660386,402
310620060660387,359
310620060660388,487
310620060660389,396
310620060660390,492
310620060660391,355
310620060660393,272
310620060660395,130
310620060660396,308
310620060660397,176
310620060660398,507
310620060660399,551
310620060660400,446
310620060660401,631
310620060660402,514
310620060660403,625
310620060660404,364
310620060660405,357
310620060660406,484
310620060660407,641
310620060660408,522
310620060660409,491
310620060660410,599
310620060660411,600
310620060660412,495
310620060660413,423
310620060660414,422
310620060660415,484
310620060660416,586
310620060660417,390
310620060660418,484
310620060660419,457
310620060660420,384
310620060660421,510
310620060660422,487
310620060660423,422
310620060660424,286
310620060660425,801
310620060660426,355
310620060660427,420
310620060660428,535
310620060660429,447
310620060660430,513
310620060660431,233
310620060660432,313
310620060660433,132
310620060660434,205
310620060660435,3
310620060660436,56
310620060660437,679
310620060660438,430
310620060660439,483
310620060660440,653
310620060660441,309
310620060660442,370
310620060680001,369
310620060680002,572
310620060680003,467
310620060680004,356
310620060680005,406
310620060680006,558
310620060680007,568
310620060680008,511
310620060680009,418
310620060680010,539
310620060680011,387
310620060680012,563
310620060680013,380
310620060680014,453
310620060680015,468
310620060680016,506
310620060680018,560
310620060680019,435
310620060680020,597
310620060680021,415
310620060680022,523
310620060680023,484
310620060680024,236
310620060680025,425
310620060680026,453
310620060680027,558
310620060680028,559
310620060680029,368
310620060680030,473
310620060680031,459
310620060680032,341
310620060680033,352
310620060680035,603
310620060680036,592
310620060680037,225
310620060680038,5
310620060680039,634
310620060680040,755
310620060680041,350
310620060680042,470
310620060680043,495
310620060680044,502
310620060680045,311
310620060680046,172
310620060680048,207
310620060680049,421
310620060680050,434
310620060680051,772
310620060680052,604
310620060680053,373
310620060680056,486
310620060680057,53
310620060680058,567
310620060680059,483
310620060680061,91
310620060680062,333
310620060680063,494
310620060680064,220
310620060680066,477
310620060680067,504
310620060680068,371
310620060680069,441
310620060680071,296
310620060680072,696
310620060680073,465
310620060680074,336
310620060680075,413
310620060680076,518
310620060680077,452
310620060680078,425
310620060680079,362
310620060680080,437
310620060680081,267
310620060680082,366
310620060680083,469
310620060680084,544
310620060680085,519
310620060680086,203
310620060680088,451
310620060680090,422
310620060680091,410
310620060680092,383
310620060680093,448
310620060680094,301
310620060680095,430
310620060680096,217
310620060680097,622
310620060680098,357
310620060680099,397
310620060680100,449
310620060680101,146
310620060680102,706
310620060680103,399
310620060680104,491
310620060690001,814
310620060690002,407
310620060690003,573
310620060690004,500
310620060690005,789
310620060690006,639
310620060690007,224
310620060690008,597
310620060690009,847
310620060690011,508
310620060690012,728
310620060690014,570
310620060690015,427
310620060690016,416
310620060690017,705
310620060690018,293
310620060690019,710
310620060690020,715
310620060690021,601
310620060690022,617
310620060690023,605
310620060690024,276
310620060690025,837
310620060690026,582
310620060690027,576
310620060690028,647
310620060690029,752
310620060690030,529
310620060690031,577
310620060690032,280
310620060690033,559
310620060690034,890
310620060690035,635
310620060690036,833
310620060690037,438
310620060690038,677
310620060690040,490
310620060690041,795
310620060690042,585
310620060690044,349
310620060690045,589
310620060690046,711
310620060690047,668
310620060690048,904
310620060690049,713
310620060690050,437
310620060690051,573
310620060690053,811
310620060690054,652
310620060690055,503
310620060690056,246
310620060690057,652
310620060690058,806
310620060690059,642
310620060690060,545
310620060690061,622
310620060690062,725
310620060690063,784
310620060690064,824
310620060690065,538
310620060690068,463
310620060690069,404
310620060690071,596
310620060690072,364
310620060690073,695
310620060690075,542
310620060690076,151
310620060690077,105
310620060690079,522
310620060690080,604
310620060690081,532
310620060690082,715
310620060690083,226
310620060690084,522
310620060690085,588
310620060690087,124
310620060690088,778
310620060690090,561
310620060690091,1045
310620060690092,868
310620060690093,802
310620060690095,438
310620060690096,762
310620060690097,466
310620060690098,680
310620060690099,491
310620060690100,569
310620060690102,807
310620060690103,1010
310620060690104,1049
310620060690105,321
310620060690106,476
310620060690109,186
310620060690110,723
310620060690111,424
310620060690112,707
310620060690113,118
310620060690114,656
310620060690115,649
310620060690116,612
310620060690117,585
310620060690118,491
310620060690120,518
310620060690121,570
310620060690123,696
310620060690124,484
310620060690125,707
310620060690126,793
310620060690127,568
310620060690129,496
310620060690130,338
310620060690131,513
310620060690132,583
310620060690133,450
310620060690134,677
310620060690135,730
310620060690137,662
310620060690138,573
310620060690140,556
310620060690141,847
310620060690142,504
310620060690143,266
310620060690144,610
310620060690145,671
310620060690146,803
310620060690147,571
310620060690148,518
310620060690149,601
310620060690150,559
310620060690151,542
310620060690152,944
310620060690153,434
310620060690154,448
310620060690155,516
310620060690157,244
310620060690158,120
310620060690159,586
310620060690160,554
310620060690161,621
310620060690162,793
310620060690163,790
310620060690164,721
310620060690165,506
310620060690166,332
310620060690167,511
310620060690168,674
310620060690169,736
310620060690170,726
310620060690172,466
310620060690173,746
310620060690174,612
310620060690175,732
310620060690176,708
310620060690177,657
310620060690178,610
310620060690179,731
310620060690180,878
310620060690181,710
310620060690182,550
310620060690183,804
310620060690184,1030
310620060690185,858
310620060690186,646
310620060690187,382
310620060690188,281
310620060690189,542
310620060690190,364
310620060690191,484
310620060690192,442
310620060690193,682
310620060690194,780
310620060690195,638
310620060690196,854
310620060690197,924
310620060690199,777
310620060690200,853
310620060690201,820
310620060690202,624
310620060690203,458
310620060690205,553
310620060690206,813
310620060690207,830
310620060690208,418
310620060690209,657
310620060690210,722
310620060690211,562
310620060690212,913
310620060690213,711
310620060690214,810
310620060690215,705
310620060690216,869
310620060690218,500
310620060690219,739
310620060690220,759
310620060690221,912
310620060690222,347
310620060690223,564
310620060690224,541
310620060690225,439
310620060690226,415
310620060690228,560
310620060690231,523
310620060690232,825
310620060690234,420
310620060690235,531
310620060690236,734
310620060690237,589
310620060690238,717
310620060690239,28
310620060690240,660
310620060690242,663
310620060690245,713
310620060690246,659
310620060690247,645
310620060690248,472
310620060690250,557
310620060690251,1328
310620060690252,615
310620060690253,870
310620060690254,440
310620060690255,216
310620060690256,462
310620060690257,248
310620060690258,256
310620060690259,525
310620060690261,307
310620060690262,347
310620060690263,23
310620060690264,141
310620060690266,253
310620060690267,145
310620060690269,712
310620060690270,285
310620060690271,82
310620060690272,200
310620060690273,387
310620060690274,66
310620060690275,188
310620060690276,53
310620060690277,447
310620060690278,818
310620060690279,521
310620060690280,548
310620060690281,534
310620060690282,752
310620060690283,425
310620060690285,379
310620060690286,51
310620060690287,47
310620060690288,380
310620060690289,294
310620060690290,893
310620060690291,516
310620060690292,286
310620060690293,261
310620060690294,213
310620060690296,247
310620060690297,331
310620060690298,118
310620060690299,173
310620060690300,301
310620060690301,166
310620060690302,150
310620060690303,412
310620060690304,290
310620060690305,265
310620060690306,166
310620060690307,70
310620060690308,683
310620060690309,134
310620060690310,393
310620060690311,194
310620060690313,242
310620060690314,104
310620060690315,200
310620060690316,151
310620060690317,397
310620060690318,436
310620060690320,156
310620060690323,676
310620060690324,96
310620060690325,68
310620060690326,581
310620060690327,443
310620060690328,572
310620060690329,638
310620060690330,847
310620060690331,709
310620060690332,575
310620060690333,717
310620060690334,532
310620060690335,363
310620060690336,493
310620060690337,444
310620060690338,735
310620060690339,574
310620060690340,740
310620060690341,826
310620060690342,533
310620060690343,535
310620060690345,593
310620060690346,363
310620060690347,752
310620060690348,573
310620060690349,771
310620060690350,405
310620060690351,443
310620060690352,523
310620060690353,677
310620060690354,675
310620060690355,434
310620060690356,818
310620060690357,896
310620060690358,502
310620060690359,624
310620060690361,599
310620060690362,267
310620060690363,509
310620060690365,534
310620060690366,733
310620060690367,691
310620060690368,734
310620060690369,437
310620060690370,127
310620060690372,147
310620060690373,66
310620060690374,103
310620060690375,61
310620060690376,48
310620060690377,45
310620060690378,60
310620060690379,199
310620060690380,130
310620060690381,64
310620060690383,230
310620060690384,91
310620060690385,123
310620060690386,51
310620060690388,99
310620060690389,353
310620060690390,417
310620060690391,47
310620060690393,78
310620060690394,334
310620060690395,280
310620060690396,345
310620060690397,104
310620060690398,131
310620060690399,78
310620060690400,115
310620060690401,187
310620060690403,687
310620060690404,234
310620060690405,5
310620060690406,382
310620060690407,625
310620060690408,532
310620060690409,414
310620060690410,483
310620060690411,464
310620060690412,414
310620060690413,367
310620060690414,1128
310620060690415,720
310620060690416,535
310620060690417,407
310620060690418,368
310620060690419,563
310620060690420,825
310620060690421,640
310620060690422,429
310620060690423,303
310620060690424,352
310620060690425,162
310620060690426,326
310620060690427,436
310620060690428,524
310620060690429,521
310620060690430,487
310620060690431,326
310620060690432,402
310620060690433,640
310620060690434,364
310620060690435,431
310620060690436,560
310620060690437,581
310620060690438,480
310620060690439,519
310620060690440,534
310620060690441,514
310620060690442,599
310620060690443,502
310620060690444,636
310620060690445,436
310620060690446,517
310620060690447,564
310620060690448,464
310620060690449,570
310620060690450,494
310620060690451,376
310620060690452,605
310620060690453,586
310620060690454,326
310620060690455,544
310620060690456,462
310620060690457,393
310620060690458,466
310620060690459,567
310620060690460,588
310620060690461,380
310620060690462,288
310620060690463,355
310620060690464,518
310620060690465,64
310620060690466,90
310620060690467,141
310620060690468,30
310620060690469,0
310620060690470,487
310620060690471,355
310620060690472,390
310620060690473,430
310620060690474,335
310620060690475,552
310620060690476,446
310620060690477,751
310620060690478,475
310620060690479,460
310620060690480,378
310620060690481,566
310620060690482,485
310620060690483,389
310620060690484,455
310620060690485,474
310620060690486,373
310620060690487,507
310620060690488,539
310620060690489,347
310620060690490,556
310620060690491,384
310620060690492,534
310620060690493,509
310620060690494,454
310620060690495,385
310620060690496,674
310620060690497,123
310620060690498,453
310620060690499,523
310620060690500,466
310620060690501,476
310620060690502,393
310620060690503,465
310620060690504,319
310620060690505,716
310620060690506,640
310620060690507,247
310620060690508,719
310620060690509,256
310620060690510,548
310620060690511,355
310620060690512,407
310620060690513,483
310620060690514,524
310620060690515,354
310620060690516,412
310620060690517,409
310620060690518,413
310620060690519,369
310620060690520,385
310620060690521,432
310620060690522,554
310620060690523,512
310620060690524,22
310620060690525,519
310620060690526,459
310620060690527,634
310620060690528,577
310620060690529,323
310620060690530,368
310620060690531,219
310620060690532,730
310620060690533,216
310620060690534,311
310620060690535,657
310620060690536,127
310620060690537,142
310620060690538,284
310620060690539,149
310620060690540,211
310620060690541,119
310620060690542,486
310620060690543,149
310620060690544,271
310620060690545,68
310620060690546,281
310620060690547,426
