id_estabelecimento,cod_setor,latitude,longitude,dsc_estabe,categoria_original,confissao
1,310620060660224P,-19.841435,-43.942187,CAPELA SAO PEDRO,CATÓLICA,Católica
2,310620005680136P,-19.891195,-43.978761,CAPELA SAO GERALDO,CATÓLICA,Católica
3,310620005660001P,-19.847148,-43.948855,CAPELA NOSSA SENHORA SAS GRACAS,CATÓLICA,Católica
4,310620025610062P,-20.002895,-44.002711,CAPELA SANTO AGOSTINHO,CATÓLICA,Católica
5,310620005650053P,-19.91232,-43.990744,CAPELA NOSSA SENHORA APARECIDA E BOM PASTOR,CATÓLICA,Católica
6,310620005630382P,-19.929989,-43.879889,CAPELA NOSSA SENHORA DA PENHA,CATÓLICA,Católica
7,310620005670238P,-19.945025,-43.963654,CAPELA DA IGREJA CATOLICA,CATÓLICA,Católica
8,310620005630028P,-19.907783,-43.89573,CAPELA CASA DE FORMACAO,CATÓLICA,Católica
9,310620025610079P,-20.01059,-44.037977,CAPELA NOSSA SENHORA APARECIDA,CATÓLICA,Católica
10,310620005640135P,-19.902589,-43.934612,CAPELA NOSSA SENHORA DAS GRACAS,CATÓLICA,Católica
11,310620005670042P,-19.949235,-43.97649,CAPELA SAO PEDRO,CATÓLICA,Católica
12,310620005680399P,-19.829621,-44.009608,CAPELA SAGRADO CORACAO DE JESUS,CATÓLICA,Católica
13,310620005630385P,-19.928552,-43.905066,CAPELA SAO JUDAS TADEU,CATÓLICA,Católica
14,310620005680222P,-19.869115,-44.009557,CAPELA SAO VICENTE DE PAULO,CATÓLICA,Católica
15,310620005680078P,-19.872345,-44.007075,CAPELA,CATÓLICA,Católica
16,310620005680124P,-19.867063,-43.944453,CAPELA,CATÓLICA,Católica
17,310620060660053P,-19.844077,-43.939228,CAPELA NOSSA SENHORA DA EUCARISTIA,CATÓLICA,Católica
18,310620005680107P,-19.854455,-43.95283,CAPELA NOSSA SENHORA DO ROSARIO,CATÓLICA,Católica
19,310620005680124P,-19.867226,-43.944561,CAPELA,CATÓLICA,Católica
20,310620005620183P,-19.920203,-43.940287,CAPELA NOSSA SENHORA DO ROSARIO,CATÓLICA,Católica
21,310620005650148P,-19.899309,-43.959521,CAPELA DE SANTA LUZIA,CATÓLICA,Católica
22,310620005670006P,-19.956821,-43.987108,CAPELA VILLAREGIO,CATÓLICA,Católica
23,310620060660391P,-19.802075,-43.911073,CAPELA NOSSA SENHORA DA ESPERANCA,CATÓLICA,Católica
24,310620005630247P,-19.911556,-43.933136,CAPELA NOSSA SRA LIBANO,CATÓLICA,Católica
25,310620005660001P,-19.84749,-43.948744,CAPELA DA COMUNIDADE NOSSA SENHORA DAS GRACAS,CATÓLICA,Católica
26,310620005680321P,-19.900458,-43.98495,CAPELA DE NOSSA SENHORA APARECIDA,CATÓLICA,Católica
27,310620060690269P,-19.813266,-43.963156,CAPELA SAO VICENTE DE PAULO,CATÓLICA,Católica
28,310620060690239P,-19.817594,-43.954157,CAPELA DO SANTISSIMO CRUCIFIXO,CATÓLICA,Católica
29,310620005630271P,-19.922427,-43.871437,CAPELA SAGRADA FAMILIA,CATÓLICA,Católica
30,310620005630033P,-19.91545,-43.903672,CAPELA SAO JUDAS TADEU,CATÓLICA,Católica
31,310620005680229P,-19.856316,-44.002451,CAPELA NOSSA SENHORA DA PIEDADE,CATÓLICA,Católica
32,310620005640126P,-19.899918,-43.944624,CAPELA ESTABELECIMENTO IGR BATISTA DA LAGOINHA,PROTESTANTE HISTÓRICA,Protestante/Evangélica
33,310620005650040P,-19.912446,-43.990682,CAPELA DOS MILAGRES,CATÓLICA,Católica
34,310620005670289P,-19.941463,-43.959763,CAPELA SANTA ERMELNDA,CATÓLICA,Católica
35,310620005670396P,-19.978285,-43.98561,CAPELA SAO MARCOS,CATÓLICA,Católica
36,310620005650053P,-19.912158,-43.986787,CAPELA CRISTO REI,CATÓLICA,Católica
37,310620005630335P,-19.89709,-43.910099,CAPELA SANTA CECILIA,CATÓLICA,Católica
38,310620005640130P,-19.870192,-43.94299,CAPELA CRISTO OPERARIO,CATÓLICA,Católica
39,310620005620557P,-19.947246,-43.943163,CAPELA NOSSA SENHORA DE NAZARE,CATÓLICA,Católica
40,310620005650564P,-19.905531,-43.951487,CAPELA,CATÓLICA,Católica
41,310620060690221P,-19.797683,-43.95542,CAPELA SANTA EDWIGES,CATÓLICA,Católica
42,310620005620770P,-19.927739,-43.95678,CAPELA PIO XII,CATÓLICA,Católica
43,310620005670454P,-19.938305,-43.994726,CAPELA DA POLICIA CIVIL,CATÓLICA,Católica
44,310620005630140P,-19.920856,-43.919082,CAPELA NOSSA SENHORA APARECIDA,CATÓLICA,Católica
45,310620005620748P,-19.942734,-43.952677,CAPELA SAO JOSE,CATÓLICA,Católica
46,310620005650382P,-19.915373,-43.947004,CAPELA NOSSA SENHORA DA CONCEICAO SOBRAD,CATÓLICA,Católica
47,310620005620770P,-19.926967,-43.956421,CAPELA PIO XII,CATÓLICA,Católica
48,310620005640058P,-19.881366,-43.944711,CAPELA SANTO ANTONIO,CATÓLICA,Católica
49,310620060690053P,-19.797739,-43.976947,CAPELA DO SESC,CATÓLICA,Católica
50,310620005670539P,-19.956375,-43.974585,CAPELA NOSSA SRA APARECIDA,CATÓLICA,Católica
51,310620005630095P,-19.915364,-43.898639,CAPELA SAO MIGUEL ARCANJO,CATÓLICA,Católica
52,310620005650625P,-19.9218,-44.01122,CAPELA CRISTO REI,CATÓLICA,Católica
53,310620005630312P,-19.912305,-43.910034,CAPELA NOSSA SENHORA DE FATIMA,CATÓLICA,Católica
54,310620005680017P,-19.866394,-43.993646,CAPELA SAO SEBASTIAO,CATÓLICA,Católica
55,310620025610612P,-20.001281,-44.034205,CAPELA SANTO EXPEDITO,CATÓLICA,Católica
56,310620005620164P,-19.94095,-43.937813,CAPELA COLEGIO PADRE MACHADO,CATÓLICA,Católica
57,310620005680030P,-19.88663,-43.985904,CAPELA NOSSA SENHORA DAS MONTANHAS,CATÓLICA,Católica
58,310620005650644P,-19.913373,-44.006566,CAPELA SANTO ESPEDITO,CATÓLICA,Católica
59,310620005680093P,-19.866367,-44.01799,CASA DE ORACAO,PROTESTANTE/EVANGÉLICA GENÉRICA,Protestante/Evangélica
60,310620005650652P,-19.903621,-44.017181,CASA DE ORACAO,PROTESTANTE/EVANGÉLICA GENÉRICA,Protestante/Evangélica
61,310620060690232P,-19.806886,-43.955987,CASA DE ORACAO,PROTESTANTE/EVANGÉLICA GENÉRICA,Protestante/Evangélica
62,310620060660039P,-19.826617,-43.92462,CASA DE ORACAO,PROTESTANTE/EVANGÉLICA GENÉRICA,Protestante/Evangélica
63,310620060640049P,-19.851099,-43.908814,CASA DE ORACAO,PROTESTANTE/EVANGÉLICA GENÉRICA,Protestante/Evangélica
64,310620005630028P,-19.907295,-43.895803,CASA DE ORACAO,PROTESTANTE/EVANGÉLICA GENÉRICA,Protestante/Evangélica
65,310620060640169P,-19.852508,-43.883743,CASA DE ORACAO,PROTESTANTE/EVANGÉLICA GENÉRICA,Protestante/Evangélica
66,310620060660032P,-19.821792,-43.938665,CASA DE ORACAO,PROTESTANTE/EVANGÉLICA GENÉRICA,Protestante/Evangélica
67,310620060690103P,-19.802368,-43.998456,CASA DE ORACAO,PROTESTANTE/EVANGÉLICA GENÉRICA,Protestante/Evangélica
68,310620005670238P,-19.944253,-43.96356,CASA DE ORACAO,PROTESTANTE/EVANGÉLICA GENÉRICA,Protestante/Evangélica
69,310620060660144P,-19.836452,-43.948275,CASA DE ORACAO,PROTESTANTE/EVANGÉLICA GENÉRICA,Protestante/Evangélica
70,310620025610194P,-19.982408,-44.000358,CASA DE ORACAO,PROTESTANTE/EVANGÉLICA GENÉRICA,Protestante/Evangélica
71,310620025610382P,-19.981532,-44.000866,CASA DE ORACAO,PROTESTANTE/EVANGÉLICA GENÉRICA,Protestante/Evangélica
72,310620005650068P,-19.905096,-43.966087,CASA DE ORACAO,PROTESTANTE/EVANGÉLICA GENÉRICA,Protestante/Evangélica
73,310620005640027P,-19.885567000000002,-43.943752,CASA DE ORACAO,PROTESTANTE/EVANGÉLICA GENÉRICA,Protestante/Evangélica
74,310620060640027P,-19.856581,-43.895298,CASA DE ORACAO APOSTOLOS DE CRISTO,PROTESTANTE/EVANGÉLICA GENÉRICA,Protestante/Evangélica
75,310620005670539P,-19.955835,-43.970572,CASA DE ORACAO BETEL,PROTESTANTE/EVANGÉLICA GENÉRICA,Protestante/Evangélica
76,310620060690547P,-19.819101,-43.955634,CASA DE ORACAO BETESDA,PROTESTANTE/EVANGÉLICA GENÉRICA,Protestante/Evangélica
77,310620060690071P,-19.822178,-43.974529,CASA DE ORACAO CARTESISTA,ESPÍRITA,Espírita
78,310620005620290P,-19.955789,-43.94372,CASA DE ORACAO CONGREGACAO CRISTA,PENTECOSTAL CLÁSSICA,Protestante/Evangélica
79,310620005680433P,-19.859475,-43.951756,CASA DE ORACAO CONGREGACAO CRISTA NO BRASIL,PENTECOSTAL CLÁSSICA,Protestante/Evangélica
80,310620025610520P,-19.974835,-44.053102,CASA DE ORACAO CRISTO E A LUZ,PROTESTANTE/EVANGÉLICA GENÉRICA,Protestante/Evangélica
81,310620060640207P,-19.868608,-43.911058,CASA DE ORACAO DA CONGREGACAO CRISTA DO,PENTECOSTAL CLÁSSICA,Protestante/Evangélica
82,310620005620748P,-19.942126,-43.95156,CASA DE ORACAO DA CONGREGACAO CRISTA NO,PENTECOSTAL CLÁSSICA,Protestante/Evangélica
83,310620005680447P,-19.868751,-44.018453,CASA DE ORACAO DEUS CONOSCO,PROTESTANTE/EVANGÉLICA GENÉRICA,Protestante/Evangélica
84,310620060640043P,-19.851482,-43.883477,CASA DE ORACAO EL SHAMAH,PROTESTANTE/EVANGÉLICA GENÉRICA,Protestante/Evangélica
85,310620005680443P,-19.870676,-44.01721,CASA DE ORACAO EMANUEL,PROTESTANTE/EVANGÉLICA GENÉRICA,Protestante/Evangélica
86,310620060690049P,-19.797607,-43.986591,CASA DE ORACAO EVANGELICA SEMEAR,PROTESTANTE/EVANGÉLICA GENÉRICA,Protestante/Evangélica
87,310620005620775P,-19.91629,-43.936012,CASA DE ORACAO GENESIS DO GRANDE EU SOU,PROTESTANTE/EVANGÉLICA GENÉRICA,Protestante/Evangélica
88,310620005670524P,-19.940814,-44.01506,CASA DE ORACAO JERUSALEM,PROTESTANTE/EVANGÉLICA GENÉRICA,Protestante/Evangélica
89,310620005630339P,-19.915529,-43.892943,CASA DE ORACAO JESUS CRISTO REI DOS REIS,PROTESTANTE/EVANGÉLICA GENÉRICA,Protestante/Evangélica
90,310620060690084P,-19.824278,-43.986931,CASA DE ORACAO LUZ PARA AS NACOES,AFRO-BRASILEIRA,Afro-brasileira
91,310620060690083P,-19.823947,-43.989277,CASA DE ORACAO LUZ PARA AS NACOES,AFRO-BRASILEIRA,Afro-brasileira
92,310620005620656P,-19.939294,-43.904198,CASA DE ORACAO MORADA DE DEUS,PROTESTANTE/EVANGÉLICA GENÉRICA,Protestante/Evangélica
93,310620060640343P,-19.829427,-43.889888,CASA DE ORACAO PAI,PROTESTANTE/EVANGÉLICA GENÉRICA,Protestante/Evangélica
94,310620005680297P,-19.899461,-44.002655,CASA DE ORACAO PAI ANDORINHA,PROTESTANTE/EVANGÉLICA GENÉRICA,Protestante/Evangélica
95,310620005620118P,-19.936974,-43.911222,CASA DE ORACAO PARA TODAS AS NACOES,AFRO-BRASILEIRA,Afro-brasileira
96,310620060660264P,-19.830378,-43.92275,CASA DE ORACAO PARA TODAS AS NACOES,AFRO-BRASILEIRA,Afro-brasileira
97,310620060640094P,-19.865573,-43.90489,CASA DE ORACAO TANQUE DE BETESDA,PROTESTANTE/EVANGÉLICA GENÉRICA,Protestante/Evangélica
98,310620005650032P,-19.921198,-43.999937,CASA DE ORACAO TEMPLO DE DEUS,PROTESTANTE/EVANGÉLICA GENÉRICA,Protestante/Evangélica
99,310620005650477P,-19.908473,-43.956467,CASA DE ORACOES,NÃO CLASSIFICADA,Outra
100,310620005650116P,-19.907761,-44.00432,CASA DE ORACOES UNIVERSO EM DESENCANTO,NÃO CLASSIFICADA,Outra
101,310620005650249P,-19.899529,-44.017959,CASA DE ORIXAS,AFRO-BRASILEIRA,Afro-brasileira
102,310620005630003P,-19.90945,-43.905106,CASA DE PAI OXOSSI,AFRO-BRASILEIRA,Afro-brasileira
103,310620060640112P,-19.874552,-43.899638,CASA ESPERITA,ESPÍRITA,Espírita
104,310620005680535P,-19.84067,-44.008906,CASA ESPIRITA,ESPÍRITA,Espírita
105,310620060690501P,-19.811061,-43.962062,CASA ESPIRITA,ESPÍRITA,Espírita
106,310620005650479P,-19.9139,-43.969165,CASA ESPIRITA,ESPÍRITA,Espírita
107,310620005630098P,-19.920562,-43.908664,CASA ESPIRITA,ESPÍRITA,Espírita
108,310620005650346P,-19.896527,-43.95221,CASA ESPIRITA CEAU,ESPÍRITA,Espírita
109,310620005630098P,-19.920468,-43.90885,CASA ESPIRITA CHICO XAVIER,ESPÍRITA,Espírita
110,310620060690394P,-19.824843,-43.984754,CASA ESPIRITA E FRATERNIDADE LUZ E CARID,ESPÍRITA,Espírita
111,310620005640158P,-19.910037,-43.939913,CASA ESPIRITA JUDITH AMELIA,ESPÍRITA,Espírita
112,310620005650473P,-19.898149,-43.956768,CASA ESPIRITA SAO JORGE,ESPÍRITA,Espírita
113,310620005680199P,-19.865815,-43.947516,CASA ESPIRITA VOVO MARIA,ESPÍRITA,Espírita
114,310620060690016P,-19.808866,-43.969979,CASA ESPIRITUAL REDENCAO,ESPÍRITA,Espírita
115,310620005640004P,-19.886023,-43.936144,CENTRO ESPIRIRA,ESPÍRITA,Espírita
116,310620060660028P,-19.828634,-43.938184,CENTRO ESPIRITA,ESPÍRITA,Espírita
117,310620005680080P,-19.869224,-44.009651,CENTRO ESPIRITA,ESPÍRITA,Espírita
118,310620005680199P,-19.865898,-43.946821,CENTRO ESPIRITA,ESPÍRITA,Espírita
119,310620005650041P,-19.913024,-43.996396,CENTRO ESPIRITA,ESPÍRITA,Espírita
120,310620005640209P,-19.899127,-43.941954,CENTRO ESPIRITA,ESPÍRITA,Espírita
121,310620005650611P,-19.900862,-44.024905,CENTRO ESPIRITA,ESPÍRITA,Espírita
122,310620005650233P,-19.910419,-44.017897,CENTRO ESPIRITA,ESPÍRITA,Espírita
123,310620060690135P,-19.817538,-43.96123,CENTRO ESPIRITA,ESPÍRITA,Espírita
124,310620060690135P,-19.81648,-43.960686,CENTRO ESPIRITA,ESPÍRITA,Espírita
125,310620060690098P,-19.807061,-43.995653,CENTRO ESPIRITA,ESPÍRITA,Espírita
126,310620005680242P,-19.856695,-43.944954,CENTRO ESPIRITA,ESPÍRITA,Espírita
127,310620005650396P,-19.913405,-43.962268,CENTRO ESPIRITA,ESPÍRITA,Espírita
128,310620005630036P,-19.912802,-43.909373,CENTRO ESPIRITA,ESPÍRITA,Espírita
129,310620005630294P,-19.903624,-43.921283,CENTRO ESPIRITA,ESPÍRITA,Espírita
130,310620005680283P,-19.880893,-44.011662,CENTRO ESPIRITA,ESPÍRITA,Espírita
131,310620005640040P,-19.875885,-43.936828,CENTRO ESPIRITA,ESPÍRITA,Espírita
132,310620005650319P,-19.888532,-43.959349,CENTRO ESPIRITA,ESPÍRITA,Espírita
133,310620005670547P,-19.954167,-43.9889,CENTRO ESPIRITA,ESPÍRITA,Espírita
134,310620005650387P,-19.911788,-43.953732,CENTRO ESPIRITA,ESPÍRITA,Espírita
135,310620005650387P,-19.911761,-43.953716,CENTRO ESPIRITA,ESPÍRITA,Espírita
136,310620005620520P,-19.951255,-43.926656,CENTRO ESPIRITA,ESPÍRITA,Espírita
137,310620005640135P,-19.902631,-43.934928,CENTRO ESPIRITA,ESPÍRITA,Espírita
138,310620005670128P,-19.949464,-44.002121,CENTRO ESPIRITA,ESPÍRITA,Espírita
139,310620025610221P,-19.971618,-43.995648,CENTRO ESPIRITA,ESPÍRITA,Espírita
140,310620025610166P,-19.985425,-44.047725,CENTRO ESPIRITA,ESPÍRITA,Espírita
141,310620005630063P,-19.91848,-43.90595,CENTRO ESPIRITA,ESPÍRITA,Espírita
142,310620005630441P,-19.892699,-43.907101,CENTRO ESPIRITA,ESPÍRITA,Espírita
143,310620005630441P,-19.892797,-43.906875,CENTRO ESPIRITA,ESPÍRITA,Espírita
144,310620005670225P,-19.926072,-43.975726,CENTRO ESPIRITA,ESPÍRITA,Espírita
145,310620005620130P,-19.94114,-43.911265,CENTRO ESPIRITA,ESPÍRITA,Espírita
146,310620025610478P,-19.994451,-43.999383,CENTRO ESPIRITA,ESPÍRITA,Espírita
147,310620005620392P,-19.917697,-43.926937,CENTRO ESPIRITA,ESPÍRITA,Espírita
148,310620005650343P,-19.89134,-43.950792,CENTRO ESPIRITA,ESPÍRITA,Espírita
149,310620005630287P,-19.902598,-43.925307,CENTRO ESPIRITA,ESPÍRITA,Espírita
150,310620005630453P,-19.914978,-43.913875,CENTRO ESPIRITA,ESPÍRITA,Espírita
151,310620005640035P,-19.89271,-43.939998,CENTRO ESPIRITA,ESPÍRITA,Espírita
152,310620005640035P,-19.892677,-43.940102,CENTRO ESPIRITA,ESPÍRITA,Espírita
153,310620060680001P,-19.838651,-43.970034,CENTRO ESPIRITA,ESPÍRITA,Espírita
154,310620005650160P,-19.911947,-43.964223,CENTRO ESPIRITA,ESPÍRITA,Espírita
155,310620060660036P,-19.822338,-43.92445,CENTRO ESPIRITA,ESPÍRITA,Espírita
156,310620005630031P,-19.913811,-43.898148,CENTRO ESPIRITA,ESPÍRITA,Espírita
157,310620060690176P,-19.822216,-44.001348,CENTRO ESPIRITA,ESPÍRITA,Espírita
158,310620005630045P,-19.898179,-43.91096,CENTRO ESPIRITA,ESPÍRITA,Espírita
159,310620005650366P,-19.906239,-43.948037,CENTRO ESPIRITA,ESPÍRITA,Espírita
160,310620005630218P,-19.909929,-43.927822,CENTRO ESPIRITA,ESPÍRITA,Espírita
161,310620005650141P,-19.892308,-43.963148,CENTRO ESPIRITA,ESPÍRITA,Espírita
162,310620005620101P,-19.931668,-43.916451,CENTRO ESPIRITA,ESPÍRITA,Espírita
163,310620005650346P,-19.8963,-43.953155,CENTRO ESPIRITA,ESPÍRITA,Espírita
164,310620060690082P,-19.827043,-43.992692,CENTRO ESPIRITA,ESPÍRITA,Espírita
165,310620025610413P,-19.971094,-44.016322,CENTRO ESPIRITA,ESPÍRITA,Espírita
166,310620005680174P,-19.859498,-43.963376,CENTRO ESPIRITA,ESPÍRITA,Espírita
167,310620060660010P,-19.83017,-43.932672,CENTRO ESPIRITA,ESPÍRITA,Espírita
168,310620005640078P,-19.897744,-43.935498,CENTRO ESPIRITA,ESPÍRITA,Espírita
169,310620005640163P,-19.877521,-43.912617,CENTRO ESPIRITA,ESPÍRITA,Espírita
170,310620005640101P,-19.900229,-43.938847,CENTRO ESPIRITA,ESPÍRITA,Espírita
171,310620005640028P,-19.883591,-43.941514,CENTRO ESPIRITA,ESPÍRITA,Espírita
172,310620025610182P,-19.967902,-43.999957,CENTRO ESPIRITA,ESPÍRITA,Espírita
173,310620005630504P,-19.903699,-43.923925,CENTRO ESPIRITA,ESPÍRITA,Espírita
174,310620005650554P,-19.883062,-43.951783,CENTRO ESPIRITA,ESPÍRITA,Espírita
175,310620005630075P,-19.90137,-43.916754,CENTRO ESPIRITA,ESPÍRITA,Espírita
176,310620005640063P,-19.875817,-43.938645,CENTRO ESPIRITA,ESPÍRITA,Espírita
177,310620005640108P,-19.894777,-43.946979,CENTRO ESPIRITA,ESPÍRITA,Espírita
178,310620005650116P,-19.908213,-44.003613,CENTRO ESPIRITA,ESPÍRITA,Espírita
179,310620005630328P,-19.913203,-43.907786,CENTRO ESPIRITA,ESPÍRITA,Espírita
180,310620005630457P,-19.900623,-43.924427,CENTRO ESPIRITA,ESPÍRITA,Espírita
181,310620025610343P,-19.995878,-44.029983,CENTRO ESPIRITA,ESPÍRITA,Espírita
182,310620005640156P,-19.905678,-43.941229,CENTRO ESPIRITA,ESPÍRITA,Espírita
183,310620060660125P,-19.845527,-43.939902,CENTRO ESPIRITA,ESPÍRITA,Espírita
184,310620005650449P,-19.920093,-43.985096,CENTRO ESPIRITA,ESPÍRITA,Espírita
185,310620005640082P,-19.890749,-43.948793,CENTRO ESPIRITA,ESPÍRITA,Espírita
186,310620060660120P,-19.848918,-43.940161,CENTRO ESPIRITA,ESPÍRITA,Espírita
187,310620005650027P,-19.91801,-43.983345,CENTRO ESPIRITA,ESPÍRITA,Espírita
188,310620060640291P,-19.824359,-43.885041,CENTRO ESPIRITA,ESPÍRITA,Espírita
189,310620005630357P,-19.890687,-43.901765,CENTRO ESPIRITA,ESPÍRITA,Espírita
190,310620060690332P,-19.809188,-43.992074,CENTRO ESPIRITA,ESPÍRITA,Espírita
191,310620005650036P,-19.915576,-43.997634,CENTRO ESPIRITA,ESPÍRITA,Espírita
192,310620005670669P,-19.927911,-43.963115,CENTRO ESPIRITA,ESPÍRITA,Espírita
193,310620005670473P,-19.927804,-43.974012,CENTRO ESPIRITA,ESPÍRITA,Espírita
194,310620005640264P,-19.879865,-43.938202,CENTRO ESPIRITA,ESPÍRITA,Espírita
195,310620005680282P,-19.887915,-44.013582,CENTRO ESPIRITA,ESPÍRITA,Espírita
196,310620005650349P,-19.897341,-43.952914,CENTRO ESPIRITA,ESPÍRITA,Espírita
197,310620005640108P,-19.893601,-43.947443,CENTRO ESPIRITA,ESPÍRITA,Espírita
198,310620005640136P,-19.902517,-43.935623,CENTRO ESPIRITA,ESPÍRITA,Espírita
199,310620060690081P,-19.827542,-43.989729,CENTRO ESPIRITA,ESPÍRITA,Espírita
200,310620005640108P,-19.894714,-43.946667,CENTRO ESPIRITA ABC,ESPÍRITA,Espírita
201,310620005630188P,-19.919778,-43.924513,CENTRO ESPIRITA AMOR E CARIDADE,ESPÍRITA,Espírita
202,310620005670298P,-19.923694,-43.959091,CENTRO ESPIRITA ANDRE LUIZ CEAU,ESPÍRITA,Espírita
203,310620005650319P,-19.887838,-43.959008,CENTRO ESPIRITA APRENDIZES DO EVANGELHO,ESPÍRITA,Espírita
204,310620025610146P,-19.975052,-44.021407,CENTRO ESPIRITA BEERRA DE MENEZES,ESPÍRITA,Espírita
205,310620025610146P,-19.975095,-44.021362,CENTRO ESPIRITA BEZERRA DE MENEZES,ESPÍRITA,Espírita
206,310620005650385P,-19.914902,-43.956132,CENTRO ESPIRITA CABOCLO 7LIBRAS DO MAR,ESPÍRITA,Espírita
207,310620005650379P,-19.912225,-43.949683,CENTRO ESPIRITA CAMINHOS DA RENOVACAO CARISMATICA,ESPÍRITA,Espírita
208,310620005670040P,-19.94709,-43.981636,CENTRO ESPIRITA CASIMIRO CUNHA,ESPÍRITA,Espírita
209,310620005670040P,-19.947373,-43.981626,CENTRO ESPIRITA CASIMIRO CUNHA,ESPÍRITA,Espírita
210,310620005650395P,-19.913541,-43.961806,CENTRO ESPIRITA CEDE,ESPÍRITA,Espírita
211,310620005640192P,-19.894897,-43.936942,CENTRO ESPIRITA CHICO CHAVIER,ESPÍRITA,Espírita
212,310620060690016P,-19.809381,-43.976358,CENTRO ESPIRITA CRISTA HUMBERTO,ESPÍRITA,Espírita
213,310620005630334P,-19.902649,-43.912224,CENTRO ESPIRITA CRISTAO,ESPÍRITA,Espírita
214,310620005630356P,-19.920061,-43.909789,CENTRO ESPIRITA CRISTAO BEZERRA DE MENEZES,ESPÍRITA,Espírita
215,310620060690092P,-19.818724,-43.995232,CENTRO ESPIRITA DE UMBANDA,AFRO-BRASILEIRA,Afro-brasileira
216,310620005620312P,-19.947477,-43.945058,CENTRO ESPIRITA DE UMBANDA,AFRO-BRASILEIRA,Afro-brasileira
217,310620005650403P,-19.914089,-43.970198,CENTRO ESPIRITA DISCIPULOS DE ISMAEL,ESPÍRITA,Espírita
218,310620005630299P,-19.90933,-43.919327,CENTRO ESPIRITA DISCIPULOS DO PAI ETERNO,ESPÍRITA,Espírita
219,310620005630326P,-19.909433,-43.909479,CENTRO ESPIRITA DO ESTADEU,ESPÍRITA,Espírita
220,310620005640015P,-19.882476,-43.932959,CENTRO ESPIRITA FRANCISCO DE ASSIS,ESPÍRITA,Espírita
221,310620005670478P,-19.92741,-43.971402,CENTRO ESPIRITA FRATERNIDADE,ESPÍRITA,Espírita
222,310620005640050P,-19.894823,-43.935328,CENTRO ESPIRITA FREI LEOPOLDO,ESPÍRITA,Espírita
223,310620005670343P,-19.94626,-43.976506,CENTRO ESPIRITA GRUPO DA FRTERNIDADE EUP,ESPÍRITA,Espírita
224,310620005630255P,-19.920733,-43.882247,CENTRO ESPIRITA INSTITUTO SEMEADOR,ESPÍRITA,Espírita
225,310620005630054P,-19.904661,-43.892451,CENTRO ESPIRITA IRMA ALCIONE,ESPÍRITA,Espírita
226,310620005670209P,-19.933383,-43.9772,CENTRO ESPIRITA IRMAO GABRIEL,ESPÍRITA,Espírita
227,310620060640112P,-19.874533,-43.899707,CENTRO ESPIRITA IRMAO LEAO,ESPÍRITA,Espírita
228,310620005640106P,-19.900938,-43.941826,CENTRO ESPIRITA IRMAO MATEUS,ESPÍRITA,Espírita
229,310620005640106P,-19.900922,-43.941824,CENTRO ESPIRITA IRMAO MATEUS,ESPÍRITA,Espírita
230,310620025610463P,-19.984769,-44.04744,CENTRO ESPIRITA JOAO BOSCO,ESPÍRITA,Espírita
231,310620025610464P,-19.984892,-44.04022,CENTRO ESPIRITA LAR FRATERNO RECANTO DO SILENCIO,ESPÍRITA,Espírita
232,310620005650064P,-19.901431,-43.968566,CENTRO ESPIRITA LUDMILA,ESPÍRITA,Espírita
233,310620005620057P,-19.922274,-43.920957,CENTRO ESPIRITA LUZ AMOR E CARIDADE,ESPÍRITA,Espírita
234,310620005670296P,-19.925036,-43.958298,CENTRO ESPIRITA LUZ E HUMILDADE,ESPÍRITA,Espírita
235,310620005620234P,-19.945918,-43.941824,CENTRO ESPIRITA MANOEL F SANTIAGO,ESPÍRITA,Espírita
236,310620060690151P,-19.830057,-43.975123,CENTRO ESPIRITA NIVERSAL,ESPÍRITA,Espírita
237,310620005620288P,-19.954419,-43.94048,CENTRO ESPIRITA NZO LEMBAAMAZI DIA MOXE,ESPÍRITA,Espírita
238,310620060640192P,-19.865068,-43.901018,CENTRO ESPIRITA OBREIROS DO SENHOR,ESPÍRITA,Espírita
239,310620005650182P,-19.932138,-44.001008,CENTRO ESPIRITA PAI JOAO,ESPÍRITA,Espírita
240,310620005640092P,-19.886189,-43.919914,CENTRO ESPIRITA PAI JOAO DE CONGO E MAE MARIA CONGA,ESPÍRITA,Espírita
241,310620060690174P,-19.822222,-44.000255,CENTRO ESPIRITA PAI JOAQUIM DA BAHIA,ESPÍRITA,Espírita
242,310620005630012P,-19.912311,-43.905587,CENTRO ESPIRITA PAI JOSE ARUANDA,ESPÍRITA,Espírita
243,310620060660374P,-19.811845,-43.937982,CENTRO ESPIRITA PAI JOSE DO CONGO,ESPÍRITA,Espírita
244,310620005630496P,-19.91187,-43.904181,CENTRO ESPIRITA PODER DA FE,ESPÍRITA,Espírita
245,310620005650386P,-19.915604,-43.952013,CENTRO ESPIRITA RACIONALISMO CRISTAO,ESPÍRITA,Espírita
246,310620005630295P,-19.912075,-43.923167,CENTRO ESPIRITA REENCONTRO,ESPÍRITA,Espírita
247,310620005670035P,-19.947334,-43.988975,CENTRO ESPIRITA S F ASSIS,ESPÍRITA,Espírita
248,310620005640182P,-19.887338,-43.933296,CENTRO ESPIRITA SAO DOMINGOS,ESPÍRITA,Espírita
249,310620005650397P,-19.914783,-43.964511,CENTRO ESPIRITA SEM DENOMINACAO,ESPÍRITA,Espírita
250,310620060660174P,-19.800446,-43.94644,CENTRO ESPIRITA SEMEAR,ESPÍRITA,Espírita
251,310620005620604P,-19.939708,-43.925631,CENTRO ESPIRITA THIAGO MAIOR,ESPÍRITA,Espírita
252,310620025610056P,-19.994045,-44.008572,CENTRO ESPIRITA UMBANDA E CAMBOBLE UCA TUPINARE,AFRO-BRASILEIRA,Afro-brasileira
253,310620060690092P,-19.818943,-43.994333,CENTRO ESPIRITA UMBANDISTA,ESPÍRITA,Espírita
254,310620005650022P,-19.912826,-43.976543,CENTRO ESPIRITA UNIDOS PARA O BEM,ESPÍRITA,Espírita
255,310620060640132P,-19.848871,-43.8956,CENTRO ESPIRITA UNIVERSAL,NEOPENTECOSTAL,Protestante/Evangélica
256,310620005650053P,-19.910971,-43.983571,CENTRO ESPIRITA YLE OXAGUIAN,ESPÍRITA,Espírita
257,310620005640037P,-19.891117,-43.94338,CENTRO ESPIRITO,ESPÍRITA,Espírita
258,310620025610299P,-19.995389,-44.032271,CENTRO ESPIRITO,ESPÍRITA,Espírita
259,310620005640109P,-19.894758,-43.947959,CENTRO ESPIRITO,ESPÍRITA,Espírita
260,310620060660270P,-19.819755,-43.946259,CATEDRAL CRISTO REI,CATÓLICA,Católica
261,310620060690235P,-19.809669,-43.955758,CATEDRAL DOS MILAGRES IGREJA BATISTA,PROTESTANTE HISTÓRICA,Protestante/Evangélica
262,310620060660109P,-19.861766,-43.930343,IGRAJA BATISTA 1DE MAIO,PROTESTANTE HISTÓRICA,Protestante/Evangélica
263,310620005680309P,-19.898697,-43.991168,IGRAJA CATOLICA,CATÓLICA,Católica
264,310620060690211P,-19.794227,-43.967323,IGRAJA DEUS VIVO,NÃO CLASSIFICADA,Outra
265,310620005650551P,-19.889276,-43.966008,IGREA ASSSEMBLEIA DE DEUS,NÃO CLASSIFICADA,Outra
266,310620005650241P,-19.905425,-44.015583,IGRED MENDES NAIL DESIGNER,NÃO CLASSIFICADA,Outra
267,310620005620462P,-19.939887,-43.906596,IGREHA PETENCOSTAL DEUS E AMOR,PENTECOSTAL CLÁSSICA,Protestante/Evangélica
268,310620025610205P,-19.99702,-43.993327,IGREIJA,NÃO CLASSIFICADA,Outra
269,310620005670202P,-19.925592,-43.98246,IGREIJA,NÃO CLASSIFICADA,Outra
270,310620060640011P,-19.851141,-43.894935,IGREIJA,NÃO CLASSIFICADA,Outra
271,310620025610118P,-19.996624,-43.973774,IGREIJA,NÃO CLASSIFICADA,Outra
272,310620060660367P,-19.831453,-43.910464,IGREIJA BATISTA CRISTO E O SENHOR,PROTESTANTE HISTÓRICA,Protestante/Evangélica
273,310620060660090P,-19.849237,-43.923085,IGREIJA BATISTA EM AARAO REIS,PROTESTANTE HISTÓRICA,Protestante/Evangélica
274,310620005670592P,-19.972335,-43.96727,IGREIJA BATISTA LAGOINHA,PROTESTANTE HISTÓRICA,Protestante/Evangélica
275,310620005630090P,-19.908949,-43.890507,IGREIJA BATISTA PENIEL,PROTESTANTE HISTÓRICA,Protestante/Evangélica
276,310620005630090P,-19.908597,-43.890551,IGREIJA CASTICAL DA FE,NÃO CLASSIFICADA,Outra
277,310620005670119P,-19.952201,-43.995215,IGREIJA EVANGELICA,PROTESTANTE/EVANGÉLICA GENÉRICA,Protestante/Evangélica
278,310620060660032P,-19.822842,-43.938603,IGREIJA EVANGELICA,PROTESTANTE/EVANGÉLICA GENÉRICA,Protestante/Evangélica
279,310620060660090P,-19.846863,-43.922113,IGREIJA EVANGELICA ASSEMBLEIA DE DEUS,PENTECOSTAL CLÁSSICA,Protestante/Evangélica
280,310620060660367P,-19.833007,-43.911183,IGREIJA EVANGELICA QUADRANGULAR,PENTECOSTAL CLÁSSICA,Protestante/Evangélica
281,310620060640011P,-19.851456,-43.893721,IGREIJA PENTECOSTAL ASSEMBLEIA DE DEUS,PENTECOSTAL CLÁSSICA,Protestante/Evangélica
282,310620060660090P,-19.84706,-43.921837,IGREIJA PENTECOSTAL MISSAO REVELADA,PENTECOSTAL CLÁSSICA,Protestante/Evangélica
283,310620060640052P,-19.835171,-43.904298,IGREIJA PENTECOSTAL NOVA JERUSALEM DE CRISTO,PENTECOSTAL CLÁSSICA,Protestante/Evangélica
284,310620005670128P,-19.949108,-44.002004,IGREIJA PENTEOSTAL,PENTECOSTAL CLÁSSICA,Protestante/Evangélica
285,310620060660275P,-19.839127,-43.90877,IGREIJA PETENCOSTAL,PENTECOSTAL CLÁSSICA,Protestante/Evangélica
286,310620025610118P,-19.998067,-43.972878,IGREIJA PETENCOSTAL DEUS E AMOR,PENTECOSTAL CLÁSSICA,Protestante/Evangélica
287,310620060660342P,-19.833118,-43.911573,IGREIJA PETENCOSTAL MONTEVMORIA,PENTECOSTAL CLÁSSICA,Protestante/Evangélica
288,310620005670089P,-19.946573,-43.972183,IGREIJA TEMPLO DA FE VIVA,PROTESTANTE/EVANGÉLICA GENÉRICA,Protestante/Evangélica
289,310620025610617P,-20.012918,-44.020314,IGREIJA TRIUNFO FILADELFIA,NÃO CLASSIFICADA,Outra
290,310620005670498P,-19.939249,-44.004703,IGREJ A EVANGELICA,PROTESTANTE/EVANGÉLICA GENÉRICA,Protestante/Evangélica
291,310620005630493P,-19.909454,-43.913578,IGREJA A DEUS TODA GLORIA,PROTESTANTE/EVANGÉLICA GENÉRICA,Protestante/Evangélica
292,310620005650700P,-19.9113,-43.957945,IGREJA A GRACA ORG BR,PROTESTANTE/EVANGÉLICA GENÉRICA,Protestante/Evangélica
293,310620060680036P,-19.837187,-43.972095,IGREJA A GRANDE COMISSAO,CATÓLICA,Católica
294,310620005630474P,-19.91494,-43.917329,IGREJA A PORTA,PROTESTANTE/EVANGÉLICA GENÉRICA,Protestante/Evangélica
295,310620005640161P,-19.876227,-43.915037,IGREJA A PORTA,PROTESTANTE/EVANGÉLICA GENÉRICA,Protestante/Evangélica
296,310620060690411P,-19.803848,-43.982709,IGREJA AASEMBLEIA DE DEUS,PROTESTANTE/EVANGÉLICA GENÉRICA,Protestante/Evangélica
297,310620060640289P,-19.849933,-43.880218,IGREJA ABA PAI KADOSH,PROTESTANTE/EVANGÉLICA GENÉRICA,Protestante/Evangélica
298,310620005620105P,-19.938291,-43.904215,IGREJA ACEBLEIA DE DEUS,PROTESTANTE/EVANGÉLICA GENÉRICA,Protestante/Evangélica
299,310620005640146P,-19.869643,-43.923651,IGREJA ADIVENTISTA,PROTESTANTE/EVANGÉLICA GENÉRICA,Protestante/Evangélica
300,310620005650038P,-19.914606,-43.991071,IGREJA ADIVENTISTA DO SETIMO DIA,PROTESTANTE/EVANGÉLICA GENÉRICA,Protestante/Evangélica
301,310620060660243P,-19.837177,-43.908272,IGREJA ADRUH,PROTESTANTE/EVANGÉLICA GENÉRICA,Protestante/Evangélica
302,310620060640289P,-19.848597,-43.876253,IGREJA ADRUH,PROTESTANTE/EVANGÉLICA GENÉRICA,Protestante/Evangélica
303,310620060690325P,-19.821904,-43.994715,IGREJA ADVENTISTA,OUTRA CRISTÃ,Outra
304,310620060640222P,-19.861783,-43.890637,IGREJA ADVENTISTA,OUTRA CRISTÃ,Outra
305,310620060690209P,-19.793012,-43.970479,IGREJA ADVENTISTA,OUTRA CRISTÃ,Outra
306,310620005680078P,-19.872379,-44.009579,IGREJA ADVENTISTA,OUTRA CRISTÃ,Outra
307,310620005670022P,-19.963901,-43.978189,IGREJA ADVENTISTA,OUTRA CRISTÃ,Outra
308,310620060690359P,-19.7985,-43.953758,IGREJA ADVENTISTA,OUTRA CRISTÃ,Outra
309,310620005670072P,-19.952481,-43.992191,IGREJA ADVENTISTA,OUTRA CRISTÃ,Outra
310,310620005630055P,-19.907799,-43.892718,IGREJA ADVENTISTA,OUTRA CRISTÃ,Outra
311,310620060690503P,-19.819169,-43.959449,IGREJA ADVENTISTA,OUTRA CRISTÃ,Outra
312,310620060640056P,-19.834176,-43.897174,IGREJA ADVENTISTA,OUTRA CRISTÃ,Outra
313,310620060680019P,-19.835098,-43.979555,IGREJA ADVENTISTA,OUTRA CRISTÃ,Outra
314,310620025610617P,-20.012083,-44.020542,IGREJA ADVENTISTA,OUTRA CRISTÃ,Outra
315,310620025610508P,-19.993484,-44.011791,IGREJA ADVENTISTA,OUTRA CRISTÃ,Outra
316,310620005670193P,-19.943934,-44.003532,IGREJA ADVENTISTA,OUTRA CRISTÃ,Outra
317,310620005650654P,-19.899377,-44.012261,IGREJA ADVENTISTA,OUTRA CRISTÃ,Outra
318,310620005670015P,-19.950889,-43.97932,IGREJA ADVENTISTA 7 DIA,OUTRA CRISTÃ,Outra
319,310620025610646P,-19.988339,-44.056486,IGREJA ADVENTISTA 7 DIA,OUTRA CRISTÃ,Outra
320,310620005680307P,-19.900541,-43.987685,IGREJA ADVENTISTA 7 DIA,OUTRA CRISTÃ,Outra
321,310620005650182P,-19.932212,-44.000879,IGREJA ADVENTISTA 7 DIA,OUTRA CRISTÃ,Outra
322,310620005670007P,-19.949675,-43.981421,IGREJA ADVENTISTA DA PROMESSA,OUTRA CRISTÃ,Outra
323,310620005630254P,-19.917876,-43.883736,IGREJA ADVENTISTA DO 7 DIA,OUTRA CRISTÃ,Outra
324,310620060690471P,-19.787898,-43.984263,IGREJA ADVENTISTA DO 7 DIA,OUTRA CRISTÃ,Outra
325,310620005630498P,-19.918067,-43.908329,IGREJA ADVENTISTA DO 7 DIA,OUTRA CRISTÃ,Outra
326,310620005640061P,-19.877212,-43.941419,IGREJA ADVENTISTA DO 7 DIA,OUTRA CRISTÃ,Outra
327,310620005620294P,-19.956708,-43.943146,IGREJA ADVENTISTA DO 7 DIA,OUTRA CRISTÃ,Outra
328,310620060690005P,-19.805803,-43.977811,IGREJA ADVENTISTA DO 7 DIA,OUTRA CRISTÃ,Outra
329,310620060660071P,-19.838303,-43.919268,IGREJA ADVENTISTA DO 7 DIA,OUTRA CRISTÃ,Outra
330,310620060680014P,-19.839595,-43.987487,IGREJA ADVENTISTA DO 7 DIA,OUTRA CRISTÃ,Outra
331,310620060660401P,-19.827502,-43.92698,IGREJA ADVENTISTA DO SETIMO,OUTRA CRISTÃ,Outra
332,310620025610071P,-20.017031,-44.030328,IGREJA ADVENTISTA DO SETIMO DIA,OUTRA CRISTÃ,Outra
333,310620005620101P,-19.931978,-43.915607,IGREJA ADVENTISTA DO SETIMO DIA,OUTRA CRISTÃ,Outra
334,310620005620101P,-19.93204,-43.915552,IGREJA ADVENTISTA DO SETIMO DIA,OUTRA CRISTÃ,Outra
335,310620005670147P,-19.943147,-43.994914,IGREJA ADVENTISTA DO SETIMO DIA,OUTRA CRISTÃ,Outra
336,310620005670512P,-19.935993,-44.01545,IGREJA ADVENTISTA DO SETIMO DIA,OUTRA CRISTÃ,Outra
337,310620060640245P,-19.853372,-43.907123,IGREJA ADVENTISTA DO SETIMO DIA,OUTRA CRISTÃ,Outra
338,310620005650671P,-19.910781,-44.019532,IGREJA ADVENTISTA DO SETIMO DIA,OUTRA CRISTÃ,Outra
339,310620060660142P,-19.839857,-43.948615,IGREJA ADVENTISTA DO SETIMO DIA,OUTRA CRISTÃ,Outra
340,310620060640006P,-19.847394,-43.898637,IGREJA ADVENTISTA DO SETIMO DIA,OUTRA CRISTÃ,Outra
341,310620005630455P,-19.889862,-43.898024,IGREJA ADVENTISTA DO SETIMO DIA,OUTRA CRISTÃ,Outra
342,310620005620107P,-19.934415,-43.909774,IGREJA ADVENTISTA DO SETIMO DIA,OUTRA CRISTÃ,Outra
343,310620060690148P,-19.823685,-43.970483,IGREJA ADVENTISTA DO SETIMO DIA,OUTRA CRISTÃ,Outra
344,310620005650325P,-19.889812,-43.956912,IGREJA ADVENTISTA DO SETIMO DIA,OUTRA CRISTÃ,Outra
345,310620005670213P,-19.948204,-43.968455,IGREJA ADVENTISTA DO SETIMO DIA,OUTRA CRISTÃ,Outra
346,310620005630389P,-19.897257,-43.886373,IGREJA ADVENTISTA DO SETIMO DIA,OUTRA CRISTÃ,Outra
347,310620005650352P,-19.900452,-43.9522,IGREJA ADVENTISTA DO SETIMO DIA,OUTRA CRISTÃ,Outra
348,310620025610322P,-19.996541,-43.997565,IGREJA ADVENTISTA DO SETIMO DIA,OUTRA CRISTÃ,Outra
349,310620060690099P,-19.805531,-43.999119,IGREJA ADVENTISTA DO SETIMO DIA,OUTRA CRISTÃ,Outra
350,310620060680050P,-19.843332,-43.988404,IGREJA ADVENTISTA DO SETIMO DIA,OUTRA CRISTÃ,Outra
351,310620005650086P,-19.924835,-43.991599,IGREJA ADVENTISTA DO SETIMO DIA,OUTRA CRISTÃ,Outra
352,310620005680404P,-19.875879,-43.991165,IGREJA ADVENTISTA DO SETIMO DIA,OUTRA CRISTÃ,Outra
353,310620005680096P,-19.832363,-44.014787,IGREJA ADVENTISTA DO SETIMO DIA,OUTRA CRISTÃ,Outra
354,310620060690513P,-19.807911,-43.958662,IGREJA ADVENTISTA DO SETIMO DIA,OUTRA CRISTÃ,Outra
355,310620060640127P,-19.869339,-43.912821,IGREJA ADVENTISTA DO SETIMO DIA,OUTRA CRISTÃ,Outra
356,310620005680390P,-19.867012,-44.018806,IGREJA ADVENTISTA DO SETIMO DIA,OUTRA CRISTÃ,Outra
357,310620005680367P,-19.895571,-43.999657,IGREJA ADVENTISTA DO SETIMO DIA,OUTRA CRISTÃ,Outra
358,310620005680450P,-19.86291,-43.946561,IGREJA ADVENTISTA DO SETIMO DIA,OUTRA CRISTÃ,Outra
359,310620005630488P,-19.907357,-43.88258,IGREJA ADVENTISTA DO SETIMO DIA,OUTRA CRISTÃ,Outra
360,310620005640106P,-19.900648,-43.942909,IGREJA ADVENTISTA DO SETIMO DIA,OUTRA CRISTÃ,Outra
361,310620005620731P,-19.919119,-43.947687,IGREJA ADVENTISTA DO SETIMO DIA,OUTRA CRISTÃ,Outra
362,310620025610371P,-19.988175,-44.001129,IGREJA ADVENTISTA DO SETMO DIA,OUTRA CRISTÃ,Outra
363,310620060680081P,-19.844854,-43.986648,IGREJA ADVENTISTA SETIMO DIA,OUTRA CRISTÃ,Outra
364,310620060690210P,-19.793033,-43.969381,IGREJA ADVENTISTA SETIMO DIA,OUTRA CRISTÃ,Outra
365,310620060690434P,-19.80492,-43.958913,IGREJA AGAPE,PROTESTANTE/EVANGÉLICA GENÉRICA,Protestante/Evangélica
366,310620060690434P,-19.805045,-43.958849,IGREJA AGAPE,PROTESTANTE/EVANGÉLICA GENÉRICA,Protestante/Evangélica
367,310620005640135P,-19.903721,-43.935381,IGREJA AGAPE,PROTESTANTE/EVANGÉLICA GENÉRICA,Protestante/Evangélica
368,310620005650592P,-19.909564,-43.968756,IGREJA AGUAS QUE SARAM,PROTESTANTE/EVANGÉLICA GENÉRICA,Protestante/Evangélica
369,310620060640095P,-19.863772,-43.908036,IGREJA AGUAS QUE SARAM,PROTESTANTE/EVANGÉLICA GENÉRICA,Protestante/Evangélica
370,310620025610336P,-20.014892,-44.020995,IGREJA ALIANCA COM DEUS,PROTESTANTE/EVANGÉLICA GENÉRICA,Protestante/Evangélica
371,310620060690478P,-19.805532,-43.989625,IGREJA ALIANCA COM DEUS,PROTESTANTE/EVANGÉLICA GENÉRICA,Protestante/Evangélica
372,310620060660036P,-19.8251,-43.924952,IGREJA ALIANCA COM DEUS,PROTESTANTE/EVANGÉLICA GENÉRICA,Protestante/Evangélica
373,310620060690299P,-19.787695,-43.979055,IGREJA ALIANCA COM DEUS,PROTESTANTE/EVANGÉLICA GENÉRICA,Protestante/Evangélica
374,310620025610352P,-20.010995,-44.013794,IGREJA ALIANCA ETERNA,PROTESTANTE/EVANGÉLICA GENÉRICA,Protestante/Evangélica
375,310620060690041P,-19.810714,-43.99404,IGREJA ALIANCA ETERNA,PROTESTANTE/EVANGÉLICA GENÉRICA,Protestante/Evangélica
376,310620005670508P,-19.939187,-44.023107,IGREJA ALIANCA ETERNA,PROTESTANTE/EVANGÉLICA GENÉRICA,Protestante/Evangélica
377,310620025610510P,-19.995094,-43.995304,IGREJA ALINCA ETERNA,PROTESTANTE/EVANGÉLICA GENÉRICA,Protestante/Evangélica
378,310620060660184P,-19.800841,-43.925171,IGREJA ALVO E O CEU,PROTESTANTE/EVANGÉLICA GENÉRICA,Protestante/Evangélica
379,310620025610034P,-20.003883,-44.006184,IGREJA AMOR ETERNO,PROTESTANTE/EVANGÉLICA GENÉRICA,Protestante/Evangélica
380,310620060640187P,-19.859334,-43.870234,IGREJA AMOR MAIOR PARA AS NACOES,AFRO-BRASILEIRA,Afro-brasileira
381,310620005670747P,-19.930898,-43.981096,IGREJA ANGLICANA,PROTESTANTE HISTÓRICA,Protestante/Evangélica
382,310620005670092P,-19.950559,-43.969169,IGREJA APOSTLICA,PROTESTANTE/EVANGÉLICA GENÉRICA,Protestante/Evangélica
383,310620005670578P,-19.95383,-43.998244,IGREJA APOSTOLICA,PROTESTANTE/EVANGÉLICA GENÉRICA,Protestante/Evangélica
384,310620005630059P,-19.911982,-43.896571,IGREJA APOSTOLICA,PROTESTANTE/EVANGÉLICA GENÉRICA,Protestante/Evangélica
385,310620060640038P,-19.833299,-43.889462,IGREJA APOSTOLICA BATISTA,PROTESTANTE HISTÓRICA,Protestante/Evangélica
386,310620005670092P,-19.951685,-43.967829,IGREJA APOSTOLICA CRISTO VIVO,PROTESTANTE/EVANGÉLICA GENÉRICA,Protestante/Evangélica
387,310620025610128P,-20.020355,-44.034362,IGREJA APOSTOLICA DA FE,PROTESTANTE/EVANGÉLICA GENÉRICA,Protestante/Evangélica
388,310620005620363P,-19.961347,-43.950721,IGREJA APOSTOLICA FACE DO LEAO,PROTESTANTE/EVANGÉLICA GENÉRICA,Protestante/Evangélica
389,310620060640074P,-19.831807,-43.887194,IGREJA APOSTOLICA FIM DOS TEMPOS,PROTESTANTE/EVANGÉLICA GENÉRICA,Protestante/Evangélica
390,310620025610337P,-20.013827,-44.028224,IGREJA APOSTOLICA PRIMITIVA,PROTESTANTE/EVANGÉLICA GENÉRICA,Protestante/Evangélica
391,310620005620328P,-19.924203,-43.949963,IGREJA APOSTOLICA RENASCER,PROTESTANTE/EVANGÉLICA GENÉRICA,Protestante/Evangélica
392,310620005630499P,-19.892936,-43.895716,IGREJA APOSTOLICA REVIVER,PROTESTANTE/EVANGÉLICA GENÉRICA,Protestante/Evangélica
393,310620005680548P,-19.902996,-43.994321,IGREJA APOSTOLICA SAO JOSE,CATÓLICA,Católica
394,310620005630172P,-19.918006,-43.886183,IGREJA APOSTOLICA TERRA PROMETIDA,PROTESTANTE/EVANGÉLICA GENÉRICA,Protestante/Evangélica
395,310620060640240P,-19.859737,-43.876282,IGREJA APRISCO CHURCH,PROTESTANTE/EVANGÉLICA GENÉRICA,Protestante/Evangélica
396,310620005650110P,-19.914881,-44.001852,IGREJA ARCA DA ALIANCA,PROTESTANTE/EVANGÉLICA GENÉRICA,Protestante/Evangélica
397,310620005630418P,-19.910616,-43.894074,IGREJA ARCA DA ALIANCA,PROTESTANTE/EVANGÉLICA GENÉRICA,Protestante/Evangélica
398,310620060660097P,-19.853702,-43.926612,IGREJA ARCA DA PAZ,PROTESTANTE/EVANGÉLICA GENÉRICA,Protestante/Evangélica
399,310620005650696P,-19.889435,-43.970158,IGREJA ARREBATADOS EM PENTECIATE,PROTESTANTE/EVANGÉLICA GENÉRICA,Protestante/Evangélica
400,310620025610600P,-20.000415,-44.031056,IGREJA ASEMBLEIA DE DEUS,PROTESTANTE/EVANGÉLICA GENÉRICA,Protestante/Evangélica
401,310620060660287P,-19.853077,-43.932541,IGREJA ASSEBLEIA DE DEUS,PROTESTANTE/EVANGÉLICA GENÉRICA,Protestante/Evangélica
402,310620060690099P,-19.807061,-43.999051,IGREJA ASSEMBEIA DE DEUS,PROTESTANTE/EVANGÉLICA GENÉRICA,Protestante/Evangélica
403,310620005630175P,-19.923316,-43.903575,IGREJA ASSEMBLEA DE DEUS,PROTESTANTE/EVANGÉLICA GENÉRICA,Protestante/Evangélica
404,310620025610161P,-19.98946,-44.050903,IGREJA ASSEMBLEA DE DEUS,PROTESTANTE/EVANGÉLICA GENÉRICA,Protestante/Evangélica
405,310620060640093P,-19.868017,-43.904907,IGREJA ASSEMBLEA DEUS,PROTESTANTE/EVANGÉLICA GENÉRICA,Protestante/Evangélica
406,310620025610587P,-19.978508,-44.045662,IGREJA ASSEMBLEIA,PROTESTANTE/EVANGÉLICA GENÉRICA,Protestante/Evangélica
407,310620005670141P,-19.945255,-43.998322,IGREJA ASSEMBLEIA,PROTESTANTE/EVANGÉLICA GENÉRICA,Protestante/Evangélica
408,310620005680422P,-19.881542,-43.985862,IGREJA ASSEMBLEIA,PROTESTANTE/EVANGÉLICA GENÉRICA,Protestante/Evangélica
409,310620060690174P,-19.822073,-43.999187,IGREJA ASSEMBLEIA,PROTESTANTE/EVANGÉLICA GENÉRICA,Protestante/Evangélica
410,310620060690036P,-19.819697,-43.987009,IGREJA ASSEMBLEIA,PROTESTANTE/EVANGÉLICA GENÉRICA,Protestante/Evangélica
411,310620025610153P,-19.98752,-44.003159,IGREJA ASSEMBLEIA,PROTESTANTE/EVANGÉLICA GENÉRICA,Protestante/Evangélica
412,310620005630085P,-19.894803,-43.899975,IGREJA ASSEMBLEIA ATOS DOS APOSTOLOS,PROTESTANTE/EVANGÉLICA GENÉRICA,Protestante/Evangélica
413,310620060640288P,-19.846648,-43.878442,IGREJA ASSEMBLEIA CRISTA,PROTESTANTE/EVANGÉLICA GENÉRICA,Protestante/Evangélica
414,310620005630012P,-19.912361,-43.906822,IGREJA ASSEMBLEIA CRISTA POMPEIA,PROTESTANTE/EVANGÉLICA GENÉRICA,Protestante/Evangélica
415,310620060660213P,-19.81228,-43.941374,IGREJA ASSEMBLEIA DA FE,PROTESTANTE/EVANGÉLICA GENÉRICA,Protestante/Evangélica
416,310620005670075P,-19.952816,-43.997426,IGREJA ASSEMBLEIA DE DEUS,PENTECOSTAL CLÁSSICA,Protestante/Evangélica
417,310620060690238P,-19.816509,-43.950437,IGREJA ASSEMBLEIA DE DEUS,PENTECOSTAL CLÁSSICA,Protestante/Evangélica
418,310620005670449P,-19.945878,-44.001656,IGREJA ASSEMBLEIA DE DEUS,PENTECOSTAL CLÁSSICA,Protestante/Evangélica
419,310620005670465P,-19.949723,-43.961828,IGREJA ASSEMBLEIA DE DEUS,PENTECOSTAL CLÁSSICA,Protestante/Evangélica
420,310620005620126P,-19.943873,-43.909151,IGREJA ASSEMBLEIA DE DEUS,PENTECOSTAL CLÁSSICA,Protestante/Evangélica
421,310620060690417P,-19.80138,-43.975866,IGREJA ASSEMBLEIA DE DEUS,PENTECOSTAL CLÁSSICA,Protestante/Evangélica
422,310620005670743P,-19.935008,-44.014625,IGREJA ASSEMBLEIA DE DEUS,PENTECOSTAL CLÁSSICA,Protestante/Evangélica
423,310620005650560P,-19.897685,-43.951748,IGREJA ASSEMBLEIA DE DEUS,PENTECOSTAL CLÁSSICA,Protestante/Evangélica
424,310620005620289P,-19.956076,-43.942326,IGREJA ASSEMBLEIA DE DEUS,PENTECOSTAL CLÁSSICA,Protestante/Evangélica
425,310620005620510P,-19.93257,-43.910658,IGREJA ASSEMBLEIA DE DEUS,PENTECOSTAL CLÁSSICA,Protestante/Evangélica
426,310620005670517P,-19.936925,-44.002359,IGREJA ASSEMBLEIA DE DEUS,PENTECOSTAL CLÁSSICA,Protestante/Evangélica
427,310620005620105P,-19.939351,-43.906529,IGREJA ASSEMBLEIA DE DEUS,PENTECOSTAL CLÁSSICA,Protestante/Evangélica
428,310620025610320P,-19.991119,-44.037589,IGREJA ASSEMBLEIA DE DEUS,PENTECOSTAL CLÁSSICA,Protestante/Evangélica
429,310620060640213P,-19.832216,-43.867908,IGREJA ASSEMBLEIA DE DEUS,PENTECOSTAL CLÁSSICA,Protestante/Evangélica
430,310620005680314P,-19.893249,-43.987848,IGREJA ASSEMBLEIA DE DEUS,PENTECOSTAL CLÁSSICA,Protestante/Evangélica
431,310620025610127P,-20.020767,-44.032476,IGREJA ASSEMBLEIA DE DEUS,PENTECOSTAL CLÁSSICA,Protestante/Evangélica
432,310620005670558P,-19.954548,-43.990974,IGREJA ASSEMBLEIA DE DEUS,PENTECOSTAL CLÁSSICA,Protestante/Evangélica
433,310620005630258P,-19.915702,-43.88097,IGREJA ASSEMBLEIA DE DEUS,PENTECOSTAL CLÁSSICA,Protestante/Evangélica
434,310620025610198P,-19.986523,-44.000376,IGREJA ASSEMBLEIA DE DEUS,PENTECOSTAL CLÁSSICA,Protestante/Evangélica
435,310620005620652P,-19.932593,-43.903544,IGREJA ASSEMBLEIA DE DEUS,PENTECOSTAL CLÁSSICA,Protestante/Evangélica
436,310620005630185P,-19.918758,-43.921777,IGREJA ASSEMBLEIA DE DEUS,PENTECOSTAL CLÁSSICA,Protestante/Evangélica
437,310620060690199P,-19.786072,-43.980908,IGREJA ASSEMBLEIA DE DEUS,PENTECOSTAL CLÁSSICA,Protestante/Evangélica
438,310620025610634P,-19.985295,-44.028678,IGREJA ASSEMBLEIA DE DEUS,PENTECOSTAL CLÁSSICA,Protestante/Evangélica
439,310620025610542P,-20.006922,-44.041188,IGREJA ASSEMBLEIA DE DEUS,PENTECOSTAL CLÁSSICA,Protestante/Evangélica
440,310620060690056P,-19.801794,-43.972837,IGREJA ASSEMBLEIA DE DEUS,PENTECOSTAL CLÁSSICA,Protestante/Evangélica
441,310620025610444P,-19.995853,-44.048135,IGREJA ASSEMBLEIA DE DEUS,PENTECOSTAL CLÁSSICA,Protestante/Evangélica
442,310620060690356P,-19.788303,-43.974264,IGREJA ASSEMBLEIA DE DEUS,PENTECOSTAL CLÁSSICA,Protestante/Evangélica
443,310620060660233P,-19.856197,-43.928523,IGREJA ASSEMBLEIA DE DEUS,PENTECOSTAL CLÁSSICA,Protestante/Evangélica
444,310620005650671P,-19.911325,-44.019767,IGREJA ASSEMBLEIA DE DEUS,PENTECOSTAL CLÁSSICA,Protestante/Evangélica
445,310620005630255P,-19.919931,-43.881349,IGREJA ASSEMBLEIA DE DEUS,PENTECOSTAL CLÁSSICA,Protestante/Evangélica
446,310620025610077P,-20.011692,-44.038096,IGREJA ASSEMBLEIA DE DEUS,PENTECOSTAL CLÁSSICA,Protestante/Evangélica
447,310620060640037P,-19.83541,-43.892908,IGREJA ASSEMBLEIA DE DEUS,PENTECOSTAL CLÁSSICA,Protestante/Evangélica
448,310620005620592P,-19.931206,-43.905617,IGREJA ASSEMBLEIA DE DEUS,PENTECOSTAL CLÁSSICA,Protestante/Evangélica
449,310620005630267P,-19.920548,-43.877277,IGREJA ASSEMBLEIA DE DEUS,PENTECOSTAL CLÁSSICA,Protestante/Evangélica
450,310620005650447P,-19.919119,-43.983288,IGREJA ASSEMBLEIA DE DEUS,PENTECOSTAL CLÁSSICA,Protestante/Evangélica
451,310620060640040P,-19.835091,-43.888694,IGREJA ASSEMBLEIA DE DEUS,PENTECOSTAL CLÁSSICA,Protestante/Evangélica
452,310620005630167P,-19.908605,-43.888673,IGREJA ASSEMBLEIA DE DEUS,PENTECOSTAL CLÁSSICA,Protestante/Evangélica
453,310620025610015P,-19.997751,-44.027856,IGREJA ASSEMBLEIA DE DEUS,PENTECOSTAL CLÁSSICA,Protestante/Evangélica
454,310620005680079P,-19.87057,-44.008053,IGREJA ASSEMBLEIA DE DEUS,PENTECOSTAL CLÁSSICA,Protestante/Evangélica
455,310620060640148P,-19.850059,-43.884424,IGREJA ASSEMBLEIA DE DEUS,PENTECOSTAL CLÁSSICA,Protestante/Evangélica
456,310620060660124P,-19.84736,-43.942058,IGREJA ASSEMBLEIA DE DEUS,PENTECOSTAL CLÁSSICA,Protestante/Evangélica
457,310620025610577P,-20.005315,-44.018929,IGREJA ASSEMBLEIA DE DEUS,PENTECOSTAL CLÁSSICA,Protestante/Evangélica
458,310620005680079P,-19.870842,-44.00843,IGREJA ASSEMBLEIA DE DEUS,PENTECOSTAL CLÁSSICA,Protestante/Evangélica
459,310620005670194P,-19.943849,-44.001167,IGREJA ASSEMBLEIA DE DEUS,PENTECOSTAL CLÁSSICA,Protestante/Evangélica
460,310620060690169P,-19.828595,-43.991134,IGREJA ASSEMBLEIA DE DEUS,PENTECOSTAL CLÁSSICA,Protestante/Evangélica
461,310620005670124P,-19.951011,-43.998356,IGREJA ASSEMBLEIA DE DEUS,PENTECOSTAL CLÁSSICA,Protestante/Evangélica
462,310620060640051P,-19.845549,-43.909149,IGREJA ASSEMBLEIA DE DEUS,PENTECOSTAL CLÁSSICA,Protestante/Evangélica
463,310620025610407P,-20.006335,-44.031234,IGREJA ASSEMBLEIA DE DEUS,PENTECOSTAL CLÁSSICA,Protestante/Evangélica
464,310620005670431P,-19.953012,-43.964774,IGREJA ASSEMBLEIA DE DEUS,PENTECOSTAL CLÁSSICA,Protestante/Evangélica
465,310620060690132P,-19.814546,-43.964551,IGREJA ASSEMBLEIA DE DEUS,PENTECOSTAL CLÁSSICA,Protestante/Evangélica
466,310620025610404P,-19.979841,-44.054998,IGREJA ASSEMBLEIA DE DEUS,PENTECOSTAL CLÁSSICA,Protestante/Evangélica
467,310620005670120P,-19.95306,-43.996435,IGREJA ASSEMBLEIA DE DEUS,PENTECOSTAL CLÁSSICA,Protestante/Evangélica
468,310620005670072P,-19.952586,-43.992138,IGREJA ASSEMBLEIA DE DEUS,PENTECOSTAL CLÁSSICA,Protestante/Evangélica
469,310620025610575P,-19.98726,-44.054755,IGREJA ASSEMBLEIA DE DEUS,PENTECOSTAL CLÁSSICA,Protestante/Evangélica
470,310620025610063P,-20.006846,-44.005819,IGREJA ASSEMBLEIA DE DEUS,PENTECOSTAL CLÁSSICA,Protestante/Evangélica
471,310620025610402P,-19.996143,-43.966227,IGREJA ASSEMBLEIA DE DEUS,PENTECOSTAL CLÁSSICA,Protestante/Evangélica
472,310620005630418P,-19.910723,-43.893065,IGREJA ASSEMBLEIA DE DEUS,PENTECOSTAL CLÁSSICA,Protestante/Evangélica
473,310620005630347P,-19.90812,-43.890078,IGREJA ASSEMBLEIA DE DEUS,PENTECOSTAL CLÁSSICA,Protestante/Evangélica
474,310620060640147P,-19.843286,-43.898753,IGREJA ASSEMBLEIA DE DEUS,PENTECOSTAL CLÁSSICA,Protestante/Evangélica
475,310620060660374P,-19.810315,-43.939755,IGREJA ASSEMBLEIA DE DEUS,PENTECOSTAL CLÁSSICA,Protestante/Evangélica
476,310620025610230P,-19.987944,-43.99504,IGREJA ASSEMBLEIA DE DEUS,PENTECOSTAL CLÁSSICA,Protestante/Evangélica
477,310620060640061P,-19.86358,-43.904386,IGREJA ASSEMBLEIA DE DEUS,PENTECOSTAL CLÁSSICA,Protestante/Evangélica
478,310620005680301P,-19.902631,-43.994321,IGREJA ASSEMBLEIA DE DEUS,PENTECOSTAL CLÁSSICA,Protestante/Evangélica
479,310620060640331P,-19.852495,-43.885512,IGREJA ASSEMBLEIA DE DEUS,PENTECOSTAL CLÁSSICA,Protestante/Evangélica
480,310620005670022P,-19.962898,-43.979205,IGREJA ASSEMBLEIA DE DEUS,PENTECOSTAL CLÁSSICA,Protestante/Evangélica
481,310620060640313P,-19.857926,-43.888267,IGREJA ASSEMBLEIA DE DEUS,PENTECOSTAL CLÁSSICA,Protestante/Evangélica
482,310620005670057P,-19.960626,-43.968516,IGREJA ASSEMBLEIA DE DEUS,PENTECOSTAL CLÁSSICA,Protestante/Evangélica
483,310620005680034P,-19.873387,-44.004467,IGREJA ASSEMBLEIA DE DEUS,PENTECOSTAL CLÁSSICA,Protestante/Evangélica
484,310620025610501P,-19.976668,-44.060095,IGREJA ASSEMBLEIA DE DEUS,PENTECOSTAL CLÁSSICA,Protestante/Evangélica
485,310620005670318P,-19.953657,-43.979275,IGREJA ASSEMBLEIA DE DEUS,PENTECOSTAL CLÁSSICA,Protestante/Evangélica
486,310620060660029P,-19.825212,-43.938128,IGREJA ASSEMBLEIA DE DEUS,PENTECOSTAL CLÁSSICA,Protestante/Evangélica
487,310620060690193P,-19.788779,-43.982399,IGREJA ASSEMBLEIA DE DEUS,PENTECOSTAL CLÁSSICA,Protestante/Evangélica
488,310620005670751P,-19.975884,-43.980636,IGREJA ASSEMBLEIA DE DEUS,PENTECOSTAL CLÁSSICA,Protestante/Evangélica
489,310620060690155P,-19.828431,-43.982841,IGREJA ASSEMBLEIA DE DEUS,PENTECOSTAL CLÁSSICA,Protestante/Evangélica
490,310620060690410P,-19.810448,-43.987942,IGREJA ASSEMBLEIA DE DEUS,PENTECOSTAL CLÁSSICA,Protestante/Evangélica
491,310620025610047P,-19.992142,-44.031819,IGREJA ASSEMBLEIA DE DEUS,PENTECOSTAL CLÁSSICA,Protestante/Evangélica
492,310620005650459P,-19.907404,-44.009305,IGREJA ASSEMBLEIA DE DEUS,PENTECOSTAL CLÁSSICA,Protestante/Evangélica
493,310620060660302P,-19.82808,-43.904866,IGREJA ASSEMBLEIA DE DEUS,PENTECOSTAL CLÁSSICA,Protestante/Evangélica
494,310620060690365P,-19.802215,-43.962949,IGREJA ASSEMBLEIA DE DEUS,PENTECOSTAL CLÁSSICA,Protestante/Evangélica
495,310620060640053P,-19.834993,-43.905004,IGREJA ASSEMBLEIA DE DEUS,PENTECOSTAL CLÁSSICA,Protestante/Evangélica
496,310620060640304P,-19.852481,-43.900411,IGREJA ASSEMBLEIA DE DEUS,PENTECOSTAL CLÁSSICA,Protestante/Evangélica
497,310620005670063P,-19.966423,-43.986346,IGREJA ASSEMBLEIA DE DEUS,PENTECOSTAL CLÁSSICA,Protestante/Evangélica
498,310620060690510P,-19.801251,-43.955543,IGREJA ASSEMBLEIA DE DEUS,PENTECOSTAL CLÁSSICA,Protestante/Evangélica
499,310620005670471P,-19.925223,-43.974178,IGREJA ASSEMBLEIA DE DEUS,PENTECOSTAL CLÁSSICA,Protestante/Evangélica
500,310620060660344P,-19.843442,-43.914045,IGREJA ASSEMBLEIA DE DEUS,PENTECOSTAL CLÁSSICA,Protestante/Evangélica
501,310620060640237P,-19.859899,-43.873312,IGREJA ASSEMBLEIA DE DEUS,PENTECOSTAL CLÁSSICA,Protestante/Evangélica
502,310620005620114P,-19.936141,-43.906692,IGREJA ASSEMBLEIA DE DEUS,PENTECOSTAL CLÁSSICA,Protestante/Evangélica
503,310620005630042P,-19.90378,-43.916774,IGREJA ASSEMBLEIA DE DEUS,PENTECOSTAL CLÁSSICA,Protestante/Evangélica
504,310620005670115P,-19.956755,-43.997229,IGREJA ASSEMBLEIA DE DEUS,PENTECOSTAL CLÁSSICA,Protestante/Evangélica
505,310620060660413P,-19.851288,-43.9241,IGREJA ASSEMBLEIA DE DEUS,PENTECOSTAL CLÁSSICA,Protestante/Evangélica
506,310620005680188P,-19.859328,-43.953895,IGREJA ASSEMBLEIA DE DEUS,PENTECOSTAL CLÁSSICA,Protestante/Evangélica
507,310620005670131P,-19.947679,-43.999865,IGREJA ASSEMBLEIA DE DEUS,PENTECOSTAL CLÁSSICA,Protestante/Evangélica
508,310620025610430P,-19.99945,-44.025047,IGREJA ASSEMBLEIA DE DEUS,PENTECOSTAL CLÁSSICA,Protestante/Evangélica
509,310620060640263P,-19.851844,-43.882196,IGREJA ASSEMBLEIA DE DEUS,PENTECOSTAL CLÁSSICA,Protestante/Evangélica
510,310620005620129P,-19.943257,-43.910867,IGREJA ASSEMBLEIA DE DEUS,PENTECOSTAL CLÁSSICA,Protestante/Evangélica
511,310620025610316P,-19.995958,-44.04807,IGREJA ASSEMBLEIA DE DEUS,PENTECOSTAL CLÁSSICA,Protestante/Evangélica
512,310620060660323P,-19.819014,-43.938242,IGREJA ASSEMBLEIA DE DEUS,PENTECOSTAL CLÁSSICA,Protestante/Evangélica
513,310620025610234P,-19.993149,-43.987926,IGREJA ASSEMBLEIA DE DEUS,PENTECOSTAL CLÁSSICA,Protestante/Evangélica
514,310620060640231P,-19.838405,-43.888934,IGREJA ASSEMBLEIA DE DEUS,PENTECOSTAL CLÁSSICA,Protestante/Evangélica
515,310620060690337P,-19.799137,-43.985107,IGREJA ASSEMBLEIA DE DEUS,PENTECOSTAL CLÁSSICA,Protestante/Evangélica
516,310620005620503P,-19.930647,-43.908622,IGREJA ASSEMBLEIA DE DEUS,PENTECOSTAL CLÁSSICA,Protestante/Evangélica
517,310620025610588P,-19.994823,-43.983288,IGREJA ASSEMBLEIA DE DEUS,PENTECOSTAL CLÁSSICA,Protestante/Evangélica
518,310620005630206P,-19.891729,-43.894009,IGREJA ASSEMBLEIA DE DEUS,PENTECOSTAL CLÁSSICA,Protestante/Evangélica
519,310620060640098P,-19.860781,-43.910521,IGREJA ASSEMBLEIA DE DEUS,PENTECOSTAL CLÁSSICA,Protestante/Evangélica
520,310620005640060P,-19.87972,-43.943925,IGREJA ASSEMBLEIA DE DEUS,PENTECOSTAL CLÁSSICA,Protestante/Evangélica
521,310620005670106P,-19.969192,-43.973503,IGREJA ASSEMBLEIA DE DEUS,PENTECOSTAL CLÁSSICA,Protestante/Evangélica
522,310620005650315P,-19.894216,-43.968795,IGREJA ASSEMBLEIA DE DEUS,PENTECOSTAL CLÁSSICA,Protestante/Evangélica
523,310620025610261P,-19.977928,-44.048915,IGREJA ASSEMBLEIA DE DEUS,PENTECOSTAL CLÁSSICA,Protestante/Evangélica
524,310620025610219P,-19.957601,-44.006353,IGREJA ASSEMBLEIA DE DEUS,PENTECOSTAL CLÁSSICA,Protestante/Evangélica
525,310620060640027P,-19.856214,-43.896938,IGREJA ASSEMBLEIA DE DEUS,PENTECOSTAL CLÁSSICA,Protestante/Evangélica
526,310620005650436P,-19.907372,-43.984529,IGREJA ASSEMBLEIA DE DEUS,PENTECOSTAL CLÁSSICA,Protestante/Evangélica
527,310620025610615P,-19.984112,-43.983109,IGREJA ASSEMBLEIA DE DEUS,PENTECOSTAL CLÁSSICA,Protestante/Evangélica
528,310620025610601P,-19.999333,-44.030921,IGREJA ASSEMBLEIA DE DEUS,PENTECOSTAL CLÁSSICA,Protestante/Evangélica
529,310620060690505P,-19.821717,-43.965751,IGREJA ASSEMBLEIA DE DEUS,PENTECOSTAL CLÁSSICA,Protestante/Evangélica
530,310620060660164P,-19.811255,-43.935233,IGREJA ASSEMBLEIA DE DEUS,PENTECOSTAL CLÁSSICA,Protestante/Evangélica
531,310620060640129P,-19.867535,-43.918664,IGREJA ASSEMBLEIA DE DEUS,PENTECOSTAL CLÁSSICA,Protestante/Evangélica
532,310620005620115P,-19.935106,-43.909574,IGREJA ASSEMBLEIA DE DEUS,PENTECOSTAL CLÁSSICA,Protestante/Evangélica
533,310620060660397P,-19.811999,-43.90984,IGREJA ASSEMBLEIA DE DEUS,PENTECOSTAL CLÁSSICA,Protestante/Evangélica
534,310620060640126P,-19.870259,-43.911744,IGREJA ASSEMBLEIA DE DEUS,PENTECOSTAL CLÁSSICA,Protestante/Evangélica
535,310620005660005P,-19.845497,-43.949723,IGREJA ASSEMBLEIA DE DEUS,PENTECOSTAL CLÁSSICA,Protestante/Evangélica
536,310620060690191P,-19.806398,-44.001717,IGREJA ASSEMBLEIA DE DEUS,PENTECOSTAL CLÁSSICA,Protestante/Evangélica
537,310620005630058P,-19.915731,-43.893965,IGREJA ASSEMBLEIA DE DEUS,PENTECOSTAL CLÁSSICA,Protestante/Evangélica
538,310620060690210P,-19.794113,-43.967471,IGREJA ASSEMBLEIA DE DEUS,PENTECOSTAL CLÁSSICA,Protestante/Evangélica
539,310620025610047P,-19.990352,-44.030301,IGREJA ASSEMBLEIA DE DEUS,PENTECOSTAL CLÁSSICA,Protestante/Evangélica
540,310620060660276P,-19.836688,-43.91537,IGREJA ASSEMBLEIA DE DEUS,PENTECOSTAL CLÁSSICA,Protestante/Evangélica
541,310620060640248P,-19.857376,-43.913372,IGREJA ASSEMBLEIA DE DEUS,PENTECOSTAL CLÁSSICA,Protestante/Evangélica
542,310620025610222P,-19.973562,-43.993357,IGREJA ASSEMBLEIA DE DEUS,PENTECOSTAL CLÁSSICA,Protestante/Evangélica
543,310620005680119P,-19.86655,-43.934028,IGREJA ASSEMBLEIA DE DEUS,PENTECOSTAL CLÁSSICA,Protestante/Evangélica
544,310620005630268P,-19.917103,-43.875443,IGREJA ASSEMBLEIA DE DEUS,PENTECOSTAL CLÁSSICA,Protestante/Evangélica
545,310620005630253P,-19.907767,-43.883997,IGREJA ASSEMBLEIA DE DEUS,PENTECOSTAL CLÁSSICA,Protestante/Evangélica
546,310620005670008P,-19.95332,-43.986466,IGREJA ASSEMBLEIA DE DEUS CHAMA DO AVIVAMENTO,PENTECOSTAL CLÁSSICA,Protestante/Evangélica
547,310620025610335P,-20.014473,-44.023229,IGREJA ASSEMBLEIA DE DEUS DA BENCAO,PENTECOSTAL CLÁSSICA,Protestante/Evangélica
548,310620060690189P,-19.810137,-44.002147,IGREJA ASSEMBLEIA DE DEUS DA FAITAD,PENTECOSTAL CLÁSSICA,Protestante/Evangélica
549,310620005620303P,-19.951859,-43.944378,IGREJA ASSEMBLEIA DE DEUS DA MISSAO,PENTECOSTAL CLÁSSICA,Protestante/Evangélica
550,310620060690282P,-19.807823,-43.997748,IGREJA ASSEMBLEIA DE DEUS DO,PENTECOSTAL CLÁSSICA,Protestante/Evangélica
551,310620005630204P,-19.887143,-43.897262,IGREJA ASSEMBLEIA DE DEUS DO BRASIL,PENTECOSTAL CLÁSSICA,Protestante/Evangélica
552,310620005680045P,-19.856458,-43.959364,IGREJA ASSEMBLEIA DE DEUS DO BRASIL,PENTECOSTAL CLÁSSICA,Protestante/Evangélica
553,310620005650212P,-19.918972,-44.008218,IGREJA ASSEMBLEIA DE DEUS DO JABAQUARA,PENTECOSTAL CLÁSSICA,Protestante/Evangélica
554,310620005630127P,-19.90505,-43.889413,IGREJA ASSEMBLEIA DE DEUS ESPADA DE GIDEAO,PENTECOSTAL CLÁSSICA,Protestante/Evangélica
555,310620060660361P,-19.831674,-43.920866,IGREJA ASSEMBLEIA DE DEUS MINISTERIO DE OURO PRETO,PENTECOSTAL CLÁSSICA,Protestante/Evangélica
556,310620060640095P,-19.863747,-43.907945,IGREJA ASSEMBLEIA DE DEUS MINISTERIO JERUSALEM,PENTECOSTAL CLÁSSICA,Protestante/Evangélica
557,310620060640233P,-19.854589,-43.882618,IGREJA ASSEMBLEIA DE DEUS MINISTERIO JERUSALEM,PENTECOSTAL CLÁSSICA,Protestante/Evangélica
558,310620060690311P,-19.825075,-43.992313,IGREJA ASSEMBLEIA DE DEUS MINISTERIO MAD,PENTECOSTAL CLÁSSICA,Protestante/Evangélica
559,310620025610278P,-20.001451,-44.017584,IGREJA ASSEMBLEIA DE DEUS MINISTERIO PAULINA,PENTECOSTAL CLÁSSICA,Protestante/Evangélica
560,310620025610330P,-19.994287,-44.050599,IGREJA ASSEMBLEIA DE DEUS MINISTERIO VALE DO JATOBA,PENTECOSTAL CLÁSSICA,Protestante/Evangélica
561,310620060690021P,-19.816472,-43.982955,IGREJA ASSEMBLEIA DE DEUS NO BRASIL,PENTECOSTAL CLÁSSICA,Protestante/Evangélica
562,310620060640037P,-19.838018,-43.892155,IGREJA ASSEMBLEIA DE DEUS NOVA ESPERANCA,PENTECOSTAL CLÁSSICA,Protestante/Evangélica
563,310620060660300P,-19.833598,-43.908838,IGREJA ASSEMBLEIA DE DEUS NOVO LAGEDO,PENTECOSTAL CLÁSSICA,Protestante/Evangélica
564,310620060640320P,-19.850585,-43.900529,IGREJA ASSEMBLEIA DE DEUS PLENITUDE DE VIDA,PENTECOSTAL CLÁSSICA,Protestante/Evangélica
565,310620060640038P,-19.834354,-43.888739,IGREJA ASSEMBLEIA DE DEUS REMANESCENTES DA ULTIMA HORA,PENTECOSTAL CLÁSSICA,Protestante/Evangélica
566,310620025610206P,-19.994006,-43.987965,IGREJA ASSEMBLEIA DE DEUS RENASCER CELESTIAL,PENTECOSTAL CLÁSSICA,Protestante/Evangélica
567,310620025610093P,-20.001279,-44.043061,IGREJA ASSEMBLEIA DE DEUS RENOVADA DO BR,PENTECOSTAL CLÁSSICA,Protestante/Evangélica
568,310620060690143P,-19.822417,-43.967708,IGREJA ASSEMBLEIA DE DEUS VITORIA,PENTECOSTAL CLÁSSICA,Protestante/Evangélica
569,310620005670035P,-19.945516,-43.989612,IGREJA ASSEMBLEIA DE NOVA CINTRA,PROTESTANTE/EVANGÉLICA GENÉRICA,Protestante/Evangélica
570,310620005680089P,-19.871142,-44.016098,IGREJA ASSEMBLEIA DEUS,PROTESTANTE/EVANGÉLICA GENÉRICA,Protestante/Evangélica
571,310620060690103P,-19.800655,-43.998605,IGREJA ASSEMBLEIA DEUS,PROTESTANTE/EVANGÉLICA GENÉRICA,Protestante/Evangélica
572,310620060640028P,-19.861173,-43.898961,IGREJA ASSEMBLEIA DEUS,PROTESTANTE/EVANGÉLICA GENÉRICA,Protestante/Evangélica
573,310620025610588P,-19.996758,-43.98237,IGREJA ASSEMBLEIA DEUS,PROTESTANTE/EVANGÉLICA GENÉRICA,Protestante/Evangélica
574,310620025610093P,-20.001157,-44.042669,IGREJA ASSEMBLEIA DO BRASIL,PROTESTANTE/EVANGÉLICA GENÉRICA,Protestante/Evangélica
575,310620005630085P,-19.894853,-43.900005,IGREJA ASSEMBLEIA DOS APOSTOLOS,PROTESTANTE/EVANGÉLICA GENÉRICA,Protestante/Evangélica
576,310620005630055P,-19.905775,-43.892934,IGREJA ASSEMBLEIA DOS SANTOS,CATÓLICA,Católica
577,310620025610308P,-19.977745,-44.020115,IGREJA ASSEMBLEIA DR DEUS,PROTESTANTE/EVANGÉLICA GENÉRICA,Protestante/Evangélica
578,310620025610313P,-20.004225,-44.039474,IGREJA ASSEMBLEIA MADUREIRA,PROTESTANTE/EVANGÉLICA GENÉRICA,Protestante/Evangélica
579,310620005620504P,-19.931754,-43.904234,IGREJA ASSEMBLEIA MISSIONARIA,PROTESTANTE/EVANGÉLICA GENÉRICA,Protestante/Evangélica
580,310620005620132P,-19.939642,-43.908107,IGREJA ASSEMBLEIA MISSIONARIA,PROTESTANTE/EVANGÉLICA GENÉRICA,Protestante/Evangélica
581,310620060640302P,-19.849417,-43.890442,IGREJA ASSEMBLEIA PETENCOSTAL,PENTECOSTAL CLÁSSICA,Protestante/Evangélica
582,310620005670118P,-19.95226,-43.995503,IGREJA ASSENBLEIA DE DEUS,PROTESTANTE/EVANGÉLICA GENÉRICA,Protestante/Evangélica
583,310620025610167P,-19.986872,-44.044566,IGREJA ASSENBLEIA DE DEUS,PROTESTANTE/EVANGÉLICA GENÉRICA,Protestante/Evangélica
584,310620060640208P,-19.864327,-43.917123,IGREJA AVIAMENTO PENTECOSTAL DA BIBLIA,PENTECOSTAL CLÁSSICA,Protestante/Evangélica
585,310620060640058P,-19.863292,-43.89654,IGREJA AVIVAMENTO DA PALAVRA DE DEUS,PROTESTANTE/EVANGÉLICA GENÉRICA,Protestante/Evangélica
586,310620060660238P,-19.862461,-43.927168,IGREJA AVIVAMENTO PENTESCOSTAL DA BIBLIA,PENTECOSTAL CLÁSSICA,Protestante/Evangélica
587,310620005670334P,-19.958717,-43.973598,IGREJA AVIVAR,PROTESTANTE/EVANGÉLICA GENÉRICA,Protestante/Evangélica
588,310620060660208P,-19.80517,-43.939813,IGREJA BAISTA,PROTESTANTE/EVANGÉLICA GENÉRICA,Protestante/Evangélica
589,310620060690038P,-19.817483,-43.987504,IGREJA BAISTA VALE VERDE,PROTESTANTE/EVANGÉLICA GENÉRICA,Protestante/Evangélica
590,310620060690035P,-19.82,-43.978717,IGREJA BASTIDA HERMON,PROTESTANTE/EVANGÉLICA GENÉRICA,Protestante/Evangélica
591,310620025610142P,-19.984349,-44.032544,IGREJA BASTISTA BETUEL,PROTESTANTE/EVANGÉLICA GENÉRICA,Protestante/Evangélica
592,310620060680050P,-19.842846,-43.989159,IGREJA BATISA PAMPULHA,PROTESTANTE/EVANGÉLICA GENÉRICA,Protestante/Evangélica
593,310620005640111P,-19.883933,-43.948343,IGREJA BATISTA,PROTESTANTE HISTÓRICA,Protestante/Evangélica
594,310620025610593P,-20.009801,-44.012743,IGREJA BATISTA,PROTESTANTE HISTÓRICA,Protestante/Evangélica
595,310620060660286P,-19.799907,-43.936597,IGREJA BATISTA,PROTESTANTE HISTÓRICA,Protestante/Evangélica
596,310620005680503P,-19.861883,-43.940833,IGREJA BATISTA,PROTESTANTE HISTÓRICA,Protestante/Evangélica
597,310620060640059P,-19.86487,-43.898345,IGREJA BATISTA,PROTESTANTE HISTÓRICA,Protestante/Evangélica
598,310620005640266P,-19.87539,-43.945479,IGREJA BATISTA,PROTESTANTE HISTÓRICA,Protestante/Evangélica
599,310620060690253P,-19.837722,-43.98738,IGREJA BATISTA,PROTESTANTE HISTÓRICA,Protestante/Evangélica
600,310620060690146P,-19.826377,-43.967046,IGREJA BATISTA,PROTESTANTE HISTÓRICA,Protestante/Evangélica
601,310620005630447P,-19.887175,-43.895855,IGREJA BATISTA,PROTESTANTE HISTÓRICA,Protestante/Evangélica
602,310620005620100P,-19.933501,-43.917051,IGREJA BATISTA,PROTESTANTE HISTÓRICA,Protestante/Evangélica
603,310620005630052P,-19.901526,-43.897619,IGREJA BATISTA,PROTESTANTE HISTÓRICA,Protestante/Evangélica
604,310620005680444P,-19.869808,-44.015404,IGREJA BATISTA,PROTESTANTE HISTÓRICA,Protestante/Evangélica
605,310620005670038P,-19.942498,-43.984857,IGREJA BATISTA,PROTESTANTE HISTÓRICA,Protestante/Evangélica
606,310620060640109P,-19.823304,-43.89805,IGREJA BATISTA,PROTESTANTE HISTÓRICA,Protestante/Evangélica
607,310620005630435P,-19.893553,-43.901066,IGREJA BATISTA,PROTESTANTE HISTÓRICA,Protestante/Evangélica
608,310620060690145P,-19.822076,-43.970786,IGREJA BATISTA,PROTESTANTE HISTÓRICA,Protestante/Evangélica
609,310620060690424P,-19.824821,-43.97949,IGREJA BATISTA,PROTESTANTE HISTÓRICA,Protestante/Evangélica
610,310620005670626P,-19.934057,-43.972032,IGREJA BATISTA,PROTESTANTE HISTÓRICA,Protestante/Evangélica
611,310620005620419P,-19.931155,-43.955714,IGREJA BATISTA,PROTESTANTE HISTÓRICA,Protestante/Evangélica
612,310620005640191P,-19.895559,-43.936016,IGREJA BATISTA,PROTESTANTE HISTÓRICA,Protestante/Evangélica
613,310620005630381P,-19.88675,-43.900868,IGREJA BATISTA,PROTESTANTE HISTÓRICA,Protestante/Evangélica
614,310620005670038P,-19.944953,-43.98409,IGREJA BATISTA,PROTESTANTE HISTÓRICA,Protestante/Evangélica
615,310620005640191P,-19.895723,-43.93603,IGREJA BATISTA,PROTESTANTE HISTÓRICA,Protestante/Evangélica
616,310620060640070P,-19.828607,-43.899489,IGREJA BATISTA,PROTESTANTE HISTÓRICA,Protestante/Evangélica
617,310620005670712P,-19.936674,-44.014796,IGREJA BATISTA,PROTESTANTE HISTÓRICA,Protestante/Evangélica
618,310620025610264P,-19.978073,-44.057004,IGREJA BATISTA,PROTESTANTE HISTÓRICA,Protestante/Evangélica
619,310620060660253P,-19.801269,-43.942718,IGREJA BATISTA,PROTESTANTE HISTÓRICA,Protestante/Evangélica
620,310620025610217P,-19.959285,-44.0129,IGREJA BATISTA,PROTESTANTE HISTÓRICA,Protestante/Evangélica
621,310620060640113P,-19.873566,-43.902704,IGREJA BATISTA,PROTESTANTE HISTÓRICA,Protestante/Evangélica
622,310620060640112P,-19.873973,-43.898455,IGREJA BATISTA,PROTESTANTE HISTÓRICA,Protestante/Evangélica
623,310620005640056P,-19.883022,-43.945197,IGREJA BATISTA,PROTESTANTE HISTÓRICA,Protestante/Evangélica
624,310620025610017P,-19.992637,-44.025859,IGREJA BATISTA,PROTESTANTE HISTÓRICA,Protestante/Evangélica
625,310620060690005P,-19.807069,-43.978735,IGREJA BATISTA,PROTESTANTE HISTÓRICA,Protestante/Evangélica
626,310620060660224P,-19.838072,-43.940766000000004,IGREJA BATISTA,PROTESTANTE HISTÓRICA,Protestante/Evangélica
627,310620060690131P,-19.812889,-43.959141,IGREJA BATISTA,PROTESTANTE HISTÓRICA,Protestante/Evangélica
628,310620005670578P,-19.9548,-43.996502,IGREJA BATISTA,PROTESTANTE HISTÓRICA,Protestante/Evangélica
629,310620005670537P,-19.948002,-43.982417,IGREJA BATISTA,PROTESTANTE HISTÓRICA,Protestante/Evangélica
630,310620060660079P,-19.838856,-43.912474,IGREJA BATISTA,PROTESTANTE HISTÓRICA,Protestante/Evangélica
631,310620025610435P,-20.001906,-44.019175,IGREJA BATISTA,PROTESTANTE HISTÓRICA,Protestante/Evangélica
632,310620060690199P,-19.785939,-43.981115,IGREJA BATISTA,PROTESTANTE HISTÓRICA,Protestante/Evangélica
633,310620005670607P,-19.945798,-44.001031,IGREJA BATISTA,PROTESTANTE HISTÓRICA,Protestante/Evangélica
634,310620005630063P,-19.917292,-43.908818,IGREJA BATISTA,PROTESTANTE HISTÓRICA,Protestante/Evangélica
635,310620025610062P,-20.004199,-44.005073,IGREJA BATISTA,PROTESTANTE HISTÓRICA,Protestante/Evangélica
636,310620005670512P,-19.937324,-44.016653,IGREJA BATISTA,PROTESTANTE HISTÓRICA,Protestante/Evangélica
637,310620005620103P,-19.935421,-43.915061,IGREJA BATISTA,PROTESTANTE HISTÓRICA,Protestante/Evangélica
638,310620005640112P,-19.880657,-43.948714,IGREJA BATISTA,PROTESTANTE HISTÓRICA,Protestante/Evangélica
639,310620005680336P,-19.894452,-43.991829,IGREJA BATISTA,PROTESTANTE HISTÓRICA,Protestante/Evangélica
640,310620060690330P,-19.818227,-43.990613,IGREJA BATISTA,PROTESTANTE HISTÓRICA,Protestante/Evangélica
641,310620005650224P,-19.916614,-44.024807,IGREJA BATISTA,PROTESTANTE HISTÓRICA,Protestante/Evangélica
642,310620060690513P,-19.808731,-43.956298,IGREJA BATISTA,PROTESTANTE HISTÓRICA,Protestante/Evangélica
643,310620005630133P,-19.920214,-43.901915,IGREJA BATISTA,PROTESTANTE HISTÓRICA,Protestante/Evangélica
644,310620025610271P,-19.995008,-44.017135,IGREJA BATISTA,PROTESTANTE HISTÓRICA,Protestante/Evangélica
645,310620060660174P,-19.801778,-43.945782,IGREJA BATISTA,PROTESTANTE HISTÓRICA,Protestante/Evangélica
646,310620060660009P,-19.82601,-43.934568,IGREJA BATISTA,PROTESTANTE HISTÓRICA,Protestante/Evangélica
647,310620005670441P,-19.977769,-43.982354,IGREJA BATISTA,PROTESTANTE HISTÓRICA,Protestante/Evangélica
648,310620060690263P,-19.809354,-43.968187,IGREJA BATISTA,PROTESTANTE HISTÓRICA,Protestante/Evangélica
649,310620060660143P,-19.836118,-43.947387,IGREJA BATISTA,PROTESTANTE HISTÓRICA,Protestante/Evangélica
650,310620060660266P,-19.834118,-43.946065,IGREJA BATISTA,PROTESTANTE HISTÓRICA,Protestante/Evangélica
651,310620005620486P,-19.922805,-43.946016,IGREJA BATISTA,PROTESTANTE HISTÓRICA,Protestante/Evangélica
652,310620005630492P,-19.925423,-43.909701,IGREJA BATISTA,PROTESTANTE HISTÓRICA,Protestante/Evangélica
653,310620025610134P,-19.994711,-44.048163,IGREJA BATISTA,PROTESTANTE HISTÓRICA,Protestante/Evangélica
654,310620025610134P,-19.994666,-44.048061,IGREJA BATISTA,PROTESTANTE HISTÓRICA,Protestante/Evangélica
655,310620005630055P,-19.907993,-43.892636,IGREJA BATISTA,PROTESTANTE HISTÓRICA,Protestante/Evangélica
656,310620025610052P,-19.988364,-44.018425,IGREJA BATISTA,PROTESTANTE HISTÓRICA,Protestante/Evangélica
657,310620005630357P,-19.890454,-43.903511,IGREJA BATISTA,PROTESTANTE HISTÓRICA,Protestante/Evangélica
658,310620025610610P,-19.985206,-44.02488,IGREJA BATISTA,PROTESTANTE HISTÓRICA,Protestante/Evangélica
659,310620005630121P,-19.894771,-43.899934,IGREJA BATISTA,PROTESTANTE HISTÓRICA,Protestante/Evangélica
660,310620005630121P,-19.894716,-43.89985,IGREJA BATISTA,PROTESTANTE HISTÓRICA,Protestante/Evangélica
661,310620060660264P,-19.828525,-43.92488,IGREJA BATISTA,PROTESTANTE HISTÓRICA,Protestante/Evangélica
662,310620025610209P,-19.989293,-44.055262,IGREJA BATISTA,PROTESTANTE HISTÓRICA,Protestante/Evangélica
663,310620005620265P,-19.945131,-43.944437,IGREJA BATISTA,PROTESTANTE HISTÓRICA,Protestante/Evangélica
664,310620060690062P,-19.810986,-43.970448,IGREJA BATISTA,PROTESTANTE HISTÓRICA,Protestante/Evangélica
665,310620060660047P,-19.842633,-43.92184,IGREJA BATISTA,PROTESTANTE HISTÓRICA,Protestante/Evangélica
666,310620005630254P,-19.916157,-43.883658,IGREJA BATISTA,PROTESTANTE HISTÓRICA,Protestante/Evangélica
667,310620005650694P,-19.891199,-43.968916,IGREJA BATISTA,PROTESTANTE HISTÓRICA,Protestante/Evangélica
668,310620025610300P,-19.997808,-44.02932,IGREJA BATISTA,PROTESTANTE HISTÓRICA,Protestante/Evangélica
669,310620005620101P,-19.931514,-43.915827,IGREJA BATISTA,PROTESTANTE HISTÓRICA,Protestante/Evangélica
670,310620005670111P,-19.970639,-43.97981,IGREJA BATISTA,PROTESTANTE HISTÓRICA,Protestante/Evangélica
671,310620005670790P,-19.954369,-43.972493,IGREJA BATISTA,PROTESTANTE HISTÓRICA,Protestante/Evangélica
672,310620005650068P,-19.904074,-43.966992,IGREJA BATISTA,PROTESTANTE HISTÓRICA,Protestante/Evangélica
673,310620060640084P,-19.860471,-43.905442,IGREJA BATISTA,PROTESTANTE HISTÓRICA,Protestante/Evangélica
674,310620060690006P,-19.808598,-43.977323,IGREJA BATISTA,PROTESTANTE HISTÓRICA,Protestante/Evangélica
675,310620005670107P,-19.967278,-43.974556,IGREJA BATISTA,PROTESTANTE HISTÓRICA,Protestante/Evangélica
676,310620060690185P,-19.814459,-44.005072,IGREJA BATISTA,PROTESTANTE HISTÓRICA,Protestante/Evangélica
677,310620025610047P,-19.991749,-44.030852,IGREJA BATISTA,PROTESTANTE HISTÓRICA,Protestante/Evangélica
678,310620005680179P,-19.887174,-44.004177,IGREJA BATISTA,PROTESTANTE HISTÓRICA,Protestante/Evangélica
679,310620060690180P,-19.821185,-44.005656,IGREJA BATISTA,PROTESTANTE HISTÓRICA,Protestante/Evangélica
680,310620005650337P,-19.889067,-43.951463,IGREJA BATISTA,PROTESTANTE HISTÓRICA,Protestante/Evangélica
681,310620005670524P,-19.94079,-44.014454,IGREJA BATISTA,PROTESTANTE HISTÓRICA,Protestante/Evangélica
682,310620005640103P,-19.902,-43.942068,IGREJA BATISTA,PROTESTANTE HISTÓRICA,Protestante/Evangélica
683,310620025610308P,-19.979087,-44.018296,IGREJA BATISTA,PROTESTANTE HISTÓRICA,Protestante/Evangélica
684,310620005650219P,-19.919569,-44.021626,IGREJA BATISTA,PROTESTANTE HISTÓRICA,Protestante/Evangélica
685,310620005670115P,-19.956397,-43.99794,IGREJA BATISTA,PROTESTANTE HISTÓRICA,Protestante/Evangélica
686,310620060690279P,-19.810991,-44.001506,IGREJA BATISTA,PROTESTANTE HISTÓRICA,Protestante/Evangélica
687,310620025610539P,-20.005712,-44.023258,IGREJA BATISTA,PROTESTANTE HISTÓRICA,Protestante/Evangélica
688,310620005670075P,-19.95406,-43.996612,IGREJA BATISTA,PROTESTANTE HISTÓRICA,Protestante/Evangélica
689,310620025610256P,-19.980855,-44.056266,IGREJA BATISTA,PROTESTANTE HISTÓRICA,Protestante/Evangélica
690,310620060660090P,-19.849078,-43.923192,IGREJA BATISTA AARAO REIS,PROTESTANTE HISTÓRICA,Protestante/Evangélica
691,310620060660090P,-19.848902,-43.923303,IGREJA BATISTA AARAO REIS,PROTESTANTE HISTÓRICA,Protestante/Evangélica
692,310620005630152P,-19.886419,-43.904219,IGREJA BATISTA ABUNDANTE GRACA,PROTESTANTE HISTÓRICA,Protestante/Evangélica
693,310620025610554P,-20.000767,-44.035622,IGREJA BATISTA ADORADORES DE CRISTO,PROTESTANTE HISTÓRICA,Protestante/Evangélica
694,310620005630059P,-19.913296,-43.896271,IGREJA BATISTA AGAPE,PROTESTANTE HISTÓRICA,Protestante/Evangélica
695,310620025610634P,-19.984125,-44.027549,IGREJA BATISTA AGUIA DE FOGO,PROTESTANTE HISTÓRICA,Protestante/Evangélica
696,310620060640245P,-19.851802,-43.907882,IGREJA BATISTA ALFA E OMEGA,PROTESTANTE HISTÓRICA,Protestante/Evangélica
697,310620060690003P,-19.8105,-43.982103,IGREJA BATISTA ALIANCA E MILAGRE,PROTESTANTE HISTÓRICA,Protestante/Evangélica
698,310620005640269P,-19.882567,-43.941994,IGREJA BATISTA ALIANCA EM CRISTO,PROTESTANTE HISTÓRICA,Protestante/Evangélica
699,310620060640087P,-19.855293,-43.910996,IGREJA BATISTA ALIANCA ETERNA,PROTESTANTE HISTÓRICA,Protestante/Evangélica
700,310620025610140P,-19.988094,-44.037661,IGREJA BATISTA ALIANCA ETERNA,PROTESTANTE HISTÓRICA,Protestante/Evangélica
701,310620025610267P,-19.97636,-44.061528,IGREJA BATISTA ALIANCA ETERNA,PROTESTANTE HISTÓRICA,Protestante/Evangélica
702,310620025610442P,-20.012151,-44.033036,IGREJA BATISTA ALIANCA ETERNA,PROTESTANTE HISTÓRICA,Protestante/Evangélica
703,310620005650057P,-19.902699,-43.981142,IGREJA BATISTA ALIANCA ETERNA,PROTESTANTE HISTÓRICA,Protestante/Evangélica
704,310620025610590P,-20.026475,-44.026942,IGREJA BATISTA ALIANCA ETERNA,PROTESTANTE HISTÓRICA,Protestante/Evangélica
705,310620025610158P,-19.992263,-44.054868,IGREJA BATISTA ALIANCA ETERNA,PROTESTANTE HISTÓRICA,Protestante/Evangélica
706,310620025610158P,-19.992051,-44.054692,IGREJA BATISTA ALIANCA ETERNA ALIANCADOS KIDS,PROTESTANTE HISTÓRICA,Protestante/Evangélica
707,310620060690080P,-19.826053,-43.987,IGREJA BATISTA ALTAR EM CHAMAS,PROTESTANTE HISTÓRICA,Protestante/Evangélica
708,310620060640103P,-19.855135,-43.917176,IGREJA BATISTA ALVORECER,PROTESTANTE HISTÓRICA,Protestante/Evangélica
709,310620025610302P,-19.988654,-44.010182,IGREJA BATISTA AMIGOS DE DEUS,PROTESTANTE HISTÓRICA,Protestante/Evangélica
710,310620005680224P,-19.871752999999998,-44.01269,IGREJA BATISTA ANEL SELAR,PROTESTANTE HISTÓRICA,Protestante/Evangélica
711,310620005670196P,-19.943284,-44.001804,IGREJA BATISTA APOSTOLICA LOGOS,PROTESTANTE HISTÓRICA,Protestante/Evangélica
712,310620060660007P,-19.833811,-43.937067,IGREJA BATISTA APRISCO,PROTESTANTE HISTÓRICA,Protestante/Evangélica
713,310620005670093P,-19.963951,-43.958158,IGREJA BATISTA ATITUDE,PROTESTANTE HISTÓRICA,Protestante/Evangélica
714,310620060660183P,-19.798979,-43.927368,IGREJA BATISTA ATRIOS,PROTESTANTE HISTÓRICA,Protestante/Evangélica
715,310620060660183P,-19.799074,-43.927577,IGREJA BATISTA ATRIOS,PROTESTANTE HISTÓRICA,Protestante/Evangélica
716,310620060660006P,-19.834614,-43.935389,IGREJA BATISTA AZIEL,PROTESTANTE HISTÓRICA,Protestante/Evangélica
717,310620005630495P,-19.915196,-43.905603,IGREJA BATISTA BETEL,PROTESTANTE HISTÓRICA,Protestante/Evangélica
718,310620005630122P,-19.89458,-43.8981,IGREJA BATISTA BETEL LESTE,PROTESTANTE HISTÓRICA,Protestante/Evangélica
719,310620025610301P,-19.988075,-44.017535,IGREJA BATISTA BETESDA,PROTESTANTE HISTÓRICA,Protestante/Evangélica
720,310620025610387P,-19.982901,-44.053174,IGREJA BATISTA BETSAIDA,PROTESTANTE HISTÓRICA,Protestante/Evangélica
721,310620025610608P,-19.991582,-43.989472,IGREJA BATISTA BETUEL,PROTESTANTE HISTÓRICA,Protestante/Evangélica
722,310620025610142P,-19.984408,-44.032507,IGREJA BATISTA BETUEL,PROTESTANTE HISTÓRICA,Protestante/Evangélica
723,310620025610554P,-20.000222,-44.035856,IGREJA BATISTA BIBLICA,PROTESTANTE HISTÓRICA,Protestante/Evangélica
724,310620025610554P,-20.000344,-44.035853,IGREJA BATISTA BIBLICA,PROTESTANTE HISTÓRICA,Protestante/Evangélica
725,310620025610554P,-20.000164,-44.035821,IGREJA BATISTA BIBLICA,PROTESTANTE HISTÓRICA,Protestante/Evangélica
726,310620005670113P,-19.964282,-43.993954,IGREJA BATISTA BIBLICA NOVO TEMPO,PROTESTANTE HISTÓRICA,Protestante/Evangélica
727,310620060660024P,-19.839204,-43.933374,IGREJA BATISTA BOAS NOVA,PROTESTANTE HISTÓRICA,Protestante/Evangélica
728,310620060660412P,-19.850032,-43.92381,IGREJA BATISTA BOAS NOVAS,PROTESTANTE HISTÓRICA,Protestante/Evangélica
729,310620060690354P,-19.823369,-44.004786,IGREJA BATISTA BOAS NOVAS,PROTESTANTE HISTÓRICA,Protestante/Evangélica
730,310620060690057P,-19.802896,-43.97102,IGREJA BATISTA BOAS NOVAS,PROTESTANTE HISTÓRICA,Protestante/Evangélica
731,310620060640096P,-19.867045,-43.912355,IGREJA BATISTA BOAS NOVAS,PROTESTANTE HISTÓRICA,Protestante/Evangélica
732,310620005620293P,-19.955425,-43.944168,IGREJA BATISTA BOAS NOVAS,PROTESTANTE HISTÓRICA,Protestante/Evangélica
733,310620060640038P,-19.834597,-43.889619,IGREJA BATISTA BOAS NOVAS,PROTESTANTE HISTÓRICA,Protestante/Evangélica
734,310620005670528P,-19.932941,-44.015006,IGREJA BATISTA BRASILEIRA O PODER DA PALAVRA,PROTESTANTE HISTÓRICA,Protestante/Evangélica
735,310620005640024P,-19.886771,-43.940036,IGREJA BATISTA CACHOERINHA,PROTESTANTE HISTÓRICA,Protestante/Evangélica
736,310620005640169P,-19.898859,-43.934165,IGREJA BATISTA CAMINHO DA GRACA,PROTESTANTE HISTÓRICA,Protestante/Evangélica
737,310620025610588P,-19.992432,-43.982756,IGREJA BATISTA CAMINHO DA PAZ,PROTESTANTE HISTÓRICA,Protestante/Evangélica
738,310620025610630P,-19.997055,-43.982342,IGREJA BATISTA CAMINHO DA PAZ,PROTESTANTE HISTÓRICA,Protestante/Evangélica
739,310620005640065P,-19.8765,-43.933357,IGREJA BATISTA CAMINHOS DA VIDA,PROTESTANTE HISTÓRICA,Protestante/Evangélica
740,310620060690403P,-19.798412,-43.946513,IGREJA BATISTA CANAA,PROTESTANTE HISTÓRICA,Protestante/Evangélica
741,310620005630349P,-19.909551,-43.890365,IGREJA BATISTA CASA DE JUDA,PROTESTANTE HISTÓRICA,Protestante/Evangélica
742,310620005630193P,-19.910712,-43.925951,IGREJA BATISTA CASA DO OLEIRO,PROTESTANTE HISTÓRICA,Protestante/Evangélica
743,310620060690338P,-19.804157,-43.961877,IGREJA BATISTA CENACULO,PROTESTANTE HISTÓRICA,Protestante/Evangélica
744,310620025610043P,-20.003467,-44.031073,IGREJA BATISTA CENACULO DOS MILAGRES,PROTESTANTE HISTÓRICA,Protestante/Evangélica
745,310620025610147P,-19.975754,-44.019185,IGREJA BATISTA CENTRAL,PROTESTANTE HISTÓRICA,Protestante/Evangélica
746,310620005630184P,-19.925106,-43.917764,IGREJA BATISTA CENTRAL DE BH,PROTESTANTE HISTÓRICA,Protestante/Evangélica
747,310620005620498P,-19.948242,-43.953927,IGREJA BATISTA CENTRAL DE BH,PROTESTANTE HISTÓRICA,Protestante/Evangélica
748,310620005630492P,-19.92397,-43.910095,IGREJA BATISTA CENTRAL KOINONIA,PROTESTANTE HISTÓRICA,Protestante/Evangélica
749,310620060640312P,-19.845753,-43.904179,IGREJA BATISTA CENTRAL OURO MINAS,PROTESTANTE HISTÓRICA,Protestante/Evangélica
750,310620005690002P,-19.827761,-43.995045,IGREJA BATISTA CEU AZUL,PROTESTANTE HISTÓRICA,Protestante/Evangélica
751,310620005670319P,-19.959103,-43.985837,IGREJA BATISTA CHAMAS DO AVIVAMENTO,PROTESTANTE HISTÓRICA,Protestante/Evangélica
752,310620005670305P,-19.931226,-43.956119,IGREJA BATISTA CIDADE JARDIM,PROTESTANTE HISTÓRICA,Protestante/Evangélica
753,310620005670305P,-19.931203,-43.956245,IGREJA BATISTA CIDADE JARDIM,PROTESTANTE HISTÓRICA,Protestante/Evangélica
754,310620005640201P,-19.884224,-43.923511,IGREJA BATISTA CIDADE NOVA,PROTESTANTE HISTÓRICA,Protestante/Evangélica
755,310620005630174P,-19.919457,-43.898551,IGREJA BATISTA COMUNIDADE VIDAS,PROTESTANTE HISTÓRICA,Protestante/Evangélica
756,310620060660116P,-19.848042,-43.931157,IGREJA BATISTA CONFISSAO REFORMADS,PROTESTANTE HISTÓRICA,Protestante/Evangélica
757,310620060640288P,-19.846505,-43.880937,IGREJA BATISTA CONNECT,PROTESTANTE HISTÓRICA,Protestante/Evangélica
758,310620060690345P,-19.815188,-43.993027,IGREJA BATISTA CRISTO E A VIDA,PROTESTANTE HISTÓRICA,Protestante/Evangélica
759,310620060690088P,-19.82171,-43.992554,IGREJA BATISTA CRISTO E A VIDA,PROTESTANTE HISTÓRICA,Protestante/Evangélica
760,310620060690088P,-19.82164,-43.992589,IGREJA BATISTA CRISTO E VIDA,PROTESTANTE HISTÓRICA,Protestante/Evangélica
761,310620060680058P,-19.82989,-43.966452,IGREJA BATISTA CRISTO PARA AS NACOES,AFRO-BRASILEIRA,Afro-brasileira
762,310620060690470P,-19.786611,-43.983468,IGREJA BATISTA CRISTO VIVO,PROTESTANTE HISTÓRICA,Protestante/Evangélica
763,310620060660410P,-19.839162,-43.911345,IGREJA BATISTA DA ADORACAO,PROTESTANTE HISTÓRICA,Protestante/Evangélica
764,310620005650680P,-19.904305,-43.975225,IGREJA BATISTA DA ALIANCA,PROTESTANTE HISTÓRICA,Protestante/Evangélica
765,310620005670242P,-19.949377,-43.962749,IGREJA BATISTA DA BOA ESPERANCA,PROTESTANTE HISTÓRICA,Protestante/Evangélica
766,310620005640102P,-19.900394,-43.937826,IGREJA BATISTA DA CONCORDIA,PROTESTANTE HISTÓRICA,Protestante/Evangélica
767,310620060640239P,-19.857726,-43.874678,IGREJA BATISTA DA FAMILIA,PROTESTANTE HISTÓRICA,Protestante/Evangélica
768,310620005630248P,-19.908797,-43.935164,IGREJA BATISTA DA FLORESTA,PROTESTANTE HISTÓRICA,Protestante/Evangélica
769,310620060660005P,-19.836259,-43.931923,IGREJA BATISTA DA FLORESTA EM FLORAMAR,PROTESTANTE HISTÓRICA,Protestante/Evangélica
770,310620060640207P,-19.869174,-43.911528,IGREJA BATISTA DA FLORESTA EM SAO MARCOS,PROTESTANTE HISTÓRICA,Protestante/Evangélica
771,310620060660339P,-19.84174,-43.938722,IGREJA BATISTA DA LAGOINHA,PROTESTANTE HISTÓRICA,Protestante/Evangélica
772,310620005640148P,-19.871032,-43.922401,IGREJA BATISTA DA LAGOINHA,PROTESTANTE HISTÓRICA,Protestante/Evangélica
773,310620060690226P,-19.798744,-43.954117,IGREJA BATISTA DA LAGOINHA,PROTESTANTE HISTÓRICA,Protestante/Evangélica
774,310620005680461P,-19.882571,-43.993461,IGREJA BATISTA DA LAGOINHA,PROTESTANTE HISTÓRICA,Protestante/Evangélica
775,310620005670235P,-19.940128,-43.968626,IGREJA BATISTA DA LAGOINHA,PROTESTANTE HISTÓRICA,Protestante/Evangélica
776,310620005650551P,-19.889862,-43.966052,IGREJA BATISTA DA LAGOINHA,PROTESTANTE HISTÓRICA,Protestante/Evangélica
777,310620005640166P,-19.903825,-43.942959,IGREJA BATISTA DA LAGOINHA,PROTESTANTE HISTÓRICA,Protestante/Evangélica
778,310620060680035P,-19.842143,-43.977536,IGREJA BATISTA DA LAGOINHA,PROTESTANTE HISTÓRICA,Protestante/Evangélica
779,310620060690027P,-19.812086,-43.984655,IGREJA BATISTA DA LAGOINHA,PROTESTANTE HISTÓRICA,Protestante/Evangélica
780,310620005650103P,-19.922168,-44.005757,IGREJA BATISTA DA LAGOINHA,PROTESTANTE HISTÓRICA,Protestante/Evangélica
781,310620060690226P,-19.799025,-43.953572,IGREJA BATISTA DA LAGOINHA,PROTESTANTE HISTÓRICA,Protestante/Evangélica
782,310620060690193P,-19.790293,-43.984891,IGREJA BATISTA DA LAGOINHA,PROTESTANTE HISTÓRICA,Protestante/Evangélica
783,310620005670607P,-19.946553,-44.001026,IGREJA BATISTA DA LAGOINHA,PROTESTANTE HISTÓRICA,Protestante/Evangélica
784,310620060660201P,-19.832608,-43.936463,IGREJA BATISTA DA LAGOINHA,PROTESTANTE HISTÓRICA,Protestante/Evangélica
785,310620005630367P,-19.923475,-43.915669,IGREJA BATISTA DA LAGOINHA,PROTESTANTE HISTÓRICA,Protestante/Evangélica
786,310620005650390P,-19.910699,-43.95808,IGREJA BATISTA DA LAGOINHA,PROTESTANTE HISTÓRICA,Protestante/Evangélica
787,310620060690151P,-19.830112,-43.973754,IGREJA BATISTA DA LAGOINHA,PROTESTANTE HISTÓRICA,Protestante/Evangélica
788,310620060690031P,-19.802502,-43.979889,IGREJA BATISTA DA LAGOINHA,PROTESTANTE HISTÓRICA,Protestante/Evangélica
789,310620060680091P,-19.842183,-43.980774,IGREJA BATISTA DA LAGOINHA,PROTESTANTE HISTÓRICA,Protestante/Evangélica
790,310620005690004P,-19.831373,-43.995982,IGREJA BATISTA DA LAGOINHA,PROTESTANTE HISTÓRICA,Protestante/Evangélica
791,310620025610217P,-19.959334,-44.011736,IGREJA BATISTA DA LAGOINHA,PROTESTANTE HISTÓRICA,Protestante/Evangélica
792,310620005670319P,-19.958098,-43.985809,IGREJA BATISTA DA LAGOINHA,PROTESTANTE HISTÓRICA,Protestante/Evangélica
793,310620005640057P,-19.881951,-43.94495,IGREJA BATISTA DA LAGOINHA,PROTESTANTE HISTÓRICA,Protestante/Evangélica
794,310620005640057P,-19.882017,-43.944822,IGREJA BATISTA DA LAGOINHA,PROTESTANTE HISTÓRICA,Protestante/Evangélica
795,310620005650665P,-19.905408,-44.005896,IGREJA BATISTA DA LAGOINHA,PROTESTANTE HISTÓRICA,Protestante/Evangélica
796,310620060640189P,-19.86576,-43.89666,IGREJA BATISTA DA LAGOINHA,PROTESTANTE HISTÓRICA,Protestante/Evangélica
797,310620060690216P,-19.80074,-43.96773,IGREJA BATISTA DA LAGOINHA,PROTESTANTE HISTÓRICA,Protestante/Evangélica
798,310620060660152P,-19.827266,-43.951268,IGREJA BATISTA DA LAGOINHA,PROTESTANTE HISTÓRICA,Protestante/Evangélica
799,310620060660355P,-19.804724,-43.939819,IGREJA BATISTA DA LAGOINHA,PROTESTANTE HISTÓRICA,Protestante/Evangélica
800,310620005670529P,-19.934733,-44.018021,IGREJA BATISTA DA LAGOINHA,PROTESTANTE HISTÓRICA,Protestante/Evangélica
801,310620005680511P,-19.829082,-44.008717,IGREJA BATISTA DA LAGOINHA,PROTESTANTE HISTÓRICA,Protestante/Evangélica
802,310620005680427P,-19.886094,-44.005414,IGREJA BATISTA DA LAGOINHA,PROTESTANTE HISTÓRICA,Protestante/Evangélica
803,310620060640250P,-19.846472,-43.896586,IGREJA BATISTA DA LAGOINHA,PROTESTANTE HISTÓRICA,Protestante/Evangélica
804,310620060640082P,-19.862696,-43.905218,IGREJA BATISTA DA LAGOINHA,PROTESTANTE HISTÓRICA,Protestante/Evangélica
805,310620025610645P,-19.982443,-44.056032,IGREJA BATISTA DA LAGOINHA,PROTESTANTE HISTÓRICA,Protestante/Evangélica
806,310620005630260P,-19.918611,-43.878176,IGREJA BATISTA DA LAGOINHA,PROTESTANTE HISTÓRICA,Protestante/Evangélica
807,310620060690236P,-19.810628,-43.957057,IGREJA BATISTA DA LAGOINHA,PROTESTANTE HISTÓRICA,Protestante/Evangélica
808,310620005630457P,-19.899987,-43.923563,IGREJA BATISTA DA LAGOINHA,PROTESTANTE HISTÓRICA,Protestante/Evangélica
809,310620005640065P,-19.875377,-43.934771,IGREJA BATISTA DA LAGOINHA PALMARES,PROTESTANTE HISTÓRICA,Protestante/Evangélica
810,310620005670296P,-19.922075,-43.95973,IGREJA BATISTA DA LAGOINHA PRADO,PROTESTANTE HISTÓRICA,Protestante/Evangélica
811,310620060640174P,-19.834257,-43.902142,IGREJA BATISTA DA LAGOINHA RIBEIRO DE ABREU,PROTESTANTE HISTÓRICA,Protestante/Evangélica
812,310620060660241P,-19.839605,-43.920632,IGREJA BATISTA DA LAGOINHA TUPI,PROTESTANTE HISTÓRICA,Protestante/Evangélica
813,310620060690034P,-19.819045,-43.978376,IGREJA BATISTA DA LOGOINHA,PROTESTANTE HISTÓRICA,Protestante/Evangélica
814,310620005680393P,-19.826156,-44.009938,IGREJA BATISTA DA PAMPULHA,PROTESTANTE HISTÓRICA,Protestante/Evangélica
815,310620025610481P,-20.010371,-44.01443,IGREJA BATISTA DA PAZ SOLAR,PROTESTANTE HISTÓRICA,Protestante/Evangélica
816,310620005630012P,-19.910381,-43.907678,IGREJA BATISTA DA RESTAURACAO,PROTESTANTE HISTÓRICA,Protestante/Evangélica
817,310620005620163P,-19.939813,-43.939761,IGREJA BATISTA DA SAVASSI,PROTESTANTE HISTÓRICA,Protestante/Evangélica
818,310620005620139P,-19.936437,-43.91458,IGREJA BATISTA DA SERRA,PROTESTANTE HISTÓRICA,Protestante/Evangélica
819,310620005670737P,-19.952237,-43.991534,IGREJA BATISTA DA TRINDADE DIVINA,PROTESTANTE HISTÓRICA,Protestante/Evangélica
820,310620060660020P,-19.836825,-43.923767,IGREJA BATISTA DA UNIDADE,PROTESTANTE HISTÓRICA,Protestante/Evangélica
821,310620005680393P,-19.826789,-44.00755,IGREJA BATISTA DANDARA,PROTESTANTE HISTÓRICA,Protestante/Evangélica
822,310620005650406P,-19.917053,-43.973565,IGREJA BATISTA DAS ALTEROSAS,PROTESTANTE HISTÓRICA,Protestante/Evangélica
823,310620060690178P,-19.824143,-44.006853,IGREJA BATISTA DE BH,PROTESTANTE HISTÓRICA,Protestante/Evangélica
824,310620005650350P,-19.900979,-43.947609,IGREJA BATISTA DE LAGOINHA,PROTESTANTE HISTÓRICA,Protestante/Evangélica
825,310620060690110P,-19.792659,-43.990169,IGREJA BATISTA DE NOVA AMERICA,PROTESTANTE HISTÓRICA,Protestante/Evangélica
826,310620005650147P,-19.896486,-43.958983,IGREJA BATISTA DE NOVA ESPERANCA,PROTESTANTE HISTÓRICA,Protestante/Evangélica
827,310620005670616P,-19.936312,-43.976802,IGREJA BATISTA DE NOVA SUICA,PROTESTANTE HISTÓRICA,Protestante/Evangélica
828,310620025610291P,-19.993488,-44.016392,IGREJA BATISTA DEUS CONOSCO,PROTESTANTE HISTÓRICA,Protestante/Evangélica
829,310620025610291P,-19.993349,-44.01616,IGREJA BATISTA DEUS CONOSCO,PROTESTANTE HISTÓRICA,Protestante/Evangélica
830,310620005670244P,-19.926235,-43.972202,IGREJA BATISTA DEUS CONOSCO,PROTESTANTE HISTÓRICA,Protestante/Evangélica
831,310620005680336P,-19.893445,-43.99123,IGREJA BATISTA DEUS E FIEL,PROTESTANTE HISTÓRICA,Protestante/Evangélica
832,310620060640257P,-19.847428,-43.891638,IGREJA BATISTA DEUS E NOSSO REFUGIO,PROTESTANTE HISTÓRICA,Protestante/Evangélica
833,310620005620140P,-19.936042,-43.917157,IGREJA BATISTA DEUS EM MIM,PROTESTANTE HISTÓRICA,Protestante/Evangélica
834,310620060690481P,-19.797815,-43.984153,IGREJA BATISTA DO AMOR,PROTESTANTE HISTÓRICA,Protestante/Evangélica
835,310620005650249P,-19.89865,-44.017367,IGREJA BATISTA DO ARREBATAMENTO,PROTESTANTE HISTÓRICA,Protestante/Evangélica
836,310620005680459P,-19.882302,-43.985971,IGREJA BATISTA DO BAIRRO OURO PRETO,PROTESTANTE HISTÓRICA,Protestante/Evangélica
837,310620005620737P,-19.92032,-43.954953,IGREJA BATISTA DO BARRO PRETO,PROTESTANTE HISTÓRICA,Protestante/Evangélica
838,310620005670545P,-19.960221,-43.991362,IGREJA BATISTA DO BETANIA,PROTESTANTE HISTÓRICA,Protestante/Evangélica
839,310620005630161P,-19.893649,-43.895556,IGREJA BATISTA DO BOA VISTA,PROTESTANTE HISTÓRICA,Protestante/Evangélica
840,310620005650083P,-19.921097,-43.988386,IGREJA BATISTA DO CORACAO,PROTESTANTE HISTÓRICA,Protestante/Evangélica
841,310620060690031P,-19.803637,-43.981613,IGREJA BATISTA DO LAGOINHA,PROTESTANTE HISTÓRICA,Protestante/Evangélica
842,310620025610257P,-19.977677,-44.051971,IGREJA BATISTA DO LINDEIA,PROTESTANTE HISTÓRICA,Protestante/Evangélica
843,310620060690049P,-19.797627,-43.986675,IGREJA BATISTA DO MANTIQUEIRA,PROTESTANTE HISTÓRICA,Protestante/Evangélica
844,310620060640098P,-19.861131,-43.911318,IGREJA BATISTA DO MARIA GORETTI,PROTESTANTE HISTÓRICA,Protestante/Evangélica
845,310620005640064P,-19.875639,-43.936586,IGREJA BATISTA DO PALMARES,PROTESTANTE HISTÓRICA,Protestante/Evangélica
846,310620025610324P,-19.9968,-43.971753,IGREJA BATISTA DO PILAR,PROTESTANTE HISTÓRICA,Protestante/Evangélica
847,310620005650038P,-19.914134,-43.991817,IGREJA BATISTA DO PROGRESSO,PROTESTANTE HISTÓRICA,Protestante/Evangélica
848,310620025610034P,-20.005352,-44.006496,IGREJA BATISTA DO RENOVO,PROTESTANTE HISTÓRICA,Protestante/Evangélica
849,310620060640052P,-19.83786,-43.90222,IGREJA BATISTA DO RIBEIRO DE ABREU,PROTESTANTE HISTÓRICA,Protestante/Evangélica
850,310620060690022P,-19.817344,-43.984765,IGREJA BATISTA DO RIO BRANCO,PROTESTANTE HISTÓRICA,Protestante/Evangélica
851,310620025610481P,-20.009717,-44.014627,IGREJA BATISTA DO SETIMO DIA,PROTESTANTE HISTÓRICA,Protestante/Evangélica
852,310620025610549P,-20.006683,-44.012748,IGREJA BATISTA DO SOLAR,PROTESTANTE HISTÓRICA,Protestante/Evangélica
853,310620025610627P,-19.989433,-44.02415,IGREJA BATISTA DO TEIXEIRA DIAS,PROTESTANTE HISTÓRICA,Protestante/Evangélica
854,310620060660045P,-19.839438,-43.92119,IGREJA BATISTA DO TUPI,PROTESTANTE HISTÓRICA,Protestante/Evangélica
855,310620025610083P,-20.006062,-44.036934,IGREJA BATISTA DO VALE,PROTESTANTE HISTÓRICA,Protestante/Evangélica
856,310620060690471P,-19.787356,-43.983068,IGREJA BATISTA EBENEZER,PROTESTANTE HISTÓRICA,Protestante/Evangélica
857,310620005650352P,-19.900099,-43.952267,IGREJA BATISTA EBENEZER,PROTESTANTE HISTÓRICA,Protestante/Evangélica
858,310620005650352P,-19.899902,-43.952495,IGREJA BATISTA EBENEZER,PROTESTANTE HISTÓRICA,Protestante/Evangélica
859,310620060690442P,-19.831703,-43.980316,IGREJA BATISTA EBENEZER DA SALVACAO,PROTESTANTE HISTÓRICA,Protestante/Evangélica
860,310620060690294P,-19.796129,-43.969427,IGREJA BATISTA EIELON,PROTESTANTE HISTÓRICA,Protestante/Evangélica
861,310620060660154P,-19.82783,-43.949356,IGREJA BATISTA EL SHADDAY,PROTESTANTE HISTÓRICA,Protestante/Evangélica
862,310620060640122P,-19.830884,-43.869102,IGREJA BATISTA EL SHAMAH,PROTESTANTE HISTÓRICA,Protestante/Evangélica
863,310620005630186P,-19.917796,-43.922046,IGREJA BATISTA EL SHSMMAH,PROTESTANTE HISTÓRICA,Protestante/Evangélica
864,310620005680540P,-19.871761,-43.989733,IGREJA BATISTA ELIM,PROTESTANTE HISTÓRICA,Protestante/Evangélica
865,310620005640192P,-19.894785,-43.936415,IGREJA BATISTA ELO,PROTESTANTE HISTÓRICA,Protestante/Evangélica
866,310620005630346P,-19.905654,-43.892038,IGREJA BATISTA ELSHADAY,PROTESTANTE HISTÓRICA,Protestante/Evangélica
867,310620060660251P,-19.86339,-43.931505,IGREJA BATISTA EM AVIVAMENTO,PROTESTANTE HISTÓRICA,Protestante/Evangélica
868,310620025610555P,-20.004823,-44.033804,IGREJA BATISTA EM CHAMAS,PROTESTANTE HISTÓRICA,Protestante/Evangélica
869,310620005650330P,-19.885967,-43.95786,IGREJA BATISTA EM ERMELINDA,PROTESTANTE HISTÓRICA,Protestante/Evangélica
870,310620060660029P,-19.827186,-43.938653,IGREJA BATISTA EM J GUANABARA,PROTESTANTE HISTÓRICA,Protestante/Evangélica
871,310620025610154P,-19.989024,-44.001855,IGREJA BATISTA EM MILIONARIOS,PROTESTANTE HISTÓRICA,Protestante/Evangélica
872,310620005680058P,-19.867808,-43.948713,IGREJA BATISTA EMANUEL,PROTESTANTE HISTÓRICA,Protestante/Evangélica
873,310620005670008P,-19.953022,-43.986072,IGREJA BATISTA EMANUEL,PROTESTANTE HISTÓRICA,Protestante/Evangélica
874,310620060690190P,-19.808459,-44.001241,IGREJA BATISTA EMANUEL,PROTESTANTE HISTÓRICA,Protestante/Evangélica
875,310620060690058P,-19.805373,-43.968601,IGREJA BATISTA EMANUEL,PROTESTANTE HISTÓRICA,Protestante/Evangélica
876,310620025610435P,-19.999418,-44.019335,IGREJA BATISTA EMAUS,PROTESTANTE HISTÓRICA,Protestante/Evangélica
877,310620025610373P,-19.983973,-44.001235,IGREJA BATISTA ESPERANCA,PROTESTANTE HISTÓRICA,Protestante/Evangélica
878,310620005680119P,-19.863752,-43.933873,IGREJA BATISTA ESPERANCA PLENA,PROTESTANTE HISTÓRICA,Protestante/Evangélica
879,310620060690182P,-19.818093,-43.999799,IGREJA BATISTA ETERNO PAI,PROTESTANTE HISTÓRICA,Protestante/Evangélica
880,310620005670007P,-19.954125,-43.984227,IGREJA BATISTA EVANGELHO PLENO,PROTESTANTE HISTÓRICA,Protestante/Evangélica
881,310620005670065P,-19.962594,-43.992269,IGREJA BATISTA EVANGELICA,PROTESTANTE HISTÓRICA,Protestante/Evangélica
882,310620005670006P,-19.958379,-43.987411,IGREJA BATISTA EVANGELICA EL SHADAI,PROTESTANTE HISTÓRICA,Protestante/Evangélica
883,310620060690007P,-19.809888,-43.978025,IGREJA BATISTA FAMILIA DE DEUS,PROTESTANTE HISTÓRICA,Protestante/Evangélica
884,310620025610095P,-19.99799,-44.046897,IGREJA BATISTA FAMILIA NO ALTAR,PROTESTANTE HISTÓRICA,Protestante/Evangélica
885,310620060680085P,-19.83563,-43.975832,IGREJA BATISTA FILADELFIA,PROTESTANTE HISTÓRICA,Protestante/Evangélica
886,310620060640288P,-19.846762,-43.878553,IGREJA BATISTA FILADELFIA,PROTESTANTE HISTÓRICA,Protestante/Evangélica
887,310620005630291P,-19.898432,-43.922634,IGREJA BATISTA FILADELIA,PROTESTANTE HISTÓRICA,Protestante/Evangélica
888,310620060640117P,-19.86698,-43.915755,IGREJA BATISTA FILHO,PROTESTANTE HISTÓRICA,Protestante/Evangélica
889,310620005620108P,-19.934214,-43.908727,IGREJA BATISTA FILHO DE DEUS,PROTESTANTE HISTÓRICA,Protestante/Evangélica
890,310620060640251P,-19.865721,-43.917251,IGREJA BATISTA FLORESCER,PROTESTANTE HISTÓRICA,Protestante/Evangélica
891,310620060660139P,-19.8405,-43.942553,IGREJA BATISTA FOGO NO ALTAR,PROTESTANTE HISTÓRICA,Protestante/Evangélica
892,310620060690329P,-19.80714,-43.990054,IGREJA BATISTA FONTE DE AGUA VIVA,PROTESTANTE HISTÓRICA,Protestante/Evangélica
893,310620005650699P,-19.896084,-44.021805,IGREJA BATISTA FONTE DOS MILAGRES,PROTESTANTE HISTÓRICA,Protestante/Evangélica
894,310620005620190P,-19.915503,-43.928204,IGREJA BATISTA FONTE ETERNA,PROTESTANTE HISTÓRICA,Protestante/Evangélica
895,310620025610337P,-20.015088,-44.02718,IGREJA BATISTA FORTALECIDOS EM CRISTO,PROTESTANTE HISTÓRICA,Protestante/Evangélica
896,310620025610291P,-19.992832,-44.013846,IGREJA BATISTA FRATERNAO,PROTESTANTE HISTÓRICA,Protestante/Evangélica
897,310620060660433P,-19.806152,-43.904781,IGREJA BATISTA FRATERNAO,PROTESTANTE HISTÓRICA,Protestante/Evangélica
898,310620025610221P,-19.972296,-43.997024,IGREJA BATISTA FRATERNAO,PROTESTANTE HISTÓRICA,Protestante/Evangélica
899,310620005670548P,-19.949664,-43.989077,IGREJA BATISTA FRATERNAO,PROTESTANTE HISTÓRICA,Protestante/Evangélica
900,310620060690098P,-19.807819,-43.995515,IGREJA BATISTA FRUTIFICANDO EM CRISTO,PROTESTANTE HISTÓRICA,Protestante/Evangélica
901,310620060640209P,-19.865937,-43.919815,IGREJA BATISTA FRUTO DO ESPIRITO,PROTESTANTE HISTÓRICA,Protestante/Evangélica
902,310620005630166P,-19.902103,-43.888509,IGREJA BATISTA FRUTO DO ESPIRITO,PROTESTANTE HISTÓRICA,Protestante/Evangélica
903,310620060660112P,-19.857502,-43.933078,IGREJA BATISTA GETSEMANI,PROTESTANTE HISTÓRICA,Protestante/Evangélica
904,310620060690523P,-19.836351,-43.987415,IGREJA BATISTA GETSEMANI,PROTESTANTE HISTÓRICA,Protestante/Evangélica
905,310620005680461P,-19.880251,-43.992916,IGREJA BATISTA GETSEMANI,PROTESTANTE HISTÓRICA,Protestante/Evangélica
906,310620005680101P,-19.840458,-43.990656,IGREJA BATISTA GETSEMANI,PROTESTANTE HISTÓRICA,Protestante/Evangélica
907,310620005680110P,-19.857041,-43.94405,IGREJA BATISTA GETSEMANI,PROTESTANTE HISTÓRICA,Protestante/Evangélica
908,310620060640298P,-19.856625,-43.903788,IGREJA BATISTA GETSEMANI,PROTESTANTE HISTÓRICA,Protestante/Evangélica
909,310620060660095P,-19.84987,-43.926878,IGREJA BATISTA GETSEMANI,PROTESTANTE HISTÓRICA,Protestante/Evangélica
910,310620005680024P,-19.855418,-43.975413,IGREJA BATISTA GETSEMANI,PROTESTANTE HISTÓRICA,Protestante/Evangélica
911,310620005680247P,-19.860042,-43.94803,IGREJA BATISTA GETSEMANI,PROTESTANTE HISTÓRICA,Protestante/Evangélica
912,310620060690486P,-19.819467,-43.976876,IGREJA BATISTA GETSEMANI,PROTESTANTE HISTÓRICA,Protestante/Evangélica
913,310620060660008P,-19.832887,-43.935875,IGREJA BATISTA GETSEMANI,PROTESTANTE HISTÓRICA,Protestante/Evangélica
914,310620060660338P,-19.843502,-43.939832,IGREJA BATISTA GETSEMANI,PROTESTANTE HISTÓRICA,Protestante/Evangélica
915,310620060680031P,-19.83775,-43.953533,IGREJA BATISTA GETSEMANI,PROTESTANTE HISTÓRICA,Protestante/Evangélica
916,310620005680298P,-19.90418,-44.002721,IGREJA BATISTA GETSEMANI,PROTESTANTE HISTÓRICA,Protestante/Evangélica
917,310620005680298P,-19.904269,-44.002879,IGREJA BATISTA GETSEMANI,PROTESTANTE HISTÓRICA,Protestante/Evangélica
918,310620025610447P,-19.984521,-44.009393,IGREJA BATISTA GETSEMANI,PROTESTANTE HISTÓRICA,Protestante/Evangélica
919,310620005670379P,-19.96618,-43.955693,IGREJA BATISTA GETSEMANI BURITIS,PROTESTANTE HISTÓRICA,Protestante/Evangélica
920,310620060660409P,-19.845312,-43.925428,IGREJA BATISTA GETSEMANI MISSAO GUARANI,PROTESTANTE HISTÓRICA,Protestante/Evangélica
921,310620060660409P,-19.845223,-43.925393,IGREJA BATISTA GETSEMANI MISSAO GUARANI,PROTESTANTE HISTÓRICA,Protestante/Evangélica
922,310620005640001P,-19.885186,-43.936025,IGREJA BATISTA GETSMANI,PROTESTANTE HISTÓRICA,Protestante/Evangélica
923,310620005630089P,-19.908276,-43.890992,IGREJA BATISTA GETSMANI,PROTESTANTE HISTÓRICA,Protestante/Evangélica
924,310620060640249P,-19.874514,-43.904952,IGREJA BATISTA GILEADE,PROTESTANTE HISTÓRICA,Protestante/Evangélica
925,310620005670145P,-19.944202,-43.995725,IGREJA BATISTA GRACA PAZ,PROTESTANTE HISTÓRICA,Protestante/Evangélica
926,310620005630213P,-19.926445,-43.909148,IGREJA BATISTA HAB ESP SANTO,PROTESTANTE HISTÓRICA,Protestante/Evangélica
927,310620060640025P,-19.857551,-43.883212,IGREJA BATISTA HERMOM,PROTESTANTE HISTÓRICA,Protestante/Evangélica
928,310620060660009P,-19.829727,-43.934425,IGREJA BATISTA HESMON,PROTESTANTE HISTÓRICA,Protestante/Evangélica
929,310620005640057P,-19.881307,-43.947513,IGREJA BATISTA HUMAITA,PROTESTANTE HISTÓRICA,Protestante/Evangélica
930,310620060640192P,-19.865361,-43.901033,IGREJA BATISTA IDE AMAR E SERVIR,PROTESTANTE HISTÓRICA,Protestante/Evangélica
931,310620005670529P,-19.935546,-44.017463,IGREJA BATISTA IN HOLINESS,PROTESTANTE HISTÓRICA,Protestante/Evangélica
932,310620025610557P,-19.99163,-44.007468,IGREJA BATISTA INTERATIVA,PROTESTANTE HISTÓRICA,Protestante/Evangélica
933,310620005670515P,-19.934879,-44.011964,IGREJA BATISTA ISMIRNA,PROTESTANTE HISTÓRICA,Protestante/Evangélica
934,310620005680086P,-19.868755,-44.011373,IGREJA BATISTA ITATIAIA,PROTESTANTE HISTÓRICA,Protestante/Evangélica
935,310620060660181P,-19.800932,-43.935759,IGREJA BATISTA JAQUELINE,PROTESTANTE HISTÓRICA,Protestante/Evangélica
936,310620060690154P,-19.82891,-43.979468,IGREJA BATISTA JARDIM ATLANTICO,PROTESTANTE HISTÓRICA,Protestante/Evangélica
937,310620060690054P,-19.799195,-43.975376,IGREJA BATISTA JARDIM ESTRELA,PROTESTANTE HISTÓRICA,Protestante/Evangélica
938,310620060640233P,-19.853808,-43.883003,IGREJA BATISTA JARDIM VITORIA,PROTESTANTE HISTÓRICA,Protestante/Evangélica
939,310620025610209P,-19.989554,-44.055271,IGREJA BATISTA JATOBA,PROTESTANTE HISTÓRICA,Protestante/Evangélica
940,310620005670109P,-19.969556,-43.978098,IGREJA BATISTA JESUS E A ALIANCA,PROTESTANTE HISTÓRICA,Protestante/Evangélica
941,310620005640266P,-19.875135,-43.945774,IGREJA BATISTA JESUS E A JUSTICA,PROTESTANTE HISTÓRICA,Protestante/Evangélica
942,310620005640215P,-19.883645,-43.920722,IGREJA BATISTA JESUS TE AMA,PROTESTANTE HISTÓRICA,Protestante/Evangélica
943,310620025610262P,-19.97842,-44.047331,IGREJA BATISTA KADOSHE,PROTESTANTE HISTÓRICA,Protestante/Evangélica
944,310620005650316P,-19.889027,-43.961905,IGREJA BATISTA KERIGMA,PROTESTANTE HISTÓRICA,Protestante/Evangélica
945,310620060640250P,-19.846148,-43.896746,IGREJA BATISTA LA RHEMA,PROTESTANTE HISTÓRICA,Protestante/Evangélica
946,310620060640041P,-19.839584,-43.888574,IGREJA BATISTA LA RHEMA,PROTESTANTE HISTÓRICA,Protestante/Evangélica
947,310620005640014P,-19.88324,-43.9346,IGREJA BATISTA LAGOINHA,PROTESTANTE HISTÓRICA,Protestante/Evangélica
948,310620005640014P,-19.883238,-43.934688,IGREJA BATISTA LAGOINHA,PROTESTANTE HISTÓRICA,Protestante/Evangélica
949,310620005670092P,-19.95271,-43.967509,IGREJA BATISTA LAGOINHA,PROTESTANTE HISTÓRICA,Protestante/Evangélica
950,310620005640139P,-19.902168,-43.942801,IGREJA BATISTA LAGOINHA,PROTESTANTE HISTÓRICA,Protestante/Evangélica
951,310620005640126P,-19.898234,-43.945537,IGREJA BATISTA LAGOINHA ESPACO HUB,PROTESTANTE HISTÓRICA,Protestante/Evangélica
952,310620005680160P,-19.869353,-43.997654,IGREJA BATISTA LAGOINHA PAQUETA,PROTESTANTE HISTÓRICA,Protestante/Evangélica
953,310620060640195P,-19.85384,-43.914733,IGREJA BATISTA LAGOINHA SAO GABRIEL,PROTESTANTE HISTÓRICA,Protestante/Evangélica
954,310620005620644P,-19.934658,-43.936045,IGREJA BATISTA LAGOINHA SAVASSI,PROTESTANTE HISTÓRICA,Protestante/Evangélica
955,310620025610140P,-19.986803,-44.036887,IGREJA BATISTA LAGOS,PROTESTANTE HISTÓRICA,Protestante/Evangélica
956,310620060690196P,-19.788001,-43.987655,IGREJA BATISTA LEAO DE JUDA,PROTESTANTE HISTÓRICA,Protestante/Evangélica
957,310620025610646P,-19.989483,-44.055644,IGREJA BATISTA LEAO DE JUDA,PROTESTANTE HISTÓRICA,Protestante/Evangélica
958,310620060690503P,-19.818925,-43.961023,IGREJA BATISTA LIBERDADE,PROTESTANTE HISTÓRICA,Protestante/Evangélica
959,310620060690254P,-19.813118,-43.980616,IGREJA BATISTA LOGOS,PROTESTANTE HISTÓRICA,Protestante/Evangélica
960,310620060690254P,-19.813292,-43.980637,IGREJA BATISTA LOGOS,PROTESTANTE HISTÓRICA,Protestante/Evangélica
961,310620025610028P,-19.998318,-44.01459,IGREJA BATISTA MANACIAL,PROTESTANTE HISTÓRICA,Protestante/Evangélica
962,310620005650241P,-19.904954,-44.015019,IGREJA BATISTA MANACIAL DA VIDA,PROTESTANTE HISTÓRICA,Protestante/Evangélica
963,310620060690511P,-19.802347,-43.954733,IGREJA BATISTA MANAIM,PROTESTANTE HISTÓRICA,Protestante/Evangélica
964,310620060690511P,-19.802587,-43.954889,IGREJA BATISTA MANAIM,PROTESTANTE HISTÓRICA,Protestante/Evangélica
965,310620025610415P,-19.978179,-44.003162,IGREJA BATISTA MANANCIAL,PROTESTANTE HISTÓRICA,Protestante/Evangélica
966,310620025610179P,-19.963931,-43.999684,IGREJA BATISTA MANANCIAL,PROTESTANTE HISTÓRICA,Protestante/Evangélica
967,310620005630117P,-19.890207,-43.907137,IGREJA BATISTA MANANCIAL,PROTESTANTE HISTÓRICA,Protestante/Evangélica
968,310620060640104P,-19.855818,-43.919561,IGREJA BATISTA MANANCIAL,PROTESTANTE HISTÓRICA,Protestante/Evangélica
969,310620025610242P,-19.956014,-44.01111,IGREJA BATISTA MANANCIAL,PROTESTANTE HISTÓRICA,Protestante/Evangélica
970,310620060640063P,-19.855484,-43.906078,IGREJA BATISTA MANANCIAL DA ADORACAO,PROTESTANTE HISTÓRICA,Protestante/Evangélica
971,310620005670791P,-19.95578,-43.976183,IGREJA BATISTA MANANCIAL DA GRACA,PROTESTANTE HISTÓRICA,Protestante/Evangélica
972,310620060660226P,-19.845338,-43.942985,IGREJA BATISTA MANANCIAL DE VIDA,PROTESTANTE HISTÓRICA,Protestante/Evangélica
973,310620025610567P,-19.990489,-44.021238,IGREJA BATISTA MANASSES,PROTESTANTE HISTÓRICA,Protestante/Evangélica
974,310620005640137P,-19.904425,-43.94019,IGREJA BATISTA MEMORIAL,PROTESTANTE HISTÓRICA,Protestante/Evangélica
975,310620025610167P,-19.985955,-44.044989,IGREJA BATISTA MEMORIAL CENTRAL DO TIROL,PROTESTANTE HISTÓRICA,Protestante/Evangélica
976,310620005650380P,-19.913097,-43.945558,IGREJA BATISTA MEMORIAL DE JERUSALEM,PROTESTANTE HISTÓRICA,Protestante/Evangélica
977,310620025610444P,-19.9963,-44.046644,IGREJA BATISTA MILAGRE DE JESUS,PROTESTANTE HISTÓRICA,Protestante/Evangélica
978,310620060640288P,-19.847497,-43.88116,IGREJA BATISTA MILAGRES,PROTESTANTE HISTÓRICA,Protestante/Evangélica
979,310620005680127P,-19.87301,-43.950168,IGREJA BATISTA MIN RENUNCIA,PROTESTANTE HISTÓRICA,Protestante/Evangélica
980,310620060660405P,-19.846387,-43.937017,IGREJA BATISTA MINISTERIO ALIANCA,PROTESTANTE HISTÓRICA,Protestante/Evangélica
981,310620060660403P,-19.845402,-43.921323,IGREJA BATISTA MINISTERIO ALIANCA MISSAO GUARANI,PROTESTANTE HISTÓRICA,Protestante/Evangélica
982,310620060660163P,-19.810822,-43.939673,IGREJA BATISTA MISSAO RESTAURACAO,PROTESTANTE HISTÓRICA,Protestante/Evangélica
983,310620060680016P,-19.843778,-43.981173,IGREJA BATISTA MISSIONARIA,PROTESTANTE HISTÓRICA,Protestante/Evangélica
984,310620005670765P,-19.965175,-43.97427,IGREJA BATISTA MISSIONARIA EBENEZER,PROTESTANTE HISTÓRICA,Protestante/Evangélica
985,310620025610597P,-19.999072,-43.965561,IGREJA BATISTA MISSIONARIA OLHOS DAGUA,PROTESTANTE HISTÓRICA,Protestante/Evangélica
986,310620060660109P,-19.862687,-43.930547,IGREJA BATISTA MISSIONARIA PETENCOATAL,PROTESTANTE HISTÓRICA,Protestante/Evangélica
987,310620060690199P,-19.787073,-43.98326,IGREJA BATISTA MISSOES DE GIDEAO,PROTESTANTE HISTÓRICA,Protestante/Evangélica
988,310620060640182P,-19.829255,-43.899939,IGREJA BATISTA MONTE DAS OLIVEIRAS,PROTESTANTE HISTÓRICA,Protestante/Evangélica
989,310620005630424P,-19.915094,-43.892003,IGREJA BATISTA MONTE MORIA,PROTESTANTE HISTÓRICA,Protestante/Evangélica
990,310620060640097P,-19.864458,-43.913071,IGREJA BATISTA MORYA,PROTESTANTE HISTÓRICA,Protestante/Evangélica
991,310620005640155P,-19.877981,-43.913496,IGREJA BATISTA MULTIPLIQUE,PROTESTANTE HISTÓRICA,Protestante/Evangélica
992,310620005650610P,-19.90086,-44.019845,IGREJA BATISTA NACIONAL,PROTESTANTE HISTÓRICA,Protestante/Evangélica
993,310620025610209P,-19.990952,-44.054978,IGREJA BATISTA NACIONAL,PROTESTANTE HISTÓRICA,Protestante/Evangélica
994,310620005630211P,-19.927336,-43.904514,IGREJA BATISTA NACIONAL,PROTESTANTE HISTÓRICA,Protestante/Evangélica
995,310620060690097P,-19.810806,-44.000977,IGREJA BATISTA NACIONAL DA ESPERAN,PROTESTANTE HISTÓRICA,Protestante/Evangélica
996,310620060690296P,-19.825928,-43.989679,IGREJA BATISTA NACIONAL DO AVIVAMENTO,PROTESTANTE HISTÓRICA,Protestante/Evangélica
997,310620005680300P,-19.902296,-43.997012,IGREJA BATISTA NACIONAL DO ENCONTRO,PROTESTANTE HISTÓRICA,Protestante/Evangélica
998,310620005670113P,-19.968222,-43.992913,IGREJA BATISTA NACIONAL FONTE DA VIDA,PROTESTANTE HISTÓRICA,Protestante/Evangélica
999,310620060640158P,-19.852577,-43.899624,IGREJA BATISTA NACIONAL NAZARE,PROTESTANTE HISTÓRICA,Protestante/Evangélica
1000,310620060690114P,-19.794816,-43.973413,IGREJA BATISTA NACIONAL ROSA DE SARON,PROTESTANTE HISTÓRICA,Protestante/Evangélica
1001,310620060690231P,-19.807357,-43.954299,IGREJA BATISTA NACIONAL SHEKINAH,PROTESTANTE HISTÓRICA,Protestante/Evangélica
1002,310620005630015P,-19.9071,-43.910271,IGREJA BATISTA NACIONAL VIDA NOVA,PROTESTANTE HISTÓRICA,Protestante/Evangélica
1003,310620005680093P,-19.867123,-44.017531,IGREJA BATISTA NO CONFISCO,PROTESTANTE HISTÓRICA,Protestante/Evangélica
1004,310620005650602P,-19.905176,-44.012098,IGREJA BATISTA NO GLORIA,PROTESTANTE HISTÓRICA,Protestante/Evangélica
1005,310620005650237P,-19.908018,-44.018586,IGREJA BATISTA NOVA ALIANCA,PROTESTANTE HISTÓRICA,Protestante/Evangélica
1006,310620005630279P,-19.907786,-43.929161,IGREJA BATISTA NOVA ALIANCA COM DEUS,PROTESTANTE HISTÓRICA,Protestante/Evangélica
1007,310620005650318P,-19.888162,-43.96115,IGREJA BATISTA NOVA ESPERACA,PROTESTANTE HISTÓRICA,Protestante/Evangélica
1008,310620005650671P,-19.91081,-44.020774,IGREJA BATISTA NOVA ESPERANCA,PROTESTANTE HISTÓRICA,Protestante/Evangélica
1009,310620005640050P,-19.894383,-43.935421,IGREJA BATISTA NOVA FLORESTA,PROTESTANTE HISTÓRICA,Protestante/Evangélica
1010,310620005670773P,-19.942327,-43.992646,IGREJA BATISTA NOVA GAMELEIRA,PROTESTANTE HISTÓRICA,Protestante/Evangélica
1011,310620005650255P,-19.896496,-44.013154,IGREJA BATISTA NOVA JERUSALEM,PROTESTANTE HISTÓRICA,Protestante/Evangélica
1012,310620060660226P,-19.845635,-43.942895,IGREJA BATISTA NOVA UNCAO,PROTESTANTE HISTÓRICA,Protestante/Evangélica
1013,310620005630152P,-19.887746,-43.905114,IGREJA BATISTA NOVA VIDA,PROTESTANTE HISTÓRICA,Protestante/Evangélica
1014,310620005650251P,-19.894573,-44.015775,IGREJA BATISTA NOVA VIDA,PROTESTANTE HISTÓRICA,Protestante/Evangélica
1015,310620005680127P,-19.871817,-43.950708,IGREJA BATISTA NOVA VIDA,PROTESTANTE HISTÓRICA,Protestante/Evangélica
1016,310620060690357P,-19.790339,-43.968164,IGREJA BATISTA NOVA YORK,PROTESTANTE HISTÓRICA,Protestante/Evangélica
1017,310620005640273P,-19.878653,-43.945569,IGREJA BATISTA NOVO ALVORCER,PROTESTANTE HISTÓRICA,Protestante/Evangélica
1018,310620025610389P,-19.978589,-44.056745,IGREJA BATISTA NOVO COMECO,PROTESTANTE HISTÓRICA,Protestante/Evangélica
1019,310620005630442P,-19.891386,-43.902519,IGREJA BATISTA NOVO ISRAEL,PROTESTANTE HISTÓRICA,Protestante/Evangélica
1020,310620025610387P,-19.982456,-44.054382,IGREJA BATISTA NOVO TEMPO,PROTESTANTE HISTÓRICA,Protestante/Evangélica
1021,310620060690134P,-19.816339,-43.962741,IGREJA BATISTA NOVO TEMPO,PROTESTANTE HISTÓRICA,Protestante/Evangélica
1022,310620005630411P,-19.909147,-43.938369,IGREJA BATISTA OASIS,PROTESTANTE HISTÓRICA,Protestante/Evangélica
1023,310620060690488P,-19.825743,-43.980812,IGREJA BATISTA OBRA MISSIONARIA,PROTESTANTE HISTÓRICA,Protestante/Evangélica
1024,310620060660181P,-19.798048,-43.934332,IGREJA BATISTA OBRA MISSIONARIA,PROTESTANTE HISTÓRICA,Protestante/Evangélica
1025,310620005670508P,-19.939742,-44.024069,IGREJA BATISTA PALAVRA DA FE,PROTESTANTE HISTÓRICA,Protestante/Evangélica
1026,310620060680092P,-19.839214,-43.980866,IGREJA BATISTA PALAVRA VIVA,PROTESTANTE HISTÓRICA,Protestante/Evangélica
1027,310620005670024P,-19.964969,-43.983357,IGREJA BATISTA PALMEIRAS,PROTESTANTE HISTÓRICA,Protestante/Evangélica
1028,310620060690335P,-19.803244,-43.991469,IGREJA BATISTA PARAUNA,PROTESTANTE HISTÓRICA,Protestante/Evangélica
1029,310620005650003P,-19.914085,-43.981471,IGREJA BATISTA PEDRA ANGULAR,PROTESTANTE HISTÓRICA,Protestante/Evangélica
1030,310620005640163P,-19.877085,-43.911997,IGREJA BATISTA PEDRAS VIVAS,PROTESTANTE HISTÓRICA,Protestante/Evangélica
1031,310620005680308P,-19.898392,-43.989804,IGREJA BATISTA PENIEL,PROTESTANTE HISTÓRICA,Protestante/Evangélica
1032,310620005650383P,-19.915505,-43.948183,IGREJA BATISTA PENIEL,PROTESTANTE HISTÓRICA,Protestante/Evangélica
1033,310620005650383P,-19.915484,-43.948147,IGREJA BATISTA PENIEL,PROTESTANTE HISTÓRICA,Protestante/Evangélica
1034,310620060690155P,-19.830342,-43.981252,IGREJA BATISTA PENTECOSTAL,PENTECOSTAL CLÁSSICA,Protestante/Evangélica
1035,310620025610564P,-19.983977,-44.002474,IGREJA BATISTA PENTECOSTAL DO AMOR MAIOR,PENTECOSTAL CLÁSSICA,Protestante/Evangélica
1036,310620060690167P,-19.829733,-43.991363,IGREJA BATISTA PENTECOSTAL EXISTE UM DEUS,PENTECOSTAL CLÁSSICA,Protestante/Evangélica
1037,310620005670763P,-19.962841,-43.996219,IGREJA BATISTA PETENCOSTAL MISSIONARIA,PENTECOSTAL CLÁSSICA,Protestante/Evangélica
1038,310620005630459P,-19.908104,-43.89887,IGREJA BATISTA POMPEIA,PROTESTANTE HISTÓRICA,Protestante/Evangélica
1039,310620005630001P,-19.907289,-43.9039,IGREJA BATISTA POMPEIA,PROTESTANTE HISTÓRICA,Protestante/Evangélica
1040,310620025610621P,-19.992385,-44.005001,IGREJA BATISTA PONTOS DOS MILAGRES,PROTESTANTE HISTÓRICA,Protestante/Evangélica
1041,310620060660010P,-19.827607,-43.932523,IGREJA BATISTA PORTAS ABERTAS,PROTESTANTE HISTÓRICA,Protestante/Evangélica
1042,310620060690194P,-19.79207,-43.988533,IGREJA BATISTA PRESBITERIANA,PROTESTANTE HISTÓRICA,Protestante/Evangélica
1043,310620060640237P,-19.856997,-43.871182,IGREJA BATISTA PRIMITIVA,PROTESTANTE HISTÓRICA,Protestante/Evangélica
1044,310620025610230P,-19.988706,-43.997807,IGREJA BATISTA PRINCIPE DA PAZ,PROTESTANTE HISTÓRICA,Protestante/Evangélica
1045,310620025610006P,-20.00327,-44.010358,IGREJA BATISTA PRINCIPE DA PAZ,PROTESTANTE HISTÓRICA,Protestante/Evangélica
1046,310620005620328P,-19.918441,-43.95086,IGREJA BATISTA PRINCIPE DA PAZ,PROTESTANTE HISTÓRICA,Protestante/Evangélica
1047,310620005670608P,-19.946039,-44.000921,IGREJA BATISTA PROFETICA,PROTESTANTE HISTÓRICA,Protestante/Evangélica
1048,310620005620139P,-19.937704,-43.91517,IGREJA BATISTA PROFETICA,PROTESTANTE HISTÓRICA,Protestante/Evangélica
1049,310620060690318P,-19.829969,-43.982334,IGREJA BATISTA PROFETIZANDO,PROTESTANTE HISTÓRICA,Protestante/Evangélica
1050,310620060660082P,-19.838734,-43.913692,IGREJA BATISTA PROFETIZANDO AVIVAMENTO DOS ULTIMOS TEMPOS,PROTESTANTE HISTÓRICA,Protestante/Evangélica
1051,310620005690004P,-19.833268,-43.993425,IGREJA BATISTA PROFETIZANDO O AVIVAMENTO,PROTESTANTE HISTÓRICA,Protestante/Evangélica
1052,310620060660390P,-19.800466,-43.914523,IGREJA BATISTA PROFETIZANDO O AVIVAMENTO DOS ULTIMOS TEMPOS,PROTESTANTE HISTÓRICA,Protestante/Evangélica
1053,310620005650343P,-19.891141,-43.95212,IGREJA BATISTA PRQUE RIACHUELO,PROTESTANTE HISTÓRICA,Protestante/Evangélica
1054,310620060690416P,-19.800646,-43.983195,IGREJA BATISTA QUEMUEL NO MANTIQUEIRA,PROTESTANTE HISTÓRICA,Protestante/Evangélica
1055,310620060690188P,-19.812654,-44.003687,IGREJA BATISTA REAVIVAMENTO,PROTESTANTE HISTÓRICA,Protestante/Evangélica
1056,310620005630490P,-19.910935,-43.878886,IGREJA BATISTA RECOMECAR,PROTESTANTE HISTÓRICA,Protestante/Evangélica
1057,310620060660415P,-19.852177,-43.929252,IGREJA BATISTA RECOMECO,PROTESTANTE HISTÓRICA,Protestante/Evangélica
1058,310620005650346P,-19.895735,-43.953518,IGREJA BATISTA RECOMECO EM CRISTO,PROTESTANTE HISTÓRICA,Protestante/Evangélica
1059,310620060660213P,-19.811966,-43.939053,IGREJA BATISTA REENCONTRO,PROTESTANTE HISTÓRICA,Protestante/Evangélica
1060,310620060690253P,-19.836351,-43.989512,IGREJA BATISTA REGULAR,PROTESTANTE HISTÓRICA,Protestante/Evangélica
1061,310620025610267P,-19.975826,-44.060096,IGREJA BATISTA REMANESCENTES,PROTESTANTE HISTÓRICA,Protestante/Evangélica
1062,310620005650043P,-19.910865,-43.994871,IGREJA BATISTA RENASCENDO EM CRISTO,PROTESTANTE HISTÓRICA,Protestante/Evangélica
1063,310620005650482P,-19.920771,-43.984094,IGREJA BATISTA RENASCER,PROTESTANTE HISTÓRICA,Protestante/Evangélica
1064,310620025610293P,-20.012971,-44.024064,IGREJA BATISTA RENASCER DO AVIVAMENTO,PROTESTANTE HISTÓRICA,Protestante/Evangélica
1065,310620060690059P,-19.805104,-43.966395,IGREJA BATISTA RENOVADA,PROTESTANTE HISTÓRICA,Protestante/Evangélica
1066,310620060660401P,-19.827982,-43.92676,IGREJA BATISTA RENOVADA,PROTESTANTE HISTÓRICA,Protestante/Evangélica
1067,310620060660077P,-19.839103,-43.908098,IGREJA BATISTA RENOVADA,PROTESTANTE HISTÓRICA,Protestante/Evangélica
1068,310620005630396P,-19.909543,-43.880008,IGREJA BATISTA RENOVADA,PROTESTANTE HISTÓRICA,Protestante/Evangélica
1069,310620025610201P,-19.99394,-43.993817,IGREJA BATISTA RENOVADA,PROTESTANTE HISTÓRICA,Protestante/Evangélica
1070,310620025610157P,-19.995454,-44.054392,IGREJA BATISTA RENOVADA,PROTESTANTE HISTÓRICA,Protestante/Evangélica
1071,310620005670623P,-19.930276,-43.974545,IGREJA BATISTA RENOVADA CANAA,PROTESTANTE HISTÓRICA,Protestante/Evangélica
1072,310620060660363P,-19.833035,-43.906645,IGREJA BATISTA RENOVADA CHAMA E GLORIA,PROTESTANTE HISTÓRICA,Protestante/Evangélica
1073,310620005670023P,-19.959975,-43.979695,IGREJA BATISTA RENOVADA EM MAROJO,PROTESTANTE HISTÓRICA,Protestante/Evangélica
1074,310620005620515P,-19.933435,-43.908265,IGREJA BATISTA RENOVADORA RHEMA,PROTESTANTE HISTÓRICA,Protestante/Evangélica
1075,310620005680399P,-19.829468,-44.011751,IGREJA BATISTA RESGATANDO VIDAS,PROTESTANTE HISTÓRICA,Protestante/Evangélica
1076,310620005650312P,-19.897804,-43.977582,IGREJA BATISTA RESGATANDO VIDAS,PROTESTANTE HISTÓRICA,Protestante/Evangélica
1077,310620005620127P,-19.941431,-43.909209,IGREJA BATISTA RESGATANDO VIDAS NA SERRA,PROTESTANTE HISTÓRICA,Protestante/Evangélica
1078,310620060660051P,-19.84205,-43.929462,IGREJA BATISTA RESGATE,PROTESTANTE HISTÓRICA,Protestante/Evangélica
1079,310620060660051P,-19.842115,-43.929515,IGREJA BATISTA RESGATE,PROTESTANTE HISTÓRICA,Protestante/Evangélica
1080,310620060680004P,-19.839758,-43.97775,IGREJA BATISTA RESGATE,PROTESTANTE HISTÓRICA,Protestante/Evangélica
1081,310620060690130P,-19.812053,-43.960102,IGREJA BATISTA RESTAURADOR,PROTESTANTE HISTÓRICA,Protestante/Evangélica
1082,310620060640047P,-19.851653,-43.90395,IGREJA BATISTA RESTAURADORA,PROTESTANTE HISTÓRICA,Protestante/Evangélica
1083,310620025610469P,-19.980657,-44.05064,IGREJA BATISTA RESTAURANDO VIDAS,PROTESTANTE HISTÓRICA,Protestante/Evangélica
1084,310620060690044P,-19.806112,-43.990558,IGREJA BATISTA RESTAURANDO VIDAS,PROTESTANTE HISTÓRICA,Protestante/Evangélica
1085,310620060640047P,-19.851477,-43.903952,IGREJA BATISTA RESTAURANDOA INTEGRIDADE,PROTESTANTE HISTÓRICA,Protestante/Evangélica
1086,310620005630142P,-19.91484,-43.922643,IGREJA BATISTA REVIVER,PROTESTANTE HISTÓRICA,Protestante/Evangélica
1087,310620060690022P,-19.817525,-43.984465,IGREJA BATISTA RIO BRANCO,PROTESTANTE HISTÓRICA,Protestante/Evangélica
1088,310620060660247P,-19.830642,-43.910745,IGREJA BATISTA RIOS DE AGUA VIVA,PROTESTANTE HISTÓRICA,Protestante/Evangélica
1089,310620005620737P,-19.920652,-43.955287,IGREJA BATISTA ROCHA DE SALEM,PROTESTANTE HISTÓRICA,Protestante/Evangélica
1090,310620005640013P,-19.88201,-43.937885,IGREJA BATISTA ROCHA ETERNA,PROTESTANTE HISTÓRICA,Protestante/Evangélica
1091,310620060640083P,-19.861027,-43.906084,IGREJA BATISTA ROCHA VIVA,PROTESTANTE HISTÓRICA,Protestante/Evangélica
1092,310620060660271P,-19.832336,-43.91847,IGREJA BATISTA ROCHA VIVA,PROTESTANTE HISTÓRICA,Protestante/Evangélica
1093,310620060660271P,-19.832065,-43.918555,IGREJA BATISTA ROCHA VIVA,PROTESTANTE HISTÓRICA,Protestante/Evangélica
1094,310620005680035P,-19.872546,-43.999862,IGREJA BATISTA SALDADOS DE CRISTO,PROTESTANTE HISTÓRICA,Protestante/Evangélica
1095,310620025610154P,-19.989015,-44.002341,IGREJA BATISTA SANTUARIO DE ADORACAO,PROTESTANTE HISTÓRICA,Protestante/Evangélica
1096,310620025610209P,-19.988105,-44.054844,IGREJA BATISTA SEMANDO,PROTESTANTE HISTÓRICA,Protestante/Evangélica
1097,310620060690532P,-19.829995,-43.986134,IGREJA BATISTA SEMEANDO,PROTESTANTE HISTÓRICA,Protestante/Evangélica
1098,310620060690351P,-19.826286,-43.969746,IGREJA BATISTA SEMEANDO A PAZ,PROTESTANTE HISTÓRICA,Protestante/Evangélica
1099,310620060680079P,-19.845585,-43.972371,IGREJA BATISTA SEMEAR,PROTESTANTE HISTÓRICA,Protestante/Evangélica
1100,310620060690221P,-19.797433,-43.956052,IGREJA BATISTA SERRA VERDE,PROTESTANTE HISTÓRICA,Protestante/Evangélica
1101,310620025610244P,-19.95829,-44.01025,IGREJA BATISTA SERVIR,PROTESTANTE HISTÓRICA,Protestante/Evangélica
1102,310620025610308P,-19.978691,-44.020476,IGREJA BATISTA SHALOM,PROTESTANTE HISTÓRICA,Protestante/Evangélica
1103,310620060690023P,-19.814506,-43.983744,IGREJA BATISTA SHALON,PROTESTANTE HISTÓRICA,Protestante/Evangélica
1104,310620025610235P,-19.985487,-44.055969,IGREJA BATISTA SHALON,PROTESTANTE HISTÓRICA,Protestante/Evangélica
1105,310620025610322P,-19.997171,-43.996485,IGREJA BATISTA SHALON,PROTESTANTE HISTÓRICA,Protestante/Evangélica
1106,310620025610296P,-20.011462,-44.030061,IGREJA BATISTA SHALON,PROTESTANTE HISTÓRICA,Protestante/Evangélica
1107,310620005630449P,-19.919637,-43.88055,IGREJA BATISTA SHEKINAH,PROTESTANTE HISTÓRICA,Protestante/Evangélica
1108,310620060690232P,-19.805401,-43.955667,IGREJA BATISTA SHEKINAH,PROTESTANTE HISTÓRICA,Protestante/Evangélica
1109,310620060640297P,-19.855545,-43.892886,IGREJA BATISTA SINAIS E MARAVILHAS,PROTESTANTE HISTÓRICA,Protestante/Evangélica
1110,310620005650625P,-19.922685,-44.009938,IGREJA BATISTA SOL DA JUSTICA,PROTESTANTE HISTÓRICA,Protestante/Evangélica
1111,310620005650091P,-19.925413,-43.999623,IGREJA BATISTA SOL RESTAURACAO,PROTESTANTE HISTÓRICA,Protestante/Evangélica
1112,310620060660006P,-19.836556,-43.933186,IGREJA BATISTA SOLDADOS DE CRISTO,PROTESTANTE HISTÓRICA,Protestante/Evangélica
1113,310620005640146P,-19.868941,-43.923399,IGREJA BATISTA SOLIDARIA,PROTESTANTE HISTÓRICA,Protestante/Evangélica
1114,310620005640146P,-19.869074,-43.923349,IGREJA BATISTA SOLIDARIA,PROTESTANTE HISTÓRICA,Protestante/Evangélica
1115,310620005680254P,-19.8604,-43.934298,IGREJA BATISTA SOLIDARIA,PROTESTANTE HISTÓRICA,Protestante/Evangélica
1116,310620005670694P,-19.975589,-43.971824,IGREJA BATISTA SOMOS UM,PROTESTANTE HISTÓRICA,Protestante/Evangélica
1117,310620005680518P,-19.835932,-44.007226,IGREJA BATISTA TABERNACULO,PROTESTANTE HISTÓRICA,Protestante/Evangélica
1118,310620025610337P,-20.013183,-44.027353,IGREJA BATISTA TABERNACULO DA ADORACAO,PROTESTANTE HISTÓRICA,Protestante/Evangélica
1119,310620005650463P,-19.902428,-44.007698,IGREJA BATISTA TABERNACULO DA GLORIA,PROTESTANTE HISTÓRICA,Protestante/Evangélica
1120,310620060690141P,-19.822826,-43.964484,IGREJA BATISTA TABERNACULO DE DEUS,PROTESTANTE HISTÓRICA,Protestante/Evangélica
1121,310620025610130P,-20.018857,-44.028307,IGREJA BATISTA TEMPLO DA FE,PROTESTANTE HISTÓRICA,Protestante/Evangélica
1122,310620060640263P,-19.853365,-43.882012,IGREJA BATISTA TEMPLO DO DEUS VIVO,PROTESTANTE HISTÓRICA,Protestante/Evangélica
1123,310620025610604P,-19.995742,-44.021478,IGREJA BATISTA TEMPLO DOS QUERUBINS,PROTESTANTE HISTÓRICA,Protestante/Evangélica
1124,310620060640007P,-19.842841,-43.894861,IGREJA BATISTA TEMPO DE AVIVAMENTO,PROTESTANTE HISTÓRICA,Protestante/Evangélica
1125,310620060690218P,-19.799538,-43.964953,IGREJA BATISTA TEMPO DE DEUS,PROTESTANTE HISTÓRICA,Protestante/Evangélica
1126,310620005680300P,-19.902195,-43.997024,IGREJA BATISTA TRIUNFANTE,PROTESTANTE HISTÓRICA,Protestante/Evangélica
1127,310620005620298P,-19.954163,-43.941436,IGREJA BATISTA UNIAO,PROTESTANTE HISTÓRICA,Protestante/Evangélica
1128,310620005630071P,-19.904741,-43.918634,IGREJA BATISTA UNIDADE E FE,PROTESTANTE HISTÓRICA,Protestante/Evangélica
1129,310620005670196P,-19.941346,-44.001365,IGREJA BATISTA UNIVIDA,PROTESTANTE HISTÓRICA,Protestante/Evangélica
1130,310620060660049P,-19.843898,-43.928356,IGREJA BATISTA VALE DA BENCAO,PROTESTANTE HISTÓRICA,Protestante/Evangélica
1131,310620005660007P,-19.844999,-43.954148000000004,IGREJA BATISTA VALENTES DE CRISTO,PROTESTANTE HISTÓRICA,Protestante/Evangélica
1132,310620005630500P,-19.923833,-43.872871,IGREJA BATISTA VALENTES DE DEUS,PROTESTANTE HISTÓRICA,Protestante/Evangélica
1133,310620005630456P,-19.896321,-43.907069,IGREJA BATISTA VERDADE E VIDA,PROTESTANTE HISTÓRICA,Protestante/Evangélica
1134,310620060660194P,-19.811508,-43.942947,IGREJA BATISTA VERDADE E VIDA,PROTESTANTE HISTÓRICA,Protestante/Evangélica
1135,310620060640055P,-19.833833,-43.902172,IGREJA BATISTA VEREDA,PROTESTANTE HISTÓRICA,Protestante/Evangélica
1136,310620060690356P,-19.789322,-43.974112,IGREJA BATISTA VEREDA COMERCIARIOS,PROTESTANTE HISTÓRICA,Protestante/Evangélica
1137,310620060640040P,-19.83622,-43.889202,IGREJA BATISTA VEREDAS,PROTESTANTE HISTÓRICA,Protestante/Evangélica
1138,310620060660249P,-19.817038,-43.89102,IGREJA BATISTA VEREDAS,PROTESTANTE HISTÓRICA,Protestante/Evangélica
1139,310620060690443P,-19.830293,-43.988812,IGREJA BATISTA VEREDAS DA JUSTICA,PROTESTANTE HISTÓRICA,Protestante/Evangélica
1140,310620005640260P,-19.881266,-43.924607,IGREJA BATISTA VIA AMERICA,PROTESTANTE HISTÓRICA,Protestante/Evangélica
1141,310620060640183P,-19.830179,-43.895918,IGREJA BATISTA VIDA,PROTESTANTE HISTÓRICA,Protestante/Evangélica
1142,310620005680222P,-19.869178,-44.010446,IGREJA BATISTA VIDA E PAZ,PROTESTANTE HISTÓRICA,Protestante/Evangélica
1143,310620060660272P,-19.836148,-43.918531,IGREJA BATISTA VIDA NOVA,PROTESTANTE HISTÓRICA,Protestante/Evangélica
1144,310620005670619P,-19.950766,-43.961361,IGREJA BATISTA VIDA NOVA EM CRISTO,PROTESTANTE HISTÓRICA,Protestante/Evangélica
1145,310620005640041P,-19.878153,-43.936249,IGREJA BATISTA VIDA PLENA,PROTESTANTE HISTÓRICA,Protestante/Evangélica
1146,310620005640203P,-19.879479,-43.92705,IGREJA BATISTA VILA MARILIA,PROTESTANTE HISTÓRICA,Protestante/Evangélica
1147,310620005670498P,-19.938814,-44.005228,IGREJA BATISTA VILA OESTE,PROTESTANTE HISTÓRICA,Protestante/Evangélica
1148,310620025610645P,-19.982349,-44.055962,IGREJA BATISTA VIVER BEM,PROTESTANTE HISTÓRICA,Protestante/Evangélica
1149,310620005680093P,-19.865706,-44.017809,IGREJA BATISTA VIVER E CRER,PROTESTANTE HISTÓRICA,Protestante/Evangélica
1150,310620060690115P,-19.793845,-43.972579,IGREJA BATISTA YESHUA HA MASCHICH,PROTESTANTE HISTÓRICA,Protestante/Evangélica
1151,310620060690498P,-19.804425,-43.964478,IGREJA BATISTSTA ROSA SARON,PROTESTANTE/EVANGÉLICA GENÉRICA,Protestante/Evangélica
1152,310620060660080P,-19.839666,-43.917365,IGREJA BETEL,PROTESTANTE/EVANGÉLICA GENÉRICA,Protestante/Evangélica
1153,310620060690470P,-19.785343,-43.982536,IGREJA BETEL RENASCER EM CRISTO,PROTESTANTE/EVANGÉLICA GENÉRICA,Protestante/Evangélica
1154,310620025610252P,-19.987537,-43.993098,IGREJA BIBLICA CARTA VIVA,PROTESTANTE/EVANGÉLICA GENÉRICA,Protestante/Evangélica
1155,310620060680035P,-19.842571,-43.977458,IGREJA BIBLICA DA PAMPULHA,PROTESTANTE/EVANGÉLICA GENÉRICA,Protestante/Evangélica
1156,310620025610096P,-19.989674,-44.03516,IGREJA BIBLICA DO TIROL,PROTESTANTE/EVANGÉLICA GENÉRICA,Protestante/Evangélica
1157,310620005650244P,-19.903128,-44.02001,IGREJA BOAS NOVAS,PROTESTANTE/EVANGÉLICA GENÉRICA,Protestante/Evangélica
1158,310620005650183P,-19.929548,-43.9979,IGREJA BOM JESUS DE PRAGA,PROTESTANTE/EVANGÉLICA GENÉRICA,Protestante/Evangélica
1159,310620005650183P,-19.929502,-43.998018,IGREJA BOM JESUS DE PRAGA,PROTESTANTE/EVANGÉLICA GENÉRICA,Protestante/Evangélica
1160,310620005650183P,-19.929623,-43.997823,IGREJA BOM JESUS DE PRAGA,PROTESTANTE/EVANGÉLICA GENÉRICA,Protestante/Evangélica
1161,310620060690261P,-19.802869,-43.974044,IGREJA BRASA VIVA,PROTESTANTE/EVANGÉLICA GENÉRICA,Protestante/Evangélica
1162,310620060640063P,-19.855626,-43.904945,IGREJA BRASIL PARA CRISTO,PROTESTANTE/EVANGÉLICA GENÉRICA,Protestante/Evangélica
1163,310620060640089P,-19.869812,-43.89732,IGREJA BREVE JESUS VOLTARA,PROTESTANTE/EVANGÉLICA GENÉRICA,Protestante/Evangélica
1164,310620060660036P,-19.824927,-43.925358,IGREJA BSTISTA,PROTESTANTE/EVANGÉLICA GENÉRICA,Protestante/Evangélica
1165,310620005670018P,-19.957818,-43.975213,IGREJA BSTISTA DO HAVAI,PROTESTANTE/EVANGÉLICA GENÉRICA,Protestante/Evangélica
1166,310620005670010P,-19.950352,-43.986776,IGREJA BSTISTA NOVA UNCAO DO NOVA CINTRA,PROTESTANTE/EVANGÉLICA GENÉRICA,Protestante/Evangélica
1167,310620025610128P,-20.021038,-44.036508,IGREJA C STA CLARA DE S FCO,PROTESTANTE/EVANGÉLICA GENÉRICA,Protestante/Evangélica
1168,310620060640245P,-19.852279,-43.906625,IGREJA CAMINHO SANTO,CATÓLICA,Católica
1169,310620025610608P,-19.991635,-43.990113,IGREJA CANAA DE JESUS CRISTO,PROTESTANTE/EVANGÉLICA GENÉRICA,Protestante/Evangélica
1170,310620005680392P,-19.837359,-44.013654,IGREJA CAPELA NOSSA SENHORA DO ROSARIO,CATÓLICA,Católica
1171,310620025610080P,-20.008073,-44.037513,IGREJA CASA DA BENCAO,PROTESTANTE/EVANGÉLICA GENÉRICA,Protestante/Evangélica
1172,310620060640097P,-19.865767,-43.912304,IGREJA CASA DA BENCAO,PROTESTANTE/EVANGÉLICA GENÉRICA,Protestante/Evangélica
1173,310620005670731P,-19.954969,-43.994759,IGREJA CASA DE ORACAO,PROTESTANTE/EVANGÉLICA GENÉRICA,Protestante/Evangélica
1174,310620060660193P,-19.830308,-43.902728,IGREJA CASA DE ORACAO,PROTESTANTE/EVANGÉLICA GENÉRICA,Protestante/Evangélica
1175,310620060690267P,-19.802448,-43.961046,IGREJA CASA DE ORACAO,PROTESTANTE/EVANGÉLICA GENÉRICA,Protestante/Evangélica
1176,310620025610561P,-19.979979,-44.04376,IGREJA CASA DE ORACAO BETEL,PROTESTANTE/EVANGÉLICA GENÉRICA,Protestante/Evangélica
1177,310620025610561P,-19.979475,-44.044188,IGREJA CASA DE ORACAO BETEL,PROTESTANTE/EVANGÉLICA GENÉRICA,Protestante/Evangélica
1178,310620025610533P,-20.008542,-44.008077,IGREJA CASA DE ORACAO BETEL,PROTESTANTE/EVANGÉLICA GENÉRICA,Protestante/Evangélica
1179,310620060680023P,-19.829174,-43.970603,IGREJA CASA DE ORACAO BETEL,PROTESTANTE/EVANGÉLICA GENÉRICA,Protestante/Evangélica
1180,310620025610037P,-20.00871,-44.018713,IGREJA CASA DE ORACAO COLUNA DE FOGO,PROTESTANTE/EVANGÉLICA GENÉRICA,Protestante/Evangélica
1181,310620060660083P,-19.841174,-43.914637,IGREJA CASA DE ORACAO CURA DIVINA,PROTESTANTE/EVANGÉLICA GENÉRICA,Protestante/Evangélica
1182,310620005630255P,-19.918022,-43.88566,IGREJA CASA DE ORACAO CURA DIVINA,PROTESTANTE/EVANGÉLICA GENÉRICA,Protestante/Evangélica
1183,310620005670156P,-19.936086,-43.982466,IGREJA CASA DE ORACAO DEUS PROVERA,PROTESTANTE/EVANGÉLICA GENÉRICA,Protestante/Evangélica
1184,310620060690211P,-19.795205,-43.968659,IGREJA CASA DE ORACAO E PROVISAO AGAPE,CATÓLICA,Católica
1185,310620005670433P,-19.951973,-43.961795,IGREJA CASA DE ORACAO FE E MILAGRES,PROTESTANTE/EVANGÉLICA GENÉRICA,Protestante/Evangélica
1186,310620005680017P,-19.866427,-43.993551,IGREJA CASA DE ORACAO FIEL E DEUS,PROTESTANTE/EVANGÉLICA GENÉRICA,Protestante/Evangélica
1187,310620060640247P,-19.864294,-43.900647,IGREJA CASA DE ORACAO GRANDE YESHA,PROTESTANTE/EVANGÉLICA GENÉRICA,Protestante/Evangélica
1188,310620060660213P,-19.812736,-43.938647,IGREJA CASA DE ORACAO P TODAS NACOES,AFRO-BRASILEIRA,Afro-brasileira
1189,310620060660113P,-19.855175,-43.934296,IGREJA CASA DE ORACAO PALAVRAS DE VIDA E,PROTESTANTE/EVANGÉLICA GENÉRICA,Protestante/Evangélica
1190,310620005650555P,-19.883863,-43.951043,IGREJA CASA DE ORACAO PARA TODAS AS NACO,PROTESTANTE/EVANGÉLICA GENÉRICA,Protestante/Evangélica
1191,310620060660264P,-19.83025,-43.922578,IGREJA CASA DE ORACAO PARA TODAS AS NACO,PROTESTANTE/EVANGÉLICA GENÉRICA,Protestante/Evangélica
1192,310620060660004P,-19.838652,-43.927444,IGREJA CASA DE ORACAO PARA TODAS AS NACOES,AFRO-BRASILEIRA,Afro-brasileira
1193,310620060690042P,-19.811057,-43.989713,IGREJA CASA DE ORACAO ROCHA ETERNA,PROTESTANTE/EVANGÉLICA GENÉRICA,Protestante/Evangélica
1194,310620025610072P,-20.015757,-44.03192,IGREJA CASA DO ABBA,PROTESTANTE/EVANGÉLICA GENÉRICA,Protestante/Evangélica
1195,310620005650643P,-19.92086,-43.982148,IGREJA CASA DO PAO,PROTESTANTE/EVANGÉLICA GENÉRICA,Protestante/Evangélica
1196,310620060690296P,-19.82576,-43.990477,IGREJA CATEDRAL DA ARCA,CATÓLICA,Católica
1197,310620005620726P,-19.953041,-43.941214,IGREJA CATEDRAL DA FE,CATÓLICA,Católica
1198,310620060660384P,-19.802631,-43.922187,IGREJA CATEDRAL DO AVIVAMENTO,CATÓLICA,Católica
1199,310620005630488P,-19.907475,-43.882562,IGREJA CATISSAL DA FE,PROTESTANTE/EVANGÉLICA GENÉRICA,Protestante/Evangélica
1200,310620060640055P,-19.83402,-43.903292,IGREJA CATOLICA,CATÓLICA,Católica
1201,310620060660372P,-19.841683,-43.909031,IGREJA CATOLICA,CATÓLICA,Católica
1202,310620025610398P,-19.997435,-43.992493,IGREJA CATOLICA,CATÓLICA,Católica
1203,310620005650212P,-19.918506,-44.00805,IGREJA CATOLICA,CATÓLICA,Católica
1204,310620025610043P,-20.004289,-44.032646,IGREJA CATOLICA,CATÓLICA,Católica
1205,310620005670218P,-19.948171,-44.006742,IGREJA CATOLICA,CATÓLICA,Católica
1206,310620025610197P,-19.984836,-44.001188,IGREJA CATOLICA,CATÓLICA,Católica
1207,310620005670262P,-19.94467,-43.962263,IGREJA CATOLICA,CATÓLICA,Católica
1208,310620060690005P,-19.806006,-43.979913,IGREJA CATOLICA,CATÓLICA,Católica
1209,310620025610417P,-19.99338,-43.990604,IGREJA CATOLICA,CATÓLICA,Católica
1210,310620025610129P,-20.019683,-44.025447,IGREJA CATOLICA,CATÓLICA,Católica
1211,310620060660288P,-19.851663,-43.931058,IGREJA CATOLICA,CATÓLICA,Católica
1212,310620060690210P,-19.792078,-43.969395,IGREJA CATOLICA,CATÓLICA,Católica
1213,310620060660064P,-19.81413,-43.937071,IGREJA CATOLICA,CATÓLICA,Católica
1214,310620060660168P,-19.808521,-43.939454,IGREJA CATOLICA,CATÓLICA,Católica
1215,310620005620590P,-19.949137,-43.954985,IGREJA CATOLICA,CATÓLICA,Católica
1216,310620060640159P,-19.851491,-43.902437,IGREJA CATOLICA,CATÓLICA,Católica
1217,310620060660062P,-19.815678,-43.944614,IGREJA CATOLICA,CATÓLICA,Católica
1218,310620025610491P,-20.010362,-44.028737,IGREJA CATOLICA,CATÓLICA,Católica
1219,310620060690517P,-19.809232,-43.962113,IGREJA CATOLICA,CATÓLICA,Católica
1220,310620060690149P,-19.826637,-43.975303,IGREJA CATOLICA,CATÓLICA,Católica
1221,310620060660187P,-19.819318,-43.902517,IGREJA CATOLICA,CATÓLICA,Católica
1222,310620005670036P,-19.944052,-43.988264,IGREJA CATOLICA,CATÓLICA,Católica
1223,310620005670757P,-19.954063,-44.001908,IGREJA CATOLICA,CATÓLICA,Católica
1224,310620005650699P,-19.897443,-44.022196,IGREJA CATOLICA,CATÓLICA,Católica
1225,310620060690141P,-19.824167,-43.964825,IGREJA CATOLICA,CATÓLICA,Católica
1226,310620060690252P,-19.836839,-43.98651,IGREJA CATOLICA,CATÓLICA,Católica
1227,310620025610074P,-20.014739,-44.034008,IGREJA CATOLICA,CATÓLICA,Católica
1228,310620005650455P,-19.924185,-44.006022,IGREJA CATOLICA,CATÓLICA,Católica
1229,310620060660050P,-19.844315,-43.929155,IGREJA CATOLICA,CATÓLICA,Católica
1230,310620060640191P,-19.867376,-43.898915,IGREJA CATOLICA,CATÓLICA,Católica
1231,310620005670441P,-19.978698,-43.980239,IGREJA CATOLICA,CATÓLICA,Católica
1232,310620025610597P,-20.000281,-43.968357,IGREJA CATOLICA,CATÓLICA,Católica
1233,310620005630134P,-19.920197,-43.903302,IGREJA CATOLICA,CATÓLICA,Católica
1234,310620005680125P,-19.868644,-43.94486,IGREJA CATOLICA,CATÓLICA,Católica
1235,310620005620764P,-19.935698,-43.910386,IGREJA CATOLICA,CATÓLICA,Católica
1236,310620025610488P,-19.989711,-44.029435,IGREJA CATOLICA,CATÓLICA,Católica
1237,310620060690012P,-19.807443,-43.98628,IGREJA CATOLICA,CATÓLICA,Católica
1238,310620060690103P,-19.801193,-43.995579,IGREJA CATOLICA,CATÓLICA,Católica
1239,310620025610007P,-20.005078,-44.012797,IGREJA CATOLICA,CATÓLICA,Católica
1240,310620060640140P,-19.845917,-43.89942,IGREJA CATOLICA,CATÓLICA,Católica
1241,310620005650551P,-19.890562,-43.964327,IGREJA CATOLICA,CATÓLICA,Católica
1242,310620005670606P,-19.950062,-44.004527,IGREJA CATOLICA,CATÓLICA,Católica
1243,310620005670406P,-19.946833,-43.998909,IGREJA CATOLICA,CATÓLICA,Católica
1244,310620060690452P,-19.787788,-43.975732,IGREJA CATOLICA,CATÓLICA,Católica
1245,310620025610516P,-19.980746,-44.046432,IGREJA CATOLICA,CATÓLICA,Católica
1246,310620005680422P,-19.881312,-43.985465,IGREJA CATOLICA,CATÓLICA,Católica
1247,310620005640159P,-19.906256,-43.942869,IGREJA CATOLICA,CATÓLICA,Católica
1248,310620005620099P,-19.931037,-43.916241,IGREJA CATOLICA,CATÓLICA,Católica
1249,310620060640066P,-19.854164,-43.915397,IGREJA CATOLICA,CATÓLICA,Católica
1250,310620005620725P,-19.95259,-43.941064,IGREJA CATOLICA,CATÓLICA,Católica
1251,310620025610306P,-19.994684,-44.033037,IGREJA CATOLICA,CATÓLICA,Católica
1252,310620005650206P,-19.92788,-44.01288,IGREJA CATOLICA,CATÓLICA,Católica
1253,310620060660174P,-19.80085,-43.945658,IGREJA CATOLICA,CATÓLICA,Católica
1254,310620025610226P,-19.981726,-43.995309,IGREJA CATOLICA,CATÓLICA,Católica
1255,310620005650436P,-19.909462,-43.983689,IGREJA CATOLICA,CATÓLICA,Católica
1256,310620025610539P,-20.004815,-44.023773,IGREJA CATOLICA,CATÓLICA,Católica
1257,310620005670746P,-19.930284,-43.979968,IGREJA CATOLICA APOSTOLICA ROMANA,CATÓLICA,Católica
1258,310620005650053P,-19.911996,-43.986455,IGREJA CATOLICA APOSTOLICA ROMANA CRISTO,CATÓLICA,Católica
1259,310620005670052P,-19.952574,-43.969091,IGREJA CATOLICA APOSTOLICA ROMANA CURATO,CATÓLICA,Católica
1260,310620005650033P,-19.923366,-43.998581,IGREJA CATOLICA BOM PASTOR,CATÓLICA,Católica
1261,310620060690354P,-19.822749,-44.005217,IGREJA CATOLICA BRASILEIRA SAO LAZARO,CATÓLICA,Católica
1262,310620060640301P,-19.848635,-43.890651,IGREJA CATOLICA CARISMATICA JHS,CATÓLICA,Católica
1263,310620060660181P,-19.797565,-43.931441,IGREJA CATOLICA COMUNIDADE SANTO AGOSTINHO,CATÓLICA,Católica
1264,310620025610189P,-19.97577,-43.998802,IGREJA CATOLICA CRISTO FILHO DE DEUS VIVO,CATÓLICA,Católica
1265,310620060660333P,-19.829021,-43.936467,IGREJA CATOLICA IMACULADA CONCEICAO,CATÓLICA,Católica
1266,310620060660109P,-19.862726,-43.9311,IGREJA CATOLICA MARIA MADALENA DE TODOS,CATÓLICA,Católica
1267,310620005630157P,-19.891957,-43.897342,IGREJA CATOLICA N S APARECIDA,CATÓLICA,Católica
1268,310620060660097P,-19.855838,-43.924746,IGREJA CATOLICA N S DAS GRACAS,CATÓLICA,Católica
1269,310620060660050P,-19.842115,-43.925132,IGREJA CATOLICA N SRA PAZ,CATÓLICA,Católica
1270,310620005670506P,-19.940835,-44.020035,IGREJA CATOLICA NOSSA SENHORA APARECIDA,CATÓLICA,Católica
1271,310620005670502P,-19.94093,-44.018072,IGREJA CATOLICA NOSSA SENHORA APARECIDA,CATÓLICA,Católica
1272,310620060680072P,-19.833617,-43.962226,IGREJA CATOLICA NOSSA SENHORA DA PIEDADE,CATÓLICA,Católica
1273,310620060640263P,-19.850742,-43.880993,IGREJA CATOLICA NOSSA SENHORA DAS VITORIAS,CATÓLICA,Católica
1274,310620005620129P,-19.942148,-43.912472,IGREJA CATOLICA NOSSA SENHORA DE LOURDES,CATÓLICA,Católica
1275,310620060690090P,-19.819119,-43.991729,IGREJA CATOLICA NOSSA SENHORA MAE DOS PO,CATÓLICA,Católica
1276,310620005650075P,-19.908801,-43.973035,IGREJA CATOLICA NOSSA SENHORA RAINHA DA,CATÓLICA,Católica
1277,310620005670046P,-19.951471,-43.973377,IGREJA CATOLICA PADRE ANCHIETA,CATÓLICA,Católica
1278,310620005650324P,-19.884655,-43.964434,IGREJA CATOLICA ROMANA,CATÓLICA,Católica
1279,310620060640121P,-19.830464,-43.867054,IGREJA CATOLICA ROSA MISTICA,CATÓLICA,Católica
1280,310620005640153P,-19.878962,-43.915476,IGREJA CATOLICA SANTA ARIA MAE DE DEUS,CATÓLICA,Católica
1281,310620005620302P,-19.95289,-43.94446,IGREJA CATOLICA SANTA LUCIA,CATÓLICA,Católica
1282,310620060640341P,-19.829882,-43.884343,IGREJA CATOLICA SANTA LUZIA,CATÓLICA,Católica
1283,310620060690150P,-19.827555,-43.971916,IGREJA CATOLICA SANTA MONICA,CATÓLICA,Católica
1284,310620060640109P,-19.824518,-43.897304,IGREJA CATOLICA SANTA RITA,CATÓLICA,Católica
1285,310620005670312P,-19.936247,-43.959961,IGREJA CATOLICA SANTISSIMA TRINDADE,CATÓLICA,Católica
1286,310620005650353P,-19.903052,-43.953089,IGREJA CATOLICA SANTO ANDRE,CATÓLICA,Católica
1287,310620005650353P,-19.903029,-43.953032,IGREJA CATOLICA SANTO ANDRE,CATÓLICA,Católica
1288,310620005670801P,-19.924075,-43.976845,IGREJA CATOLICA SANTO EXPEDITO,CATÓLICA,Católica
1289,310620060690027P,-19.810854,-43.985698,IGREJA CATOLICA SAO GERALDO,CATÓLICA,Católica
1290,310620005670131P,-19.947729,-43.999785,IGREJA CATOLICA SAO GERALDO,CATÓLICA,Católica
1291,310620025610130P,-20.017983,-44.030332,IGREJA CATOLICA SAO JOAO BATISTA,PROTESTANTE HISTÓRICA,Protestante/Evangélica
1292,310620005620183P,-19.920714,-43.937746,IGREJA CATOLICA SAO JOSE,CATÓLICA,Católica
1293,310620005670555P,-19.96622,-43.980572,IGREJA CATOLICA SAO JUDAS TADEU,CATÓLICA,Católica
1294,310620025610221P,-19.971632,-43.995916,IGREJA CATOLICA SAO LOURENCO,CATÓLICA,Católica
1295,310620005650007P,-19.914959,-43.990107,IGREJA CATOLICA SAO LUIS GONZAGA,CATÓLICA,Católica
1296,310620060640117P,-19.866181,-43.915303,IGREJA CATOLICA SAO PAULO,CATÓLICA,Católica
1297,310620025610591P,-20.026407,-44.026765,IGREJA CATOLICA SAO PEDRO,CATÓLICA,Católica
1298,310620060690520P,-19.812368,-43.993641,IGREJA CATOLICA SAO PEDRO E SAO PAULO,CATÓLICA,Católica
1299,310620005670808P,-19.967879,-43.973564,IGREJA CATOLICA SENHOR BOM JESUS,CATÓLICA,Católica
1300,310620005670133P,-19.95113,-43.997502,IGREJA CATOLICA VISTA ALEGRE,CATÓLICA,Católica
1301,310620060640096P,-19.866811,-43.912353,IGREJA CELLTA NOVA ALIANCA,PROTESTANTE/EVANGÉLICA GENÉRICA,Protestante/Evangélica
1302,310620060640083P,-19.861223,-43.907066,IGREJA CEMV,PROTESTANTE/EVANGÉLICA GENÉRICA,Protestante/Evangélica
1303,310620005620505P,-19.931677,-43.906148,IGREJA CENTRAL FAMILIA DE DEUS,PROTESTANTE/EVANGÉLICA GENÉRICA,Protestante/Evangélica
1304,310620005620598P,-19.948567,-43.940773,IGREJA CENTRAL VILA ESTRELA,PROTESTANTE/EVANGÉLICA GENÉRICA,Protestante/Evangélica
1305,310620060660254P,-19.835812,-43.930873,IGREJA CENTRO DE ADORACAO MINISTERIAL,PROTESTANTE/EVANGÉLICA GENÉRICA,Protestante/Evangélica
1306,310620025610261P,-19.975622,-44.048241,IGREJA CGP,PROTESTANTE/EVANGÉLICA GENÉRICA,Protestante/Evangélica
1307,310620060640021P,-19.850763,-43.885469,IGREJA CHAMAS DO ARREBATAMENTO,PROTESTANTE/EVANGÉLICA GENÉRICA,Protestante/Evangélica
1308,310620060640263P,-19.851815,-43.88077,IGREJA CLAMOR E ADORACAO,PROTESTANTE/EVANGÉLICA GENÉRICA,Protestante/Evangélica
1309,310620005620640P,-19.945982,-43.920923,IGREJA COM VIDA,PROTESTANTE/EVANGÉLICA GENÉRICA,Protestante/Evangélica
1310,310620005620328P,-19.917975,-43.953368,IGREJA COMTEMPORANEA CRISTA,PROTESTANTE/EVANGÉLICA GENÉRICA,Protestante/Evangélica
1311,310620060690320P,-19.831325,-43.981417,IGREJA COMUNIDADE ALIANCA,PROTESTANTE/EVANGÉLICA GENÉRICA,Protestante/Evangélica
1312,310620060660178P,-19.804939,-43.939337,IGREJA COMUNIDADE APASCENTAR,PROTESTANTE/EVANGÉLICA GENÉRICA,Protestante/Evangélica
1313,310620060690038P,-19.819785,-43.990487,IGREJA COMUNIDADE BASTISTA,PROTESTANTE/EVANGÉLICA GENÉRICA,Protestante/Evangélica
1314,310620025610251P,-19.983303,-43.990237,IGREJA COMUNIDADE BATISTA,PROTESTANTE HISTÓRICA,Protestante/Evangélica
1315,310620025610086P,-19.998046,-44.03242,IGREJA COMUNIDADE BATISTA,PROTESTANTE HISTÓRICA,Protestante/Evangélica
1316,310620005640123P,-19.881215,-43.921643,IGREJA COMUNIDADE BATISTA,PROTESTANTE HISTÓRICA,Protestante/Evangélica
1317,310620025610504P,-20.015897,-44.03786,IGREJA COMUNIDADE BATISTA DEUS E JUSTO,PROTESTANTE HISTÓRICA,Protestante/Evangélica
1318,310620060690528P,-19.834934,-43.985496,IGREJA COMUNIDADE BATISTA DO COPACABANA,PROTESTANTE HISTÓRICA,Protestante/Evangélica
1319,310620005630158P,-19.892239,-43.895613,IGREJA COMUNIDADE BATISTA MISSAO DA FE,PROTESTANTE HISTÓRICA,Protestante/Evangélica
1320,310620005650257P,-19.898479,-44.009722,IGREJA COMUNIDADE BATISTA NOVO TEMPO,PROTESTANTE HISTÓRICA,Protestante/Evangélica
1321,310620005630028P,-19.909028,-43.89635,IGREJA COMUNIDADE CASA DE ORACAO FOGO NO ALTAR,PROTESTANTE/EVANGÉLICA GENÉRICA,Protestante/Evangélica
1322,310620005670494P,-19.959599,-43.983855,IGREJA COMUNIDADE CRISTA,PROTESTANTE/EVANGÉLICA GENÉRICA,Protestante/Evangélica
1323,310620005650331P,-19.881873,-43.952152,IGREJA COMUNIDADE CRISTA,PROTESTANTE/EVANGÉLICA GENÉRICA,Protestante/Evangélica
1324,310620025610080P,-20.008267,-44.036889,IGREJA COMUNIDADE CRISTA DE JESUS,PROTESTANTE/EVANGÉLICA GENÉRICA,Protestante/Evangélica
1325,310620005630288P,-19.897706,-43.92761,IGREJA COMUNIDADE CRISTA MILAGRE SOU UAI,PROTESTANTE/EVANGÉLICA GENÉRICA,Protestante/Evangélica
1326,310620060660023P,-19.841318,-43.932475,IGREJA COMUNIDADE CRISTO VIVE,PROTESTANTE/EVANGÉLICA GENÉRICA,Protestante/Evangélica
1327,310620060660124P,-19.845933,-43.942338,IGREJA COMUNIDADE EPSCOPAL PENTECOSTAL ARCA DA ALIANCA,PENTECOSTAL CLÁSSICA,Protestante/Evangélica
1328,310620060640153P,-19.86018,-43.884327999999996,IGREJA COMUNIDADE EVANGELICA ATITUDE E FE,PROTESTANTE/EVANGÉLICA GENÉRICA,Protestante/Evangélica
1329,310620060640235P,-19.846879,-43.906919,IGREJA COMUNIDADE EVANGELICA CRESCER,PROTESTANTE/EVANGÉLICA GENÉRICA,Protestante/Evangélica
1330,310620060690219P,-19.800646,-43.960252,IGREJA COMUNIDADE EVANGELICA DA TRIBO DE JUDA,PROTESTANTE/EVANGÉLICA GENÉRICA,Protestante/Evangélica
1331,310620060660083P,-19.842426,-43.913378,IGREJA COMUNIDADE EVANGELICA FAMILIA E FE,PROTESTANTE/EVANGÉLICA GENÉRICA,Protestante/Evangélica
1332,310620060690079P,-19.828818,-43.986998,IGREJA COMUNIDADE EVANGELICA HOSANA,PROTESTANTE/EVANGÉLICA GENÉRICA,Protestante/Evangélica
1333,310620025610309P,-19.990055,-44.006909,IGREJA COMUNIDADE EVANGELICA LUZ E VIDA,PROTESTANTE/EVANGÉLICA GENÉRICA,Protestante/Evangélica
1334,310620025610588P,-19.994874,-43.982764,IGREJA COMUNIDADE EVANGELICA LUZ E VIDA,PROTESTANTE/EVANGÉLICA GENÉRICA,Protestante/Evangélica
1335,310620005680500P,-19.870171,-44.001851,IGREJA COMUNIDADE EVANGELICA NOVA VIDA,PROTESTANTE/EVANGÉLICA GENÉRICA,Protestante/Evangélica
1336,310620060660180P,-19.798437,-43.937403,IGREJA COMUNIDADE EVANGELICA O SENHOR E A NOSSA JUSTICA,PROTESTANTE/EVANGÉLICA GENÉRICA,Protestante/Evangélica
1337,310620005680432P,-19.857709,-43.958588,IGREJA COMUNIDADE EVANGELICA SEMEANDO,PROTESTANTE/EVANGÉLICA GENÉRICA,Protestante/Evangélica
1338,310620060660148P,-19.829268,-43.944937,IGREJA COMUNIDADE NOSSA SENHORA AUXILIADORA,CATÓLICA,Católica
1339,310620005680283P,-19.883359,-44.012397,IGREJA COMUNIDADE NOVA VIDA EM CRISTO,PROTESTANTE/EVANGÉLICA GENÉRICA,Protestante/Evangélica
1340,310620025610581P,-20.015316,-44.024553,IGREJA COMUNIDADE PENTENCOSTAL,PENTECOSTAL CLÁSSICA,Protestante/Evangélica
1341,310620025610504P,-20.015963,-44.037057,IGREJA COMUNIDADE SAO FRANCISCO E SANTA CLARA,CATÓLICA,Católica
1342,310620060640056P,-19.83404,-43.894206,IGREJA COMUNIDADE SAO VICENT DE PAULO,CATÓLICA,Católica
1343,310620060640090P,-19.870851,-43.89938,IGREJA COMUNIDADE SEMEAR,PROTESTANTE/EVANGÉLICA GENÉRICA,Protestante/Evangélica
1344,310620005670410P,-19.937608,-43.992006,IGREJA COMUNIDADE SHEKINAH NOVA ALIANCA,PROTESTANTE/EVANGÉLICA GENÉRICA,Protestante/Evangélica
1345,310620005630131P,-19.91529,-43.891017,IGREJA COMUNIDADE SIAO DE RESTAURACAO,PROTESTANTE/EVANGÉLICA GENÉRICA,Protestante/Evangélica
1346,310620060660082P,-19.838422,-43.914114,IGREJA COMUNITARIA,PROTESTANTE/EVANGÉLICA GENÉRICA,Protestante/Evangélica
1347,310620005680308P,-19.897707,-43.98977,IGREJA CONCREGACAO CRISTA,PROTESTANTE/EVANGÉLICA GENÉRICA,Protestante/Evangélica
1348,310620025610271P,-19.99503,-44.0177,IGREJA CONG CRISTA NO BRASIL,PROTESTANTE/EVANGÉLICA GENÉRICA,Protestante/Evangélica
1349,310620025610474P,-19.99119,-44.036133,IGREJA CONGREGACAO ADVENTISTA DO SETIMO,OUTRA CRISTÃ,Outra
1350,310620005650637P,-19.925837,-44.013092,IGREJA CONGREGACAO CRISTA,PENTECOSTAL CLÁSSICA,Protestante/Evangélica
1351,310620025610218P,-19.959444,-44.00931,IGREJA CONGREGACAO CRISTA BRASIL,PENTECOSTAL CLÁSSICA,Protestante/Evangélica
1352,310620060690025P,-19.814867,-43.987913,IGREJA CONGREGACAO CRISTA DO BRASIL,PENTECOSTAL CLÁSSICA,Protestante/Evangélica
1353,310620005630228P,-19.886861,-43.892498,IGREJA CONGREGACAO CRISTA NO BRASIL,PENTECOSTAL CLÁSSICA,Protestante/Evangélica
1354,310620060690188P,-19.811994,-44.003274,IGREJA CONGREGACAO CRISTA NO BRASIL,PENTECOSTAL CLÁSSICA,Protestante/Evangélica
1355,310620005630491P,-19.913375,-43.878925,IGREJA CONGREGACAO CRISTA NO BRASIL,PENTECOSTAL CLÁSSICA,Protestante/Evangélica
1356,310620025610400P,-19.987322,-43.989908,IGREJA CONGREGACAO CRISTA NO BRASIL,PENTECOSTAL CLÁSSICA,Protestante/Evangélica
1357,310620060690336P,-19.796778,-43.987743,IGREJA CONGREGACAO CRISTA NO BRASIL,PENTECOSTAL CLÁSSICA,Protestante/Evangélica
1358,310620060660045P,-19.83778,-43.922588,IGREJA CONGREGACAO CRISTA NO BRASIL,PENTECOSTAL CLÁSSICA,Protestante/Evangélica
1359,310620060660163P,-19.81059,-43.942055,IGREJA CONGREGACAO CRISTA NO BRASIL,PENTECOSTAL CLÁSSICA,Protestante/Evangélica
1360,310620005630047P,-19.893164,-43.910978,IGREJA CONGREGACAO CRISTA NO BRASIL,PENTECOSTAL CLÁSSICA,Protestante/Evangélica
1361,310620060660277P,-19.822977,-43.934917,IGREJA CONGREGACAO CRISTA NO BRASIL,PENTECOSTAL CLÁSSICA,Protestante/Evangélica
1362,310620060690432P,-19.800668,-43.969639,IGREJA CONGREGACAO CRISTA NO BRASIL,PENTECOSTAL CLÁSSICA,Protestante/Evangélica
1363,310620005620303P,-19.952022,-43.945297,IGREJA CONGREGACAO ROCHA DE EA,PROTESTANTE/EVANGÉLICA GENÉRICA,Protestante/Evangélica
1364,310620060690492P,-19.816376,-43.998677,IGREJA CONGREGACIONAL,PROTESTANTE/EVANGÉLICA GENÉRICA,Protestante/Evangélica
1365,310620060690432P,-19.800679,-43.969892,IGREJA CONGREGACIONAL CAMINHO DE EMAUS,PROTESTANTE/EVANGÉLICA GENÉRICA,Protestante/Evangélica
1366,310620060640140P,-19.84504,-43.898804,IGREJA CONGREGACIONAL MISSAO SEMEAR,CATÓLICA,Católica
1367,310620060690059P,-19.804811,-43.9677,IGREJA CONGREGACIONAL MORIAH,PROTESTANTE/EVANGÉLICA GENÉRICA,Protestante/Evangélica
1368,310620060640164P,-19.838836,-43.894815,IGREJA CONGREGACUONAL ASSEMBLEIA DOS SEMIDOS,PROTESTANTE/EVANGÉLICA GENÉRICA,Protestante/Evangélica
1369,310620005620328P,-19.918146,-43.953433,IGREJA CONTEMPORANEA CRISTA,PROTESTANTE/EVANGÉLICA GENÉRICA,Protestante/Evangélica
1370,310620005670007P,-19.953592,-43.984557,IGREJA CRESCER EM CRISTO,PROTESTANTE/EVANGÉLICA GENÉRICA,Protestante/Evangélica
1371,310620060640085P,-19.863153,-43.910867,IGREJA CRISTA,PROTESTANTE/EVANGÉLICA GENÉRICA,Protestante/Evangélica
1372,310620060690335P,-19.803325,-43.989287,IGREJA CRISTA,PROTESTANTE/EVANGÉLICA GENÉRICA,Protestante/Evangélica
1373,310620025610532P,-20.007954,-44.010553,IGREJA CRISTA,PROTESTANTE/EVANGÉLICA GENÉRICA,Protestante/Evangélica
1374,310620060640321P,-19.85117,-43.916309,IGREJA CRISTA,PROTESTANTE/EVANGÉLICA GENÉRICA,Protestante/Evangélica
1375,310620005630381P,-19.885333,-43.902116,IGREJA CRISTA,PROTESTANTE/EVANGÉLICA GENÉRICA,Protestante/Evangélica
1376,310620025610501P,-19.975743,-44.058858,IGREJA CRISTA,PROTESTANTE/EVANGÉLICA GENÉRICA,Protestante/Evangélica
1377,310620060690507P,-19.824171,-43.996532,IGREJA CRISTA AGAPE,PROTESTANTE/EVANGÉLICA GENÉRICA,Protestante/Evangélica
1378,310620005640038P,-19.882162,-43.942629,IGREJA CRISTA ATOS,PROTESTANTE/EVANGÉLICA GENÉRICA,Protestante/Evangélica
1379,310620060690168P,-19.829311,-43.993899,IGREJA CRISTA CAMINHO DA SALVACAO,PROTESTANTE/EVANGÉLICA GENÉRICA,Protestante/Evangélica
1380,310620005670205P,-19.933425,-43.97943,IGREJA CRISTA DA N SUISSA,PROTESTANTE/EVANGÉLICA GENÉRICA,Protestante/Evangélica
1381,310620060660097P,-19.855389,-43.923831,IGREJA CRISTA DESPESTAR DA GRACA,PROTESTANTE/EVANGÉLICA GENÉRICA,Protestante/Evangélica
1382,310620005660018P,-19.844919,-43.949217,IGREJA CRISTA DO BRASIL,PROTESTANTE/EVANGÉLICA GENÉRICA,Protestante/Evangélica
1383,310620005640246P,-19.89478,-43.944414,IGREJA CRISTA DOBRASIL,PROTESTANTE/EVANGÉLICA GENÉRICA,Protestante/Evangélica
1384,310620005630010P,-19.909607,-43.899219,IGREJA CRISTA EM BELO HORIZONTE,PROTESTANTE/EVANGÉLICA GENÉRICA,Protestante/Evangélica
1385,310620005620392P,-19.916244,-43.927627,IGREJA CRISTA EM BELO HORIZONTE,PROTESTANTE/EVANGÉLICA GENÉRICA,Protestante/Evangélica
1386,310620005640183P,-19.881029,-43.933548,IGREJA CRISTA EVANELIA,PROTESTANTE/EVANGÉLICA GENÉRICA,Protestante/Evangélica
1387,310620025610326P,-20.024176,-44.026462,IGREJA CRISTA EVANGELICA,PROTESTANTE/EVANGÉLICA GENÉRICA,Protestante/Evangélica
1388,310620025610218P,-19.958296,-44.010072,IGREJA CRISTA EVANGELICA,PROTESTANTE/EVANGÉLICA GENÉRICA,Protestante/Evangélica
1389,310620005650056P,-19.904451,-43.985328,IGREJA CRISTA EVANGELICA,PROTESTANTE/EVANGÉLICA GENÉRICA,Protestante/Evangélica
1390,310620025610312P,-20.005241,-44.03953,IGREJA CRISTA EVANGELICA CASA DE ORACAO,PROTESTANTE/EVANGÉLICA GENÉRICA,Protestante/Evangélica
1391,310620025610312P,-20.00548,-44.039476,IGREJA CRISTA EVANGELICA CASA DE ORACAO,PROTESTANTE/EVANGÉLICA GENÉRICA,Protestante/Evangélica
1392,310620005630387P,-19.88882,-43.891068,IGREJA CRISTA EVANGELICA CASA DE ORACAO,PROTESTANTE/EVANGÉLICA GENÉRICA,Protestante/Evangélica
1393,310620005630449P,-19.918921,-43.88156,IGREJA CRISTA FRUTO DO ESPIRITO,ESPÍRITA,Espírita
1394,310620025610588P,-19.993118,-43.982729,IGREJA CRISTA MARANATA,PROTESTANTE/EVANGÉLICA GENÉRICA,Protestante/Evangélica
1395,310620005670658P,-19.933493,-43.963099,IGREJA CRISTA MARANATA,PROTESTANTE/EVANGÉLICA GENÉRICA,Protestante/Evangélica
1396,310620005630119P,-19.891114,-43.903987,IGREJA CRISTA MARANATA,PROTESTANTE/EVANGÉLICA GENÉRICA,Protestante/Evangélica
1397,310620025610016P,-19.993192,-44.029766,IGREJA CRISTA MARANATA,PROTESTANTE/EVANGÉLICA GENÉRICA,Protestante/Evangélica
1398,310620025610124P,-20.02084,-44.023891,IGREJA CRISTA MARANATA,PROTESTANTE/EVANGÉLICA GENÉRICA,Protestante/Evangélica
1399,310620060640080P,-19.868464,-43.900396,IGREJA CRISTA MARANATA,PROTESTANTE/EVANGÉLICA GENÉRICA,Protestante/Evangélica
1400,310620005670226P,-19.927594,-43.975477,IGREJA CRISTA MARANATA,PROTESTANTE/EVANGÉLICA GENÉRICA,Protestante/Evangélica
1401,310620060690088P,-19.822878,-43.992213,IGREJA CRISTA MARANATA,PROTESTANTE/EVANGÉLICA GENÉRICA,Protestante/Evangélica
1402,310620005630134P,-19.920978,-43.904548,IGREJA CRISTA MARANATA,PROTESTANTE/EVANGÉLICA GENÉRICA,Protestante/Evangélica
1403,310620060690418P,-19.80808,-43.967406,IGREJA CRISTA MARANATA,PROTESTANTE/EVANGÉLICA GENÉRICA,Protestante/Evangélica
1404,310620025610161P,-19.989735,-44.051406,IGREJA CRISTA MARANATA,PROTESTANTE/EVANGÉLICA GENÉRICA,Protestante/Evangélica
1405,310620025610252P,-19.98762,-43.991438,IGREJA CRISTA MARANATA,PROTESTANTE/EVANGÉLICA GENÉRICA,Protestante/Evangélica
1406,310620005630364P,-19.907876,-43.889518,IGREJA CRISTA MARANATA,PROTESTANTE/EVANGÉLICA GENÉRICA,Protestante/Evangélica
1407,310620025610501P,-19.975481,-44.058909,IGREJA CRISTA MARANATA,PROTESTANTE/EVANGÉLICA GENÉRICA,Protestante/Evangélica
1408,310620060680037P,-19.84321,-43.972318,IGREJA CRISTA MARANATA,PROTESTANTE/EVANGÉLICA GENÉRICA,Protestante/Evangélica
1409,310620060640244P,-19.865794,-43.909077,IGREJA CRISTA MARANATA,PROTESTANTE/EVANGÉLICA GENÉRICA,Protestante/Evangélica
1410,310620005650244P,-19.900333,-44.021747,IGREJA CRISTA MARANATA,PROTESTANTE/EVANGÉLICA GENÉRICA,Protestante/Evangélica
1411,310620005670024P,-19.965381,-43.983185,IGREJA CRISTA MARANATA,PROTESTANTE/EVANGÉLICA GENÉRICA,Protestante/Evangélica
1412,310620005650127P,-19.903172,-44.007377,IGREJA CRISTA MARANATA,PROTESTANTE/EVANGÉLICA GENÉRICA,Protestante/Evangélica
1413,310620025610072P,-20.014964,-44.029016,IGREJA CRISTA MARANATA,PROTESTANTE/EVANGÉLICA GENÉRICA,Protestante/Evangélica
1414,310620025610285P,-19.996298,-44.027184,IGREJA CRISTA MARANATA,PROTESTANTE/EVANGÉLICA GENÉRICA,Protestante/Evangélica
1415,310620060690239P,-19.815197,-43.956052,IGREJA CRISTA MARANATA,PROTESTANTE/EVANGÉLICA GENÉRICA,Protestante/Evangélica
1416,310620025610574P,-19.984298,-44.053956,IGREJA CRISTA MARANATA,PROTESTANTE/EVANGÉLICA GENÉRICA,Protestante/Evangélica
1417,310620025610006P,-20.004157,-44.011942,IGREJA CRISTA MARANATA,PROTESTANTE/EVANGÉLICA GENÉRICA,Protestante/Evangélica
1418,310620025610137P,-19.987337,-44.042922,IGREJA CRISTA MARANATA,PROTESTANTE/EVANGÉLICA GENÉRICA,Protestante/Evangélica
1419,310620005620331P,-19.91595,-43.938186,IGREJA CRISTA MARANATA,PROTESTANTE/EVANGÉLICA GENÉRICA,Protestante/Evangélica
1420,310620025610532P,-20.007914,-44.010435,IGREJA CRISTA MARANATA,PROTESTANTE/EVANGÉLICA GENÉRICA,Protestante/Evangélica
1421,310620005640100P,-19.898412,-43.934821,IGREJA CRISTA MARANATA,PROTESTANTE/EVANGÉLICA GENÉRICA,Protestante/Evangélica
1422,310620005670808P,-19.968142,-43.97218,IGREJA CRISTA MARANATA,PROTESTANTE/EVANGÉLICA GENÉRICA,Protestante/Evangélica
1423,310620060660083P,-19.842311,-43.918356,IGREJA CRISTA MARANATA,PROTESTANTE/EVANGÉLICA GENÉRICA,Protestante/Evangélica
1424,310620025610083P,-20.005923,-44.035794,IGREJA CRISTA MARANATA,PROTESTANTE/EVANGÉLICA GENÉRICA,Protestante/Evangélica
1425,310620060640100P,-19.864068,-43.917491,IGREJA CRISTA MARANATA,PROTESTANTE/EVANGÉLICA GENÉRICA,Protestante/Evangélica
1426,310620060640227P,-19.854433,-43.903368,IGREJA CRISTA MARANATA,PROTESTANTE/EVANGÉLICA GENÉRICA,Protestante/Evangélica
1427,310620060640227P,-19.854451,-43.903379,IGREJA CRISTA MARANATA,PROTESTANTE/EVANGÉLICA GENÉRICA,Protestante/Evangélica
1428,310620005630006P,-19.905189,-43.903167,IGREJA CRISTA MARANATA,PROTESTANTE/EVANGÉLICA GENÉRICA,Protestante/Evangélica
1429,310620005670771P,-19.947351,-43.985179,IGREJA CRISTA MARANATA,PROTESTANTE/EVANGÉLICA GENÉRICA,Protestante/Evangélica
1430,310620025610554P,-20.001059,-44.035026,IGREJA CRISTA MARANATA,PROTESTANTE/EVANGÉLICA GENÉRICA,Protestante/Evangélica
1431,310620060690209P,-19.792575,-43.970512,IGREJA CRISTA MARANATA,PROTESTANTE/EVANGÉLICA GENÉRICA,Protestante/Evangélica
1432,310620025610218P,-19.958778,-44.009285,IGREJA CRISTA MARANATA,PROTESTANTE/EVANGÉLICA GENÉRICA,Protestante/Evangélica
1433,310620025610564P,-19.982801,-44.002786,IGREJA CRISTA MARANATA,PROTESTANTE/EVANGÉLICA GENÉRICA,Protestante/Evangélica
1434,310620060660222P,-19.811033,-43.932272,IGREJA CRISTA MARANATA,PROTESTANTE/EVANGÉLICA GENÉRICA,Protestante/Evangélica
1435,310620060690409P,-19.815374,-43.986117,IGREJA CRISTA MARANATA,PROTESTANTE/EVANGÉLICA GENÉRICA,Protestante/Evangélica
1436,310620060660009P,-19.83113,-43.932673,IGREJA CRISTA MARANATA,PROTESTANTE/EVANGÉLICA GENÉRICA,Protestante/Evangélica
1437,310620005640062P,-19.876937,-43.939452,IGREJA CRISTA MARANATA,PROTESTANTE/EVANGÉLICA GENÉRICA,Protestante/Evangélica
1438,310620025610130P,-20.018664,-44.028145,IGREJA CRISTA MARANATA,PROTESTANTE/EVANGÉLICA GENÉRICA,Protestante/Evangélica
1439,310620005620584P,-19.928287,-43.921985,IGREJA CRISTA MARANATA,PROTESTANTE/EVANGÉLICA GENÉRICA,Protestante/Evangélica
1440,310620060690154P,-19.826796,-43.979504,IGREJA CRISTA MARANATA,PROTESTANTE/EVANGÉLICA GENÉRICA,Protestante/Evangélica
1441,310620005630387P,-19.890581,-43.891231,IGREJA CRISTA MARANATA,PROTESTANTE/EVANGÉLICA GENÉRICA,Protestante/Evangélica
1442,310620025610400P,-19.983759,-43.987535,IGREJA CRISTA MARANATA,PROTESTANTE/EVANGÉLICA GENÉRICA,Protestante/Evangélica
1443,310620005620029P,-19.93915,-43.916545,IGREJA CRISTA MARANATA,PROTESTANTE/EVANGÉLICA GENÉRICA,Protestante/Evangélica
1444,310620005630161P,-19.894675,-43.896265,IGREJA CRISTA MARANATA,PROTESTANTE/EVANGÉLICA GENÉRICA,Protestante/Evangélica
1445,310620005670226P,-19.927697,-43.975583,IGREJA CRISTA MARANQTA,PROTESTANTE/EVANGÉLICA GENÉRICA,Protestante/Evangélica
1446,310620025610501P,-19.975503,-44.058918,IGREJA CRISTA MARANTA,PROTESTANTE/EVANGÉLICA GENÉRICA,Protestante/Evangélica
1447,310620005630267P,-19.919737,-43.877155,IGREJA CRISTA NOVA ALIANCA,PROTESTANTE/EVANGÉLICA GENÉRICA,Protestante/Evangélica
1448,310620005630474P,-19.910193,-43.916425,IGREJA CRISTA NOVO TEMPO,PROTESTANTE/EVANGÉLICA GENÉRICA,Protestante/Evangélica
1449,310620025610272P,-19.999067,-44.019258,IGREJA CRISTA PENIEL DO BRASIL,PROTESTANTE/EVANGÉLICA GENÉRICA,Protestante/Evangélica
1450,310620060690184P,-19.819689,-44.005096,IGREJA CRISTA PROPOSTA DE DEUS,PROTESTANTE/EVANGÉLICA GENÉRICA,Protestante/Evangélica
1451,310620060690046P,-19.803387,-43.990866,IGREJA CRISTA RESTAURACAO E GLORIA,PROTESTANTE/EVANGÉLICA GENÉRICA,Protestante/Evangélica
1452,310620005670559P,-19.946415,-43.99177,IGREJA CRISTA SHEKINAH DE DEUS,PROTESTANTE/EVANGÉLICA GENÉRICA,Protestante/Evangélica
1453,310620005630120P,-19.89109,-43.900033,IGREJA CRISTA TRANSFORMAI VOS,PROTESTANTE/EVANGÉLICA GENÉRICA,Protestante/Evangélica
1454,310620025610308P,-19.980045,-44.021653,IGREJA CRISTAN MARANATA,PROTESTANTE/EVANGÉLICA GENÉRICA,Protestante/Evangélica
1455,310620005650385P,-19.916379,-43.956425,IGREJA CRISTAN MARANATA,PROTESTANTE/EVANGÉLICA GENÉRICA,Protestante/Evangélica
1456,310620060660144P,-19.837143,-43.94784,IGREJA CRISTO OPERARIO,PROTESTANTE/EVANGÉLICA GENÉRICA,Protestante/Evangélica
1457,310620025610526P,-19.995522,-44.004703,IGREJA CRISTO REDENTOR,PROTESTANTE/EVANGÉLICA GENÉRICA,Protestante/Evangélica
1458,310620005680399P,-19.830283,-44.012049,IGREJA CRISTO REINA,PROTESTANTE/EVANGÉLICA GENÉRICA,Protestante/Evangélica
1459,310620025610128P,-20.020777,-44.036148,IGREJA CRUSTA MARANATA,PROTESTANTE/EVANGÉLICA GENÉRICA,Protestante/Evangélica
1460,310620060690173P,-19.819571,-43.995712,IGREJA CRUZADA EVANGELICA,PROTESTANTE/EVANGÉLICA GENÉRICA,Protestante/Evangélica
1461,310620060640023P,-19.850982,-43.886778,IGREJA CRUZADA NACIONAL DE EVANGELIZACAO,PROTESTANTE/EVANGÉLICA GENÉRICA,Protestante/Evangélica
1462,310620005680320P,-19.90155,-43.987816,IGREJA CURA,PROTESTANTE/EVANGÉLICA GENÉRICA,Protestante/Evangélica
1463,310620005670144P,-19.945871,-43.994741,IGREJA DA ALIANCA,PROTESTANTE/EVANGÉLICA GENÉRICA,Protestante/Evangélica
1464,310620005620595P,-19.95219,-43.94405,IGREJA DA ASSEMBLEIA DE DEUS,PENTECOSTAL CLÁSSICA,Protestante/Evangélica
1465,310620005620131P,-19.941125,-43.909033,IGREJA DA ASSEMBLEIA DE DEUS,PENTECOSTAL CLÁSSICA,Protestante/Evangélica
1466,310620005670449P,-19.946103,-44.003145,IGREJA DA CONGREGACAO CRISTA,PENTECOSTAL CLÁSSICA,Protestante/Evangélica
1467,310620025610291P,-19.993562,-44.016424,IGREJA DA CONGREGACAO CRISTA DO BRASIL,PENTECOSTAL CLÁSSICA,Protestante/Evangélica
1468,310620060660253P,-19.802664,-43.943817,IGREJA DA FE,PROTESTANTE/EVANGÉLICA GENÉRICA,Protestante/Evangélica
1469,310620005620092P,-19.922009,-43.931756,IGREJA DA GRACA,PROTESTANTE/EVANGÉLICA GENÉRICA,Protestante/Evangélica
1470,310620025610031P,-20.000039,-44.008237,IGREJA DA GRACA,PROTESTANTE/EVANGÉLICA GENÉRICA,Protestante/Evangélica
1471,310620025610457P,-19.977828,-44.025076,IGREJA DA GRACA DE DEUS,PROTESTANTE/EVANGÉLICA GENÉRICA,Protestante/Evangélica
1472,310620005670167P,-19.951646,-43.966765,IGREJA DA LAGOINHA,PROTESTANTE/EVANGÉLICA GENÉRICA,Protestante/Evangélica
1473,310620060690109P,-19.796043,-43.990876,IGREJA DA LAGOINHA,PROTESTANTE/EVANGÉLICA GENÉRICA,Protestante/Evangélica
1474,310620005620469P,-19.948816,-43.918691,IGREJA DA LAGOINHA MANGABEIRAS,PROTESTANTE/EVANGÉLICA GENÉRICA,Protestante/Evangélica
1475,310620025610372P,-19.989354,-43.993316,IGREJA DA LIBERTACAO,PROTESTANTE/EVANGÉLICA GENÉRICA,Protestante/Evangélica
1476,310620060640080P,-19.868075,-43.901594,IGREJA DA PALAVRA ASSEMBLEIA DE DEUS,PENTECOSTAL CLÁSSICA,Protestante/Evangélica
1477,310620060660061P,-19.826052,-43.94136,IGREJA DA RENOVACAO EM JESUS CRISTO,PROTESTANTE/EVANGÉLICA GENÉRICA,Protestante/Evangélica
1478,310620060660240P,-19.84821,-43.920475,IGREJA DA VIDA,PROTESTANTE/EVANGÉLICA GENÉRICA,Protestante/Evangélica
1479,310620005630122P,-19.89523,-43.897948,IGREJA DA VITORIA,PROTESTANTE/EVANGÉLICA GENÉRICA,Protestante/Evangélica
1480,310620005680440P,-19.894826,-43.993561,IGREJA DAS MISSOES MUNDIAIS,PROTESTANTE/EVANGÉLICA GENÉRICA,Protestante/Evangélica
1481,310620005670338P,-19.966708,-43.981595,IGREJA DE CRISTO,PROTESTANTE/EVANGÉLICA GENÉRICA,Protestante/Evangélica
1482,310620005650665P,-19.897783,-44.006714,IGREJA DE CRISTO,PROTESTANTE/EVANGÉLICA GENÉRICA,Protestante/Evangélica
1483,310620005670147P,-19.943785,-43.996426,IGREJA DE CRISTO,PROTESTANTE/EVANGÉLICA GENÉRICA,Protestante/Evangélica
1484,310620005620092P,-19.919916,-43.934937,IGREJA DE CRISTO,PROTESTANTE/EVANGÉLICA GENÉRICA,Protestante/Evangélica
1485,310620005650126P,-19.906103,-44.010913,IGREJA DE CRISTO,PROTESTANTE/EVANGÉLICA GENÉRICA,Protestante/Evangélica
1486,310620005650067P,-19.90936,-43.966131,IGREJA DE CRISTO,PROTESTANTE/EVANGÉLICA GENÉRICA,Protestante/Evangélica
1487,310620060640328P,-19.837213,-43.898818,IGREJA DE CRISTO NO BRASIL,PROTESTANTE/EVANGÉLICA GENÉRICA,Protestante/Evangélica
1488,310620005640260P,-19.879967,-43.924308,IGREJA DE CRISTO SOMOS UM,PROTESTANTE/EVANGÉLICA GENÉRICA,Protestante/Evangélica
1489,310620005650109P,-19.915803,-44.000331,IGREJA DE DEUS,PROTESTANTE/EVANGÉLICA GENÉRICA,Protestante/Evangélica
1490,310620005630211P,-19.927441,-43.906929,IGREJA DE DEUS BIBLICA,PROTESTANTE/EVANGÉLICA GENÉRICA,Protestante/Evangélica
1491,310620060690417P,-19.801053,-43.972913,IGREJA DE DEUS DA PROFECIA,PROTESTANTE/EVANGÉLICA GENÉRICA,Protestante/Evangélica
1492,310620005650387P,-19.913849,-43.952718,IGREJA DE DEUS INTERNACIONAL,NEOPENTECOSTAL,Protestante/Evangélica
1493,310620005650387P,-19.913978,-43.952726,IGREJA DE DEUS INTERNACIONAL LANCHONETE,NEOPENTECOSTAL,Protestante/Evangélica
1494,310620005680333P,-19.904019,-43.998328,IGREJA DE DEUS NO BRASIL,PROTESTANTE/EVANGÉLICA GENÉRICA,Protestante/Evangélica
1495,310620060640190P,-19.867949,-43.896582,IGREJA DE DEUS NO BRASIL,PROTESTANTE/EVANGÉLICA GENÉRICA,Protestante/Evangélica
1496,310620060660057P,-19.837816,-43.941634,IGREJA DE DEUS NO BRASIL,PROTESTANTE/EVANGÉLICA GENÉRICA,Protestante/Evangélica
1497,310620005650711P,-19.888975,-43.965698,IGREJA DE DEUS PENTENCOSTAL DO BRASIL,PENTECOSTAL CLÁSSICA,Protestante/Evangélica
1498,310620005680389P,-19.888263,-43.98505,IGREJA DE DEUS PENTENCOSTAL DO BRASIL,PENTECOSTAL CLÁSSICA,Protestante/Evangélica
1499,310620060640222P,-19.861326,-43.888133,IGREJA DE DEUS REAVIVAMENTO PETENCOSTAL,PENTECOSTAL CLÁSSICA,Protestante/Evangélica
1500,310620025610631P,-19.998318,-43.984095,IGREJA DE EVANGELIZACAO,PROTESTANTE/EVANGÉLICA GENÉRICA,Protestante/Evangélica
1501,310620005620109P,-19.934784,-43.907671,IGREJA DE ISRAEL,PROTESTANTE/EVANGÉLICA GENÉRICA,Protestante/Evangélica
1502,310620005680087P,-19.876105,-44.012257,IGREJA DE JESUS,PROTESTANTE/EVANGÉLICA GENÉRICA,Protestante/Evangélica
1503,310620005640127P,-19.873286,-43.944447,IGREJA DE JESUS CRISTO,PROTESTANTE/EVANGÉLICA GENÉRICA,Protestante/Evangélica
1504,310620060660402P,-19.844665,-43.92015,IGREJA DE JESUS CRISTO DOS SANTOS DOS UL,CATÓLICA,Católica
1505,310620060690446P,-19.82348,-43.994575,IGREJA DE JESUS CRISTO DOS SANTOS DOS UL,CATÓLICA,Católica
1506,310620005670001P,-19.957439,-43.983163,IGREJA DE JESUS CRISTO DOS SANTOS DOS UL,CATÓLICA,Católica
1507,310620005640200P,-19.883763,-43.924878,IGREJA DE JESUS CRISTO DOS SANTOS DOS ULTIMOS DIAS,CATÓLICA,Católica
1508,310620005670473P,-19.928701,-43.973005,IGREJA DE JESUS CRISTO DOS SANTOS DOS ULTIMOS DIAS,CATÓLICA,Católica
1509,310620005620570P,-19.937717,-43.939623,IGREJA DE JESUS CRISTO DOS SANTOS DOS ULTIMOS DIAS,CATÓLICA,Católica
1510,310620005630451P,-19.925066,-43.915626,IGREJA DE JESUS CRISTO DOS SANTOS DOS UT,CATÓLICA,Católica
1511,310620060660183P,-19.800788,-43.928449,IGREJA DE MEDITACAO,PROTESTANTE/EVANGÉLICA GENÉRICA,Protestante/Evangélica
1512,310620060640241P,-19.85792,-43.874795,IGREJA DE NOSSA SENHORA DA CONCEICAO,CATÓLICA,Católica
1513,310620005640203P,-19.879007,-43.926588,IGREJA DE NOSSO SENHOR JESUS CRISTO,PROTESTANTE/EVANGÉLICA GENÉRICA,Protestante/Evangélica
1514,310620005650334P,-19.883655,-43.952656,IGREJA DE SANTA CRUZ,CATÓLICA,Católica
1515,310620005620058P,-19.924633,-43.9216,IGREJA DE SANTA EFIGENIA,CATÓLICA,Católica
1516,310620025610144P,-19.979542,-44.024559000000004,IGREJA DE SANTA LUZIA,CATÓLICA,Católica
1517,310620005630439P,-19.916793,-43.917803,IGREJA DE SANTA TERESA SANTA TERESINHA,CATÓLICA,Católica
1518,310620005620319P,-19.937112,-43.948215,IGREJA DE SANTO INACIO,CATÓLICA,Católica
1519,310620060690354P,-19.822638,-44.005258,IGREJA DE SAO LAZARO,CATÓLICA,Católica
1520,310620005650611P,-19.902635,-44.024371,IGREJA DEUS E AMOR,PENTECOSTAL CLÁSSICA,Protestante/Evangélica
1521,310620005650714P,-19.892028,-43.962645,IGREJA DEUS E AMOR,PENTECOSTAL CLÁSSICA,Protestante/Evangélica
1522,310620005620302P,-19.953362,-43.945721,IGREJA DEUS E AMOR,PENTECOSTAL CLÁSSICA,Protestante/Evangélica
1523,310620025610034P,-20.002891,-44.005741,IGREJA DEUS E AMOR,PENTECOSTAL CLÁSSICA,Protestante/Evangélica
1524,310620005650097P,-19.929269,-44.002187,IGREJA DEUS E AMOR,PENTECOSTAL CLÁSSICA,Protestante/Evangélica
1525,310620005630132P,-19.927734,-43.904671,IGREJA DEUS E AMOR,PENTECOSTAL CLÁSSICA,Protestante/Evangélica
1526,310620005630206P,-19.891735,-43.893156,IGREJA DEUS E AMOR,PENTECOSTAL CLÁSSICA,Protestante/Evangélica
1527,310620060640251P,-19.864316,-43.917173,IGREJA DEUS E AMOR,PENTECOSTAL CLÁSSICA,Protestante/Evangélica
1528,310620005640060P,-19.877655,-43.943256,IGREJA DEUS E AMOR,PENTECOSTAL CLÁSSICA,Protestante/Evangélica
1529,310620005650459P,-19.906783,-44.009293,IGREJA DEUS E AMOR,PENTECOSTAL CLÁSSICA,Protestante/Evangélica
1530,310620005680063P,-19.892065,-43.983664,IGREJA DEUS E AMOR,PENTECOSTAL CLÁSSICA,Protestante/Evangélica
1531,310620005650459P,-19.90678,-44.009274,IGREJA DEUS E AMOR,PENTECOSTAL CLÁSSICA,Protestante/Evangélica
1532,310620005650157P,-19.908065,-43.959849,IGREJA DEUS E AMOR,PENTECOSTAL CLÁSSICA,Protestante/Evangélica
1533,310620005670739P,-19.95385,-43.971751,IGREJA DEUS E AMOR,PENTECOSTAL CLÁSSICA,Protestante/Evangélica
1534,310620005660020P,-19.844431,-43.946335,IGREJA DEUS E AMOR,PENTECOSTAL CLÁSSICA,Protestante/Evangélica
1535,310620025610494P,-20.0014,-44.023822,IGREJA DEUS E AMOR,PENTECOSTAL CLÁSSICA,Protestante/Evangélica
1536,310620025610237P,-19.980272,-44.049602,IGREJA DEUS E AMOR,PENTECOSTAL CLÁSSICA,Protestante/Evangélica
1537,310620060660277P,-19.822358,-43.935581,IGREJA DEUS E AMOR,PENTECOSTAL CLÁSSICA,Protestante/Evangélica
1538,310620005670431P,-19.953512,-43.964613,IGREJA DEUS E AMOR,PENTECOSTAL CLÁSSICA,Protestante/Evangélica
1539,310620060640289P,-19.849867,-43.878305,IGREJA DEUS E AMOR,PENTECOSTAL CLÁSSICA,Protestante/Evangélica
1540,310620005620655P,-19.936663,-43.903853,IGREJA DEUS E AMOR,PENTECOSTAL CLÁSSICA,Protestante/Evangélica
1541,310620005620290P,-19.956517,-43.943364,IGREJA DEUS E AMOR,PENTECOSTAL CLÁSSICA,Protestante/Evangélica
1542,310620060660327P,-19.829207,-43.930353,IGREJA DEUS E AMOR,PENTECOSTAL CLÁSSICA,Protestante/Evangélica
1543,310620005630027P,-19.905436,-43.895281,IGREJA DEUS E AMOR,PENTECOSTAL CLÁSSICA,Protestante/Evangélica
1544,310620060640222P,-19.861606,-43.888602,IGREJA DEUS E AMOR,PENTECOSTAL CLÁSSICA,Protestante/Evangélica
1545,310620060690162P,-19.833235,-43.98632,IGREJA DEUS E AMOR,PENTECOSTAL CLÁSSICA,Protestante/Evangélica
1546,310620060690400P,-19.798303,-43.972388,IGREJA DEUS E AMOR,PENTECOSTAL CLÁSSICA,Protestante/Evangélica
1547,310620025610028P,-19.996718,-44.013605,IGREJA DEUS E AMOR,PENTECOSTAL CLÁSSICA,Protestante/Evangélica
1548,310620005630328P,-19.913898,-43.907035,IGREJA DEUS E AMOR,PENTECOSTAL CLÁSSICA,Protestante/Evangélica
1549,310620060690180P,-19.82245,-44.008366,IGREJA DEUS E AMOR,PENTECOSTAL CLÁSSICA,Protestante/Evangélica
1550,310620060690207P,-19.788429,-43.9699,IGREJA DEUS E AMOR,PENTECOSTAL CLÁSSICA,Protestante/Evangélica
1551,310620005670019P,-19.959452,-43.970891,IGREJA DEUS E AMOR,PENTECOSTAL CLÁSSICA,Protestante/Evangélica
1552,310620060690180P,-19.822106,-44.008102,IGREJA DEUS E AMOR,PENTECOSTAL CLÁSSICA,Protestante/Evangélica
1553,310620005680320P,-19.902788,-43.986932,IGREJA DEUS E AMOR,PENTECOSTAL CLÁSSICA,Protestante/Evangélica
1554,310620005670239P,-19.946671,-43.964198,IGREJA DEUS E AMOR,PENTECOSTAL CLÁSSICA,Protestante/Evangélica
1555,310620005620775P,-19.915089,-43.936487,IGREJA DEUS E AMOR,PENTECOSTAL CLÁSSICA,Protestante/Evangélica
1556,310620060690097P,-19.809367,-43.998557,IGREJA DEUS E AMOR,PENTECOSTAL CLÁSSICA,Protestante/Evangélica
1557,310620060660050P,-19.843332,-43.929328,IGREJA DEUS E AMOR,PENTECOSTAL CLÁSSICA,Protestante/Evangélica
1558,310620060690146P,-19.825144,-43.968846,IGREJA DEUS E AMOR,PENTECOSTAL CLÁSSICA,Protestante/Evangélica
1559,310620005640113P,-19.876801,-43.948169,IGREJA DEUS E AMOR,PENTECOSTAL CLÁSSICA,Protestante/Evangélica
1560,310620060690447P,-19.826755,-44.007464,IGREJA DEUS E AMOR,PENTECOSTAL CLÁSSICA,Protestante/Evangélica
1561,310620005670803P,-19.95763,-43.99902,IGREJA DEUS E AMOR,PENTECOSTAL CLÁSSICA,Protestante/Evangélica
1562,310620025610173P,-19.975465,-44.026423,IGREJA DEUS E AMOR,PENTECOSTAL CLÁSSICA,Protestante/Evangélica
1563,310620005650236P,-19.906588,-44.018088,IGREJA DEUS E AMOR,PENTECOSTAL CLÁSSICA,Protestante/Evangélica
1564,310620060690305P,-19.810594,-43.992756,IGREJA DEUS E AMOR,PENTECOSTAL CLÁSSICA,Protestante/Evangélica
1565,310620025610157P,-19.996141,-44.054367,IGREJA DEUS E AMOR,PENTECOSTAL CLÁSSICA,Protestante/Evangélica
1566,310620025610242P,-19.95679,-44.0124,IGREJA DEUS E AMOR,PENTECOSTAL CLÁSSICA,Protestante/Evangélica
1567,310620060690278P,-19.821566,-43.985976,IGREJA DEUS E AMOR,PENTECOSTAL CLÁSSICA,Protestante/Evangélica
1568,310620060640255P,-19.83449,-43.869063,IGREJA DEUS E AMOR,PENTECOSTAL CLÁSSICA,Protestante/Evangélica
1569,310620060660107P,-19.86212,-43.929691,IGREJA DEUS E AMOR,PENTECOSTAL CLÁSSICA,Protestante/Evangélica
1570,310620060690385P,-19.830135,-43.987586,IGREJA DEUS E AMOR,PENTECOSTAL CLÁSSICA,Protestante/Evangélica
1571,310620060640062P,-19.859817,-43.903937,IGREJA DEUS E AMOR,PENTECOSTAL CLÁSSICA,Protestante/Evangélica
1572,310620025610488P,-19.990035,-44.029399,IGREJA DEUS E AMOR,PENTECOSTAL CLÁSSICA,Protestante/Evangélica
1573,310620025610552P,-19.982097,-43.990469,IGREJA DEUS E AMOR,PENTECOSTAL CLÁSSICA,Protestante/Evangélica
1574,310620060640085P,-19.861896,-43.910716,IGREJA DEUS E AMOR,PENTECOSTAL CLÁSSICA,Protestante/Evangélica
1575,310620060660066P,-19.830812,-43.915898,IGREJA DEUS E AMOR,PENTECOSTAL CLÁSSICA,Protestante/Evangélica
1576,310620060660261P,-19.838935,-43.92875,IGREJA DEUS E AMOR,PENTECOSTAL CLÁSSICA,Protestante/Evangélica
1577,310620005630203P,-19.886122,-43.900308,IGREJA DEUS E AMOR,PENTECOSTAL CLÁSSICA,Protestante/Evangélica
1578,310620060690195P,-19.788472,-43.989027,IGREJA DEUS E AMOR,PENTECOSTAL CLÁSSICA,Protestante/Evangélica
1579,310620005630490P,-19.90988,-43.878733,IGREJA DEUS E AMOR,PENTECOSTAL CLÁSSICA,Protestante/Evangélica
1580,310620005670738P,-19.951889,-43.970884,IGREJA DEUS E AMOR,PENTECOSTAL CLÁSSICA,Protestante/Evangélica
1581,310620060640216P,-19.870388,-43.909358,IGREJA DEUS E AMOR,PENTECOSTAL CLÁSSICA,Protestante/Evangélica
1582,310620060660266P,-19.833018,-43.945253,IGREJA DEUS E AMOR,PENTECOSTAL CLÁSSICA,Protestante/Evangélica
1583,310620060640167P,-19.834229,-43.887509,IGREJA DEUS E AMOR,PENTECOSTAL CLÁSSICA,Protestante/Evangélica
1584,310620060640167P,-19.834163,-43.887419,IGREJA DEUS E AMOR,PENTECOSTAL CLÁSSICA,Protestante/Evangélica
1585,310620060640167P,-19.834171,-43.887444,IGREJA DEUS E AMOR,PENTECOSTAL CLÁSSICA,Protestante/Evangélica
1586,310620025610612P,-20.000318,-44.031956,IGREJA DEUS E AMOR,PENTECOSTAL CLÁSSICA,Protestante/Evangélica
1587,310620025610235P,-19.984202,-44.055134,IGREJA DEUS E AMOR,PENTECOSTAL CLÁSSICA,Protestante/Evangélica
1588,310620005630165P,-19.896579,-43.890201,IGREJA DEUS E AMOR,PENTECOSTAL CLÁSSICA,Protestante/Evangélica
1589,310620060690456P,-19.803403,-43.955821,IGREJA DEUS E AMOR,PENTECOSTAL CLÁSSICA,Protestante/Evangélica
1590,310620005680297P,-19.900041,-44.000853,IGREJA DEUS E AMOR,PENTECOSTAL CLÁSSICA,Protestante/Evangélica
1591,310620060640123P,-19.837159,-43.868182,IGREJA DEUS E AMOR,PENTECOSTAL CLÁSSICA,Protestante/Evangélica
1592,310620005620140P,-19.936029,-43.917133,IGREJA DEUS E AMOR,PENTECOSTAL CLÁSSICA,Protestante/Evangélica
1593,310620005650362P,-19.904867,-43.944708,IGREJA DEUS E AMOR,PENTECOSTAL CLÁSSICA,Protestante/Evangélica
1594,310620005650213P,-19.918168,-44.008074,IGREJA DEUS E AMOR,PENTECOSTAL CLÁSSICA,Protestante/Evangélica
1595,310620005650222P,-19.916146,-44.022413,IGREJA DEUS E AMOR,PENTECOSTAL CLÁSSICA,Protestante/Evangélica
1596,310620005680119P,-19.865464,-43.933299,IGREJA DEUS E AMOR,PENTECOSTAL CLÁSSICA,Protestante/Evangélica
1597,310620005650212P,-19.918927,-44.008258,IGREJA DEUS E AMOR,PENTECOSTAL CLÁSSICA,Protestante/Evangélica
1598,310620060660415P,-19.85333,-43.928415,IGREJA DEUS E AMOR,PENTECOSTAL CLÁSSICA,Protestante/Evangélica
1599,310620005640155P,-19.879757,-43.913184,IGREJA DEUS E AMOR,PENTECOSTAL CLÁSSICA,Protestante/Evangélica
1600,310620005620594P,-19.961069,-43.928356,IGREJA DEUS E AMOR,PENTECOSTAL CLÁSSICA,Protestante/Evangélica
1601,310620005680089P,-19.870318,-44.014941,IGREJA DEUS E AMOR,PENTECOSTAL CLÁSSICA,Protestante/Evangélica
1602,310620060690041P,-19.810604,-43.992721,IGREJA DEUS E AMOR,PENTECOSTAL CLÁSSICA,Protestante/Evangélica
1603,310620005670450P,-19.940018,-44.001631,IGREJA DEUS E SANTO,CATÓLICA,Católica
1604,310620005620124P,-19.942377,-43.907818,IGREJA DEUS E VIDA ETERNA,PROTESTANTE/EVANGÉLICA GENÉRICA,Protestante/Evangélica
1605,310620060640342P,-19.829127,-43.889126,IGREJA DEUS PALAVRA DA VERDADE,PROTESTANTE/EVANGÉLICA GENÉRICA,Protestante/Evangélica
1606,310620025610343P,-19.99425,-44.03072,IGREJA DEUS SALVA AS NACOES,AFRO-BRASILEIRA,Afro-brasileira
1607,310620025610131P,-20.019455,-44.03057,IGREJA DEUS SEMEIA,PROTESTANTE/EVANGÉLICA GENÉRICA,Protestante/Evangélica
1608,310620005680099P,-19.831962,-43.996128,IGREJA DISCIPULOS,PROTESTANTE/EVANGÉLICA GENÉRICA,Protestante/Evangélica
1609,310620060660355P,-19.804953,-43.939922,IGREJA DO 7 DIA,PROTESTANTE/EVANGÉLICA GENÉRICA,Protestante/Evangélica
1610,310620025610388P,-19.977576,-44.05482,IGREJA DO ETERNO NA VISAO,CATÓLICA,Católica
1611,310620060660044P,-19.83865,-43.923167,IGREJA DO EVAGELIO QUADRANGULAR,PENTECOSTAL CLÁSSICA,Protestante/Evangélica
1612,310620025610359P,-20.02602,-44.028437,IGREJA DO EVANELHO QUADRANGULAR MINEIRAO,PENTECOSTAL CLÁSSICA,Protestante/Evangélica
1613,310620060660223P,-19.812521,-43.93491,IGREJA DO EVANG QUADRANGULAR,PENTECOSTAL CLÁSSICA,Protestante/Evangélica
1614,310620060640085P,-19.864038,-43.9114,IGREJA DO EVANGELHO DA GRACA PLENA,PROTESTANTE/EVANGÉLICA GENÉRICA,Protestante/Evangélica
1615,310620025610207P,-19.99639,-43.961666,IGREJA DO EVANGELHO DE JESUS CRISTO,PROTESTANTE/EVANGÉLICA GENÉRICA,Protestante/Evangélica
1616,310620060640085P,-19.864174,-43.911373,IGREJA DO EVANGELHO GRACA PLENA,PROTESTANTE/EVANGÉLICA GENÉRICA,Protestante/Evangélica
1617,310620005670037P,-19.942408,-43.987006,IGREJA DO EVANGELHO GUADRANGULA,PROTESTANTE/EVANGÉLICA GENÉRICA,Protestante/Evangélica
1618,310620060660235P,-19.858321,-43.932085,IGREJA DO EVANGELHO GUADRANGULAR,PROTESTANTE/EVANGÉLICA GENÉRICA,Protestante/Evangélica
1619,310620005680119P,-19.864973,-43.933165,IGREJA DO EVANGELHO GUADRANGULAR,PROTESTANTE/EVANGÉLICA GENÉRICA,Protestante/Evangélica
1620,310620025610273P,-20.005895,-44.019338,IGREJA DO EVANGELHO JESUS CRISTO E A POR,PROTESTANTE/EVANGÉLICA GENÉRICA,Protestante/Evangélica
1621,310620005670128P,-19.949853,-44.001816,IGREJA DO EVANGELHO PILAR DA TERRA,PROTESTANTE/EVANGÉLICA GENÉRICA,Protestante/Evangélica
1622,310620005620139P,-19.93673,-43.914996,IGREJA DO EVANGELHO QUADRANGULAR,PENTECOSTAL CLÁSSICA,Protestante/Evangélica
1623,310620005650698P,-19.896154,-44.020511,IGREJA DO EVANGELHO QUADRANGULAR,PENTECOSTAL CLÁSSICA,Protestante/Evangélica
1624,310620025610205P,-19.996706,-43.993537,IGREJA DO EVANGELHO QUADRANGULAR,PENTECOSTAL CLÁSSICA,Protestante/Evangélica
1625,310620025610261P,-19.979011,-44.048343,IGREJA DO EVANGELHO QUADRANGULAR,PENTECOSTAL CLÁSSICA,Protestante/Evangélica
1626,310620005630358P,-19.895872,-43.898727,IGREJA DO EVANGELHO QUADRANGULAR,PENTECOSTAL CLÁSSICA,Protestante/Evangélica
1627,310620005650038P,-19.91385,-43.991561,IGREJA DO EVANGELHO QUADRANGULAR,PENTECOSTAL CLÁSSICA,Protestante/Evangélica
1628,310620005630027P,-19.905724,-43.895241,IGREJA DO EVANGELHO QUADRANGULAR,PENTECOSTAL CLÁSSICA,Protestante/Evangélica
1629,310620005650208P,-19.922325,-44.012315,IGREJA DO EVANGELHO QUADRANGULAR,PENTECOSTAL CLÁSSICA,Protestante/Evangélica
1630,310620060690324P,-19.820445,-43.959791,IGREJA DO EVANGELHO QUADRANGULAR,PENTECOSTAL CLÁSSICA,Protestante/Evangélica
1631,310620060640097P,-19.864997,-43.914677,IGREJA DO EVANGELHO QUADRANGULAR,PENTECOSTAL CLÁSSICA,Protestante/Evangélica
1632,310620005650368P,-19.907085,-43.947049,IGREJA DO EVANGELHO QUADRANGULAR,PENTECOSTAL CLÁSSICA,Protestante/Evangélica
1633,310620060690542P,-19.82249,-43.987672,IGREJA DO EVANGELHO QUADRANGULAR,PENTECOSTAL CLÁSSICA,Protestante/Evangélica
1634,310620025610319P,-19.992232,-44.034874,IGREJA DO EVANGELHO QUADRANGULAR,PENTECOSTAL CLÁSSICA,Protestante/Evangélica
1635,310620060660062P,-19.815653,-43.943686,IGREJA DO EVANGELHO QUADRANGULAR,PENTECOSTAL CLÁSSICA,Protestante/Evangélica
1636,310620005630255P,-19.918541,-43.885497,IGREJA DO EVANGELHO QUADRANGULAR,PENTECOSTAL CLÁSSICA,Protestante/Evangélica
1637,310620005670262P,-19.943893,-43.962257,IGREJA DO EVANGELHO QUADRANGULAR,PENTECOSTAL CLÁSSICA,Protestante/Evangélica
1638,310620060640258P,-19.828347,-43.867821,IGREJA DO EVANGELHO QUADRANGULAR,PENTECOSTAL CLÁSSICA,Protestante/Evangélica
1639,310620005650648P,-19.90171,-44.022039,IGREJA DO EVANGELHO QUADRANGULAR,PENTECOSTAL CLÁSSICA,Protestante/Evangélica
1640,310620060660233P,-19.856363,-43.928534,IGREJA DO EVANGELHO QUADRANGULAR,PENTECOSTAL CLÁSSICA,Protestante/Evangélica
1641,310620005620097P,-19.930886,-43.918757,IGREJA DO EVANGELHO QUADRANGULAR,PENTECOSTAL CLÁSSICA,Protestante/Evangélica
1642,310620060690195P,-19.785725,-43.989298,IGREJA DO EVANGELHO QUADRANGULAR,PENTECOSTAL CLÁSSICA,Protestante/Evangélica
1643,310620025610275P,-19.997134,-44.020188,IGREJA DO EVANGELHO QUADRANGULAR,PENTECOSTAL CLÁSSICA,Protestante/Evangélica
1644,310620060660359P,-19.797164,-43.933696,IGREJA DO EVANGELHO QUADRANGULAR,PENTECOSTAL CLÁSSICA,Protestante/Evangélica
1645,310620005680379P,-19.905569,-43.992035,IGREJA DO EVANGELHO QUADRANGULAR,PENTECOSTAL CLÁSSICA,Protestante/Evangélica
1646,310620005640204P,-19.896393,-43.937238,IGREJA DO EVANGELHO QUADRANGULAR,PENTECOSTAL CLÁSSICA,Protestante/Evangélica
1647,310620060640045P,-19.85367,-43.900733,IGREJA DO EVANGELHO QUADRANGULAR,PENTECOSTAL CLÁSSICA,Protestante/Evangélica
1648,310620025610253P,-19.986247,-43.985856,IGREJA DO EVANGELHO QUADRANGULAR,PENTECOSTAL CLÁSSICA,Protestante/Evangélica
1649,310620005630228P,-19.887442,-43.892795,IGREJA DO EVANGELHO QUADRANGULAR,PENTECOSTAL CLÁSSICA,Protestante/Evangélica
1650,310620025610387P,-19.981947,-44.054407,IGREJA DO EVANGELHO QUADRANGULAR,PENTECOSTAL CLÁSSICA,Protestante/Evangélica
1651,310620025610404P,-19.977893,-44.056338,IGREJA DO EVANGELHO QUADRANGULAR,PENTECOSTAL CLÁSSICA,Protestante/Evangélica
1652,310620005670540P,-19.962566,-43.972698,IGREJA DO EVANGELHO QUADRANGULAR,PENTECOSTAL CLÁSSICA,Protestante/Evangélica
1653,310620025610404P,-19.977757,-44.056354,IGREJA DO EVANGELHO QUADRANGULAR,PENTECOSTAL CLÁSSICA,Protestante/Evangélica
1654,310620005650255P,-19.895227,-44.011132,IGREJA DO EVANGELHO QUADRANGULAR,PENTECOSTAL CLÁSSICA,Protestante/Evangélica
1655,310620060660303P,-19.819242,-43.903323,IGREJA DO EVANGELHO QUADRANGULAR,PENTECOSTAL CLÁSSICA,Protestante/Evangélica
1656,310620060690001P,-19.809155,-43.979864,IGREJA DO EVANGELHO QUADRANGULAR,PENTECOSTAL CLÁSSICA,Protestante/Evangélica
1657,310620005630265P,-19.919615,-43.880248,IGREJA DO EVANGELHO QUADRANGULAR,PENTECOSTAL CLÁSSICA,Protestante/Evangélica
1658,310620005620303P,-19.951392,-43.944898,IGREJA DO EVANGELHO QUADRANGULAR,PENTECOSTAL CLÁSSICA,Protestante/Evangélica
1659,310620005620331P,-19.913612,-43.937521,IGREJA DO EVANGELHO QUADRANGULAR,PENTECOSTAL CLÁSSICA,Protestante/Evangélica
1660,310620025610316P,-19.995995,-44.046581,IGREJA DO EVANGELHO QUADRANGULAR,PENTECOSTAL CLÁSSICA,Protestante/Evangélica
1661,310620005670751P,-19.975588,-43.980307,IGREJA DO EVANGELHO QUADRANGULAR,PENTECOSTAL CLÁSSICA,Protestante/Evangélica
1662,310620005680458P,-19.877129,-43.986276,IGREJA DO EVANGELHO QUADRANGULAR,PENTECOSTAL CLÁSSICA,Protestante/Evangélica
1663,310620060640115P,-19.868803,-43.909286,IGREJA DO EVANGELHO QUADRANGULAR,PENTECOSTAL CLÁSSICA,Protestante/Evangélica
1664,310620005650324P,-19.885855,-43.962544,IGREJA DO EVANGELHO QUADRANGULAR,PENTECOSTAL CLÁSSICA,Protestante/Evangélica
1665,310620005670803P,-19.957417,-43.999706,IGREJA DO EVANGELHO QUADRANGULAR,PENTECOSTAL CLÁSSICA,Protestante/Evangélica
1666,310620005670412P,-19.939953,-43.991993,IGREJA DO EVANGELHO QUADRANGULAR,PENTECOSTAL CLÁSSICA,Protestante/Evangélica
1667,310620060690336P,-19.796193,-43.988353,IGREJA DO EVANGELHO QUADRANGULAR,PENTECOSTAL CLÁSSICA,Protestante/Evangélica
1668,310620025610267P,-19.97602,-44.060799,IGREJA DO EVANGELHO QUADRANGULAR,PENTECOSTAL CLÁSSICA,Protestante/Evangélica
1669,310620005640127P,-19.873172,-43.946985,IGREJA DO EVANGELHO QUADRANGULAR,PENTECOSTAL CLÁSSICA,Protestante/Evangélica
1670,310620060690201P,-19.782557,-43.976163,IGREJA DO EVANGELHO QUADRANGULAR,PENTECOSTAL CLÁSSICA,Protestante/Evangélica
1671,310620025610254P,-19.995254,-43.962626,IGREJA DO EVANGELHO QUADRANGULAR,PENTECOSTAL CLÁSSICA,Protestante/Evangélica
1672,310620060690282P,-19.807961,-43.997994,IGREJA DO EVANGELHO QUADRANGULAR,PENTECOSTAL CLÁSSICA,Protestante/Evangélica
1673,310620005660014P,-19.845515,-43.951182,IGREJA DO EVANGELHO QUADRANGULAR,PENTECOSTAL CLÁSSICA,Protestante/Evangélica
1674,310620060660010P,-19.829527,-43.932135,IGREJA DO EVANGELHO QUADRANGULAR,PENTECOSTAL CLÁSSICA,Protestante/Evangélica
1675,310620060660430P,-19.803294,-43.907359,IGREJA DO EVANGELHO QUADRANGULAR,PENTECOSTAL CLÁSSICA,Protestante/Evangélica
1676,310620005680264P,-19.872712,-44.01519,IGREJA DO EVANGELHO QUADRANGULAR,PENTECOSTAL CLÁSSICA,Protestante/Evangélica
1677,310620060640336P,-19.838623,-43.873016,IGREJA DO EVANGELHO QUADRANGULAR,PENTECOSTAL CLÁSSICA,Protestante/Evangélica
1678,310620005650665P,-19.9035,-44.006155,IGREJA DO EVANGELHO QUADRANGULAR,PENTECOSTAL CLÁSSICA,Protestante/Evangélica
1679,310620005680456P,-19.866379,-44.020373,IGREJA DO EVANGELHO QUADRANGULAR,PENTECOSTAL CLÁSSICA,Protestante/Evangélica
1680,310620005630005P,-19.904323,-43.907305,IGREJA DO EVANGELHO QUADRANGULAR,PENTECOSTAL CLÁSSICA,Protestante/Evangélica
1681,310620060640247P,-19.863544,-43.900808,IGREJA DO EVANGELHO QUADRANGULAR,PENTECOSTAL CLÁSSICA,Protestante/Evangélica
1682,310620060640038P,-19.833249,-43.888744,IGREJA DO EVANGELHO QUADRANGULAR,PENTECOSTAL CLÁSSICA,Protestante/Evangélica
1683,310620060640182P,-19.832087,-43.901217,IGREJA DO EVANGELHO QUADRANGULAR,PENTECOSTAL CLÁSSICA,Protestante/Evangélica
1684,310620060690022P,-19.815346,-43.983871,IGREJA DO EVANGELHO QUADRANGULAR,PENTECOSTAL CLÁSSICA,Protestante/Evangélica
1685,310620060660209P,-19.816692,-43.937183,IGREJA DO EVANGELHO QUADRANGULAR,PENTECOSTAL CLÁSSICA,Protestante/Evangélica
1686,310620005640124P,-19.882467,-43.922265,IGREJA DO EVANGELHO QUADRANGULAR,PENTECOSTAL CLÁSSICA,Protestante/Evangélica
1687,310620005680301P,-19.901676,-43.994464,IGREJA DO EVANGELHO QUADRANGULAR,PENTECOSTAL CLÁSSICA,Protestante/Evangélica
1688,310620005650600P,-19.92077,-44.00514,IGREJA DO EVANGELHO QUADRANGULAR,PENTECOSTAL CLÁSSICA,Protestante/Evangélica
1689,310620025610072P,-20.015256,-44.032067,IGREJA DO EVANGELHO QUADRANGULAR,PENTECOSTAL CLÁSSICA,Protestante/Evangélica
1690,310620025610072P,-20.015248,-44.032083,IGREJA DO EVANGELHO QUADRANGULAR,PENTECOSTAL CLÁSSICA,Protestante/Evangélica
1691,310620005650357P,-19.900621,-43.949157,IGREJA DO EVANGELHO QUADRANGULAR,PENTECOSTAL CLÁSSICA,Protestante/Evangélica
1692,310620025610506P,-19.991748,-44.051738,IGREJA DO EVANGELHO QUADRANGULAR,PENTECOSTAL CLÁSSICA,Protestante/Evangélica
1693,310620025610275P,-19.99491,-44.017834,IGREJA DO EVANGELHO QUADRANGULAR,PENTECOSTAL CLÁSSICA,Protestante/Evangélica
1694,310620060660040P,-19.829478,-43.923372,IGREJA DO EVANGELHO QUADRANGULAR,PENTECOSTAL CLÁSSICA,Protestante/Evangélica
1695,310620025610336P,-20.013043,-44.022567,IGREJA DO EVANGELHO QUADRANGULAR,PENTECOSTAL CLÁSSICA,Protestante/Evangélica
1696,310620060690417P,-19.801385,-43.977374,IGREJA DO EVANGELHO QUADRANGULAR,PENTECOSTAL CLÁSSICA,Protestante/Evangélica
1697,310620060640165P,-19.840758,-43.896448,IGREJA DO EVANGELHO QUADRANGULAR,PENTECOSTAL CLÁSSICA,Protestante/Evangélica
1698,310620005640192P,-19.894544,-43.936692,IGREJA DO EVANGELHO QUADRANGULAR,PENTECOSTAL CLÁSSICA,Protestante/Evangélica
1699,310620060640239P,-19.857145,-43.872594,IGREJA DO EVANGELHO QUADRANGULAR,PENTECOSTAL CLÁSSICA,Protestante/Evangélica
1700,310620060640148P,-19.851214,-43.883504,IGREJA DO EVANGELHO QUADRANGULAR,PENTECOSTAL CLÁSSICA,Protestante/Evangélica
1701,310620005630262P,-19.916433,-43.881431,IGREJA DO EVANGELHO QUADRANGULAR,PENTECOSTAL CLÁSSICA,Protestante/Evangélica
1702,310620060690449P,-19.812247,-44.004951,IGREJA DO EVANGELHO QUADRANGULAR,PENTECOSTAL CLÁSSICA,Protestante/Evangélica
1703,310620005630096P,-19.919736,-43.903738,IGREJA DO EVANGELHO QUADRANGULAR,PENTECOSTAL CLÁSSICA,Protestante/Evangélica
1704,310620005650616P,-19.904278,-43.953176,IGREJA DO EVANGELHO QUADRANGULAR,PENTECOSTAL CLÁSSICA,Protestante/Evangélica
1705,310620005680367P,-19.895083,-44.000029,IGREJA DO EVANGELHO QUADRANGULAR,PENTECOSTAL CLÁSSICA,Protestante/Evangélica
1706,310620005650145P,-19.894282,-43.958067,IGREJA DO EVANGELHO QUADRANGULAR,PENTECOSTAL CLÁSSICA,Protestante/Evangélica
1707,310620060640077P,-19.856982,-43.881845,IGREJA DO EVANGELHO QUADRANGULAR,PENTECOSTAL CLÁSSICA,Protestante/Evangélica
1708,310620060640123P,-19.835517,-43.868538,IGREJA DO EVANGELHO QUADRANGULAR,PENTECOSTAL CLÁSSICA,Protestante/Evangélica
1709,310620025610193P,-19.979955,-44.000193,IGREJA DO EVANGELHO QUADRANGULAR,PENTECOSTAL CLÁSSICA,Protestante/Evangélica
1710,310620005670712P,-19.936649,-44.015535,IGREJA DO EVANGELHO QUADRANGULAR,PENTECOSTAL CLÁSSICA,Protestante/Evangélica
1711,310620060660049P,-19.844342,-43.927253,IGREJA DO EVANGELHO QUADRANGULAR,PENTECOSTAL CLÁSSICA,Protestante/Evangélica
1712,310620005670762P,-19.963621,-43.994964,IGREJA DO EVANGELHO QUADRANGULAR,PENTECOSTAL CLÁSSICA,Protestante/Evangélica
1713,310620005620757P,-19.929582,-43.908166,IGREJA DO EVANGELHO QUADRANGULAR,PENTECOSTAL CLÁSSICA,Protestante/Evangélica
1714,310620005650109P,-19.916016,-44.000324,IGREJA DO EVANGELHO QUADRANGULAR,PENTECOSTAL CLÁSSICA,Protestante/Evangélica
1715,310620060690104P,-19.799958,-43.99981,IGREJA DO EVANGELHO QUADRANGULAR,PENTECOSTAL CLÁSSICA,Protestante/Evangélica
1716,310620005680404P,-19.877857,-43.99226,IGREJA DO EVANGELHO QUADRANGULAR,PENTECOSTAL CLÁSSICA,Protestante/Evangélica
1717,310620060640288P,-19.847215,-43.880508,IGREJA DO EVANGELHO QUADRANGULAR,PENTECOSTAL CLÁSSICA,Protestante/Evangélica
1718,310620060640024P,-19.853634,-43.887022,IGREJA DO EVANGELHO QUADRANGULAR,PENTECOSTAL CLÁSSICA,Protestante/Evangélica
1719,310620005650092P,-19.926257,-44.000498,IGREJA DO EVANGELHO QUADRANGULAR,PENTECOSTAL CLÁSSICA,Protestante/Evangélica
1720,310620025610567P,-19.991695,-44.020554,IGREJA DO EVANGELHO QUADRANGULAR,PENTECOSTAL CLÁSSICA,Protestante/Evangélica
1721,310620005620131P,-19.941838,-43.909195,IGREJA DO EVANGELHO QUADRANGULAR,PENTECOSTAL CLÁSSICA,Protestante/Evangélica
1722,310620060690041P,-19.81171,-43.994061,IGREJA DO EVANGELHO QUADRANGULAR,PENTECOSTAL CLÁSSICA,Protestante/Evangélica
1723,310620005630349P,-19.910456,-43.890144,IGREJA DO EVANGELHO QUADRANGULAR ALTO VERA CRUZ,PENTECOSTAL CLÁSSICA,Protestante/Evangélica
1724,310620060640256P,-19.835485,-43.868584,IGREJA DO EVANGELHO QUADRANGULAR BEIJA FLOR,PENTECOSTAL CLÁSSICA,Protestante/Evangélica
1725,310620005630139P,-19.921511,-43.923646,IGREJA DO EVANGELHO QUADRANGULAR BOULEVARD,PENTECOSTAL CLÁSSICA,Protestante/Evangélica
1726,310620060640250P,-19.846589,-43.896568,IGREJA DO EVANGELHO QUADRANGULAR COMUNID,PENTECOSTAL CLÁSSICA,Protestante/Evangélica
1727,310620060640311P,-19.848187,-43.905003,IGREJA DO EVANGELHO QUADRANGULAR JUSTICA DE DEUS,PENTECOSTAL CLÁSSICA,Protestante/Evangélica
1728,310620060640240P,-19.858798,-43.877365,IGREJA DO EVANGELHO QUADRANGULAR NUCLEO,PENTECOSTAL CLÁSSICA,Protestante/Evangélica
1729,310620005680095P,-19.853424,-44.003007,IGREJA DO EVANGELHO QUADRANGULAR PAMPULHA,PENTECOSTAL CLÁSSICA,Protestante/Evangélica
1730,310620060640049P,-19.851416,-43.909415,IGREJA DO EVANGELHO QUADRANGULAR SAO GABRIEL II,PENTECOSTAL CLÁSSICA,Protestante/Evangélica
1731,310620025610301P,-19.986429,-44.016675,IGREJA DO EVANGELHO QUADRANGULAR TEIXEIRA DIAS,PENTECOSTAL CLÁSSICA,Protestante/Evangélica
1732,310620025610457P,-19.977537,-44.02578,IGREJA DO EVANGELHO QUADRANGULAR TEMPLO DA GRACA,PENTECOSTAL CLÁSSICA,Protestante/Evangélica
1733,310620060660120P,-19.849583,-43.939967,IGREJA DO EVANGELHO QUADRANGULAR TEMPLO DA VITORIA,PENTECOSTAL CLÁSSICA,Protestante/Evangélica
1734,310620060640299P,-19.849001,-43.894164,IGREJA DO EVANGELHO QUADRANGULAR VISTA DO SOL II,PENTECOSTAL CLÁSSICA,Protestante/Evangélica
1735,310620060660425P,-19.826478,-43.915352,IGREJA DO EVANGELHO QUDRANGULAR,PROTESTANTE/EVANGÉLICA GENÉRICA,Protestante/Evangélica
1736,310620005680272P,-19.90486,-43.997325,IGREJA DO EVANGELHO QUDRANGULAR,PROTESTANTE/EVANGÉLICA GENÉRICA,Protestante/Evangélica
1737,310620060690115P,-19.794614,-43.973009,IGREJA DO EVANGELHO QUDRANGULAR TEMPLO M,PROTESTANTE/EVANGÉLICA GENÉRICA,Protestante/Evangélica
1738,310620060640313P,-19.858461,-43.889522,IGREJA DO EVANGELICO QUADRANGULAR,PENTECOSTAL CLÁSSICA,Protestante/Evangélica
1739,310620005670526P,-19.937847,-44.023539,IGREJA DO EVANGELIO,PROTESTANTE/EVANGÉLICA GENÉRICA,Protestante/Evangélica
1740,310620005630261P,-19.912087,-43.879737,IGREJA DO EVANGELIO CRISTO RESSUCITADO,PROTESTANTE/EVANGÉLICA GENÉRICA,Protestante/Evangélica
1741,310620025610541P,-19.991959,-44.000261,IGREJA DO EVANGELIO GUADRANGLA,PROTESTANTE/EVANGÉLICA GENÉRICA,Protestante/Evangélica
1742,310620025610649P,-19.994955,-43.982551,IGREJA DO EVANGELIO QUADRANCULAR,PROTESTANTE/EVANGÉLICA GENÉRICA,Protestante/Evangélica
1743,310620060660071P,-19.839668,-43.919712,IGREJA DO EVANGELIO QUADRANGULAR,PENTECOSTAL CLÁSSICA,Protestante/Evangélica
1744,310620005670046P,-19.951581,-43.973715,IGREJA DO EVANGELIO QUADRANGULAR,PENTECOSTAL CLÁSSICA,Protestante/Evangélica
1745,310620005630026P,-19.902337,-43.894483,IGREJA DO EVANGELIO QUADRANGULAR,PENTECOSTAL CLÁSSICA,Protestante/Evangélica
1746,310620025610045P,-19.997892,-44.030758,IGREJA DO EVANGELIO QUADRANGULAR,PENTECOSTAL CLÁSSICA,Protestante/Evangélica
1747,310620060690034P,-19.819276,-43.980274,IGREJA DO EVANGELIO QUADRANGULAR,PENTECOSTAL CLÁSSICA,Protestante/Evangélica
1748,310620060640033P,-19.838061,-43.901862,IGREJA DO EVANGELIO QUADRANGULAR RIBEIRO DE ABREU,PENTECOSTAL CLÁSSICA,Protestante/Evangélica
1749,310620005630166P,-19.902361,-43.888021,IGREJA DO EVANGELO QUADRANGULAR,PENTECOSTAL CLÁSSICA,Protestante/Evangélica
1750,310620005630272P,-19.929434,-43.908817,IGREJA DO LEAO DA TRIBO DE JUDA,PROTESTANTE/EVANGÉLICA GENÉRICA,Protestante/Evangélica
1751,310620025610399P,-19.988318,-44.045512,IGREJA DO LIBRTADOR,PROTESTANTE/EVANGÉLICA GENÉRICA,Protestante/Evangélica
1752,310620005650184P,-19.93196,-44.001571,IGREJA DO NAZARENO,PROTESTANTE/EVANGÉLICA GENÉRICA,Protestante/Evangélica
1753,310620060640060P,-19.862134,-43.901175,IGREJA DO NAZARENO,PROTESTANTE/EVANGÉLICA GENÉRICA,Protestante/Evangélica
1754,310620005680165P,-19.874974,-43.990845,IGREJA DO NAZARENO,PROTESTANTE/EVANGÉLICA GENÉRICA,Protestante/Evangélica
1755,310620060660034P,-19.826595,-43.932015,IGREJA DO NAZARENO,PROTESTANTE/EVANGÉLICA GENÉRICA,Protestante/Evangélica
1756,310620005650070P,-19.906391,-43.971102,IGREJA DO NAZARENO,PROTESTANTE/EVANGÉLICA GENÉRICA,Protestante/Evangélica
1757,310620005630224P,-19.899996,-43.925933,IGREJA DO NAZARENO,PROTESTANTE/EVANGÉLICA GENÉRICA,Protestante/Evangélica
1758,310620060660262P,-19.840818,-43.933343,IGREJA DO NAZARENO,PROTESTANTE/EVANGÉLICA GENÉRICA,Protestante/Evangélica
1759,310620060660001P,-19.835065,-43.932282,IGREJA DO NUCLEO ASSISTENCIAL CAMINHOS PARA JESUS,PROTESTANTE/EVANGÉLICA GENÉRICA,Protestante/Evangélica
1760,310620060660034P,-19.82525,-43.933289,IGREJA DO PODER,PROTESTANTE/EVANGÉLICA GENÉRICA,Protestante/Evangélica
1761,310620005670092P,-19.951064,-43.969581,IGREJA DO PODER DE DEUS,PROTESTANTE/EVANGÉLICA GENÉRICA,Protestante/Evangélica
1762,310620005630097P,-19.919464,-43.904906,IGREJA DO RACIONALISMO CRISTAO,PROTESTANTE/EVANGÉLICA GENÉRICA,Protestante/Evangélica
1763,310620025610519P,-19.989415,-44.020333,IGREJA DO REINO JEOVA,OUTRA CRISTÃ,Outra
1764,310620005620133P,-19.938221,-43.910943,IGREJA DO ROSARIO,PROTESTANTE/EVANGÉLICA GENÉRICA,Protestante/Evangélica
1765,310620005680231P,-19.842387,-44.009953,IGREJA DO SANTANA,CATÓLICA,Católica
1766,310620025610005P,-20.000885,-44.013204,IGREJA DO SENHOR JESUS,PROTESTANTE/EVANGÉLICA GENÉRICA,Protestante/Evangélica
1767,310620060690141P,-19.822305,-43.964057,IGREJA DO SENHOR JESUS ALIANCA COM DEUS,PROTESTANTE/EVANGÉLICA GENÉRICA,Protestante/Evangélica
1768,310620005680060P,-19.8715,-43.9524,IGREJA DO TABERNACULO DE DEUS,PROTESTANTE/EVANGÉLICA GENÉRICA,Protestante/Evangélica
1769,310620005630419P,-19.906371,-43.901746,IGREJA DOM DE AMOR,PROTESTANTE/EVANGÉLICA GENÉRICA,Protestante/Evangélica
1770,310620005630415P,-19.913532,-43.918109,IGREJA DOS ADVENTISTAS DO 7 DIA,OUTRA CRISTÃ,Outra
1771,310620060690478P,-19.804644,-43.989312,IGREJA DOS ADVENTISTAS DO SETIMO DIA,OUTRA CRISTÃ,Outra
1772,310620005680060P,-19.870062,-43.954608,IGREJA DOS SANTOS DOS ULTIMOS DIAS,CATÓLICA,Católica
1773,310620060690135P,-19.815616,-43.961551,IGREJA DOS SANTOS DOS ULTIMOS DIAS,CATÓLICA,Católica
1774,310620005640111P,-19.883818,-43.948289,IGREJA E CONCERTO DE APAREHLO HOSPITALAR,PROTESTANTE/EVANGÉLICA GENÉRICA,Protestante/Evangélica
1775,310620025610209P,-19.990352,-44.054202,IGREJA E CONFERENCIA SAO JUDAS TADEU,CATÓLICA,Católica
1776,310620060640304P,-19.851191,-43.899734,IGREJA E LANCHONETE,PROTESTANTE/EVANGÉLICA GENÉRICA,Protestante/Evangélica
1777,310620005670466P,-19.95012,-44.005554,IGREJA E LOJA VAGA,PROTESTANTE/EVANGÉLICA GENÉRICA,Protestante/Evangélica
1778,310620025610330P,-19.995624,-44.051492,IGREJA E M COM PALAVRAS DE VIDA ETERNA,PROTESTANTE/EVANGÉLICA GENÉRICA,Protestante/Evangélica
1779,310620005620203P,-19.939,-43.942231,IGREJA E SECRETARIA PAROQUIA SANTO ANTONIO,CATÓLICA,Católica
1780,310620060690200P,-19.784248,-43.982237,IGREJA EANGELICA,PROTESTANTE/EVANGÉLICA GENÉRICA,Protestante/Evangélica
1781,310620060640260P,-19.849282,-43.892325,IGREJA EANGELICA,PROTESTANTE/EVANGÉLICA GENÉRICA,Protestante/Evangélica
1782,310620060660184P,-19.799695,-43.926488,IGREJA EBENEZER,PROTESTANTE/EVANGÉLICA GENÉRICA,Protestante/Evangélica
1783,310620005650108P,-19.918159,-44.00351,IGREJA EBENEZER,PROTESTANTE/EVANGÉLICA GENÉRICA,Protestante/Evangélica
1784,310620060660420P,-19.832328,-43.955285,IGREJA ECUMENICA RELIGIAO DE DEUS DO CRISTO E DO ESPIRITO SANTO,ESPÍRITA,Espírita
1785,310620060690512P,-19.807404,-43.955154,IGREJA EDIFICANDO A FE,PROTESTANTE/EVANGÉLICA GENÉRICA,Protestante/Evangélica
1786,310620005680045P,-19.856496,-43.958395,IGREJA EEVANGELICA COMUNIDADE LOGOS,PROTESTANTE/EVANGÉLICA GENÉRICA,Protestante/Evangélica
1787,310620025610507P,-19.99144,-44.051092,IGREJA EFATA,PROTESTANTE/EVANGÉLICA GENÉRICA,Protestante/Evangélica
1788,310620005670064P,-19.963136,-43.990256,IGREJA ELO DE AMOR,PROTESTANTE/EVANGÉLICA GENÉRICA,Protestante/Evangélica
1789,310620025610096P,-19.988666,-44.036412,IGREJA EM BELO HORIZONTE,PROTESTANTE/EVANGÉLICA GENÉRICA,Protestante/Evangélica
1790,310620005640131P,-19.868856,-43.934542,IGREJA EM BELO HORIZONTE MILITANTE NA OBRA DA RESTAURACAO DE TUDO,PROTESTANTE/EVANGÉLICA GENÉRICA,Protestante/Evangélica
1791,310620025610090P,-19.998682,-44.036147,IGREJA EM CELULA,PROTESTANTE/EVANGÉLICA GENÉRICA,Protestante/Evangélica
1792,310620025610399P,-19.993404,-44.045976,IGREJA EM CELULA FOLEGO DE VIDA,PROTESTANTE/EVANGÉLICA GENÉRICA,Protestante/Evangélica
1793,310620025610525P,-20.006366,-44.009895,IGREJA EM CELULAS FOLEGO VIDA,PROTESTANTE/EVANGÉLICA GENÉRICA,Protestante/Evangélica
1794,310620060640332P,-19.853334,-43.886801,IGREJA EM CONSTRUCAO,PROTESTANTE/EVANGÉLICA GENÉRICA,Protestante/Evangélica
1795,310620060640234P,-19.853014,-43.88137,IGREJA EM CRISTO,PROTESTANTE/EVANGÉLICA GENÉRICA,Protestante/Evangélica
1796,310620005670194P,-19.943022,-44.00208,IGREJA EM OBRA DE RESTAURACAO EM JARDINOPOLIS,PROTESTANTE/EVANGÉLICA GENÉRICA,Protestante/Evangélica
1797,310620005670142P,-19.944845,-43.997261,IGREJA EMANUEL,PROTESTANTE/EVANGÉLICA GENÉRICA,Protestante/Evangélica
1798,310620060640209P,-19.865704,-43.917811,IGREJA EMBAIXADORES DE CRISTO,PROTESTANTE/EVANGÉLICA GENÉRICA,Protestante/Evangélica
1799,310620025610343P,-19.996198,-44.029518,IGREJA EMBAIXADORES GE CRISTO,PROTESTANTE/EVANGÉLICA GENÉRICA,Protestante/Evangélica
1800,310620060660221P,-19.837735,-43.929492,IGREJA ENCONTRO DE ORACAO,PROTESTANTE/EVANGÉLICA GENÉRICA,Protestante/Evangélica
1801,310620005680309P,-19.898208,-43.991265,IGREJA ENVAGELICA,PROTESTANTE/EVANGÉLICA GENÉRICA,Protestante/Evangélica
1802,310620060640343P,-19.830282,-43.890212,IGREJA ENVAGELICA SEARA DO BRASIL,PROTESTANTE/EVANGÉLICA GENÉRICA,Protestante/Evangélica
1803,310620025610185P,-19.97174,-43.993543,IGREJA ENVANGELHO QUANDRAGULAR,PROTESTANTE/EVANGÉLICA GENÉRICA,Protestante/Evangélica
1804,310620005680309P,-19.898201,-43.991236,IGREJA ENVANGELICA,PROTESTANTE/EVANGÉLICA GENÉRICA,Protestante/Evangélica
1805,310620060690326P,-19.804102,-43.975519,IGREJA ENVANGELICA CONGREGACIONAL,PROTESTANTE/EVANGÉLICA GENÉRICA,Protestante/Evangélica
1806,310620060690015P,-19.804059,-43.971906,IGREJA ENVANGELICA LOUVORES SO REI,PROTESTANTE/EVANGÉLICA GENÉRICA,Protestante/Evangélica
1807,310620005650212P,-19.918805,-44.008344,IGREJA ENVANGELICA PENTECOSTAL DOS ULTIMOS DIAS,PENTECOSTAL CLÁSSICA,Protestante/Evangélica
1808,310620025610245P,-19.956278,-44.009566,IGREJA EPISCOPAL ANGLICANA,PROTESTANTE HISTÓRICA,Protestante/Evangélica
1809,310620025610114P,-19.995418,-43.997473,IGREJA EQUIPE DE EVANGELIZACAO,PROTESTANTE/EVANGÉLICA GENÉRICA,Protestante/Evangélica
1810,310620005650574P,-19.922006,-43.977501,IGREJA ESPERANCA,PROTESTANTE/EVANGÉLICA GENÉRICA,Protestante/Evangélica
1811,310620060690516P,-19.809123,-43.962945,IGREJA ETERNO REI JESUS,PROTESTANTE/EVANGÉLICA GENÉRICA,Protestante/Evangélica
1812,310620005670802P,-19.958003,-44.001675,IGREJA EV ASSEMB DE DEUS MISSAO PRO VILAS,CATÓLICA,Católica
1813,310620060690475P,-19.806261,-43.983691,IGREJA EV GRACA DIVINA,PROTESTANTE/EVANGÉLICA GENÉRICA,Protestante/Evangélica
1814,310620005630254P,-19.915711,-43.882898,IGREJA EV PENTECOSTAL DO DEUS VIVO,PENTECOSTAL CLÁSSICA,Protestante/Evangélica
1815,310620060640216P,-19.869291,-43.910401,IGREJA EVABGEKICA PALAVRA E MANDAMENTO,PROTESTANTE/EVANGÉLICA GENÉRICA,Protestante/Evangélica
1816,310620060640321P,-19.851593,-43.9159,IGREJA EVAGELICA,PROTESTANTE/EVANGÉLICA GENÉRICA,Protestante/Evangélica
1817,310620060660187P,-19.818929,-43.902315,IGREJA EVAGELICA,PROTESTANTE/EVANGÉLICA GENÉRICA,Protestante/Evangélica
1818,310620060640105P,-19.854624,-43.915939,IGREJA EVAGELICA,PROTESTANTE/EVANGÉLICA GENÉRICA,Protestante/Evangélica
1819,310620005630087P,-19.901092,-43.891425,IGREJA EVAGELICA,PROTESTANTE/EVANGÉLICA GENÉRICA,Protestante/Evangélica
1820,310620005650673P,-19.910417,-44.022313,IGREJA EVAN ASSEMBLEIA DE DEUS,PENTECOSTAL CLÁSSICA,Protestante/Evangélica
1821,310620025610058P,-20.000135,-44.005637,IGREJA EVANELICA OLARIA DE DEUS,PROTESTANTE/EVANGÉLICA GENÉRICA,Protestante/Evangélica
1822,310620025610242P,-19.957341,-44.012221,IGREJA EVANG,PROTESTANTE/EVANGÉLICA GENÉRICA,Protestante/Evangélica
1823,310620005650696P,-19.889374,-43.970165,IGREJA EVANG ARREBENTADOS PENTECOSTES,PROTESTANTE/EVANGÉLICA GENÉRICA,Protestante/Evangélica
1824,310620060640252P,-19.835533,-43.905145,IGREJA EVANG DEUS E AMOR,PENTECOSTAL CLÁSSICA,Protestante/Evangélica
1825,310620060640052P,-19.834829,-43.903549,IGREJA EVANG EBENEZER,PROTESTANTE/EVANGÉLICA GENÉRICA,Protestante/Evangélica
1826,310620025610153P,-19.986974,-44.003093,IGREJA EVANG MISSIONARIOS DE CRISTO,PROTESTANTE/EVANGÉLICA GENÉRICA,Protestante/Evangélica
1827,310620005670634P,-19.93066,-43.970987,IGREJA EVANG NAZARENO,PROTESTANTE/EVANGÉLICA GENÉRICA,Protestante/Evangélica
1828,310620005640115P,-19.873566,-43.947103,IGREJA EVANG ORACAO PARA TODOS OS POVOS,PROTESTANTE/EVANGÉLICA GENÉRICA,Protestante/Evangélica
1829,310620060660083P,-19.843138,-43.914552,IGREJA EVANG QUADRANGULAR,PENTECOSTAL CLÁSSICA,Protestante/Evangélica
1830,310620005650609P,-19.905245,-44.023548,IGREJA EVANG QUADRANGULAR,PENTECOSTAL CLÁSSICA,Protestante/Evangélica
1831,310620060660147P,-19.833021,-43.949021,IGREJA EVANG QUADRANGULAR,PENTECOSTAL CLÁSSICA,Protestante/Evangélica
1832,310620060640029P,-19.855255,-43.898897,IGREJA EVANGEHO SANTO TEMPLO,CATÓLICA,Católica
1833,310620060690099P,-19.807223,-43.997831,IGREJA EVANGELA CONGREGACIONAL,PROTESTANTE/EVANGÉLICA GENÉRICA,Protestante/Evangélica
1834,310620025610649P,-19.996185,-43.980778,IGREJA EVANGELAGICA VISAO MUNDIAL,NEOPENTECOSTAL,Protestante/Evangélica
1835,310620060640321P,-19.851735,-43.914806,IGREJA EVANGELCA,PROTESTANTE/EVANGÉLICA GENÉRICA,Protestante/Evangélica
1836,310620060690388P,-19.787913,-43.978777,IGREJA EVANGELCA,PROTESTANTE/EVANGÉLICA GENÉRICA,Protestante/Evangélica
1837,310620060690535P,-19.799178,-43.952719,IGREJA EVANGELH0 QUADRANGULAR,PENTECOSTAL CLÁSSICA,Protestante/Evangélica
1838,310620060660016P,-19.828931999999998,-43.92672,IGREJA EVANGELHO,PROTESTANTE/EVANGÉLICA GENÉRICA,Protestante/Evangélica
1839,310620060660147P,-19.832981,-43.949004,IGREJA EVANGELHO QUADRANGULAR,PENTECOSTAL CLÁSSICA,Protestante/Evangélica
1840,310620025610549P,-20.006892,-44.012932,IGREJA EVANGELHO QUADRANGULAR,PENTECOSTAL CLÁSSICA,Protestante/Evangélica
1841,310620005650227P,-19.917252,-44.020444,IGREJA EVANGELHO QUADRANGULAR,PENTECOSTAL CLÁSSICA,Protestante/Evangélica
1842,310620005680508P,-19.882385,-44.011122,IGREJA EVANGELHO QUADRANGULAR,PENTECOSTAL CLÁSSICA,Protestante/Evangélica
1843,310620005680058P,-19.867549,-43.948599,IGREJA EVANGELHO QUADRANGULAR,PENTECOSTAL CLÁSSICA,Protestante/Evangélica
1844,310620005640273P,-19.878915,-43.946651,IGREJA EVANGELHO QUADRANGULAR,PENTECOSTAL CLÁSSICA,Protestante/Evangélica
1845,310620060640221P,-19.861537,-43.886183,IGREJA EVANGELHO QUADRANGULAR,PENTECOSTAL CLÁSSICA,Protestante/Evangélica
1846,310620025610220P,-19.955875,-44.006325,IGREJA EVANGELHO QUADRANGULAR,PENTECOSTAL CLÁSSICA,Protestante/Evangélica
1847,310620005630082P,-19.89391,-43.90504,IGREJA EVANGELHO QUADRANGULAR,PENTECOSTAL CLÁSSICA,Protestante/Evangélica
1848,310620025610083P,-20.005955,-44.035255,IGREJA EVANGELHO QUADRANGULAR,PENTECOSTAL CLÁSSICA,Protestante/Evangélica
1849,310620060660286P,-19.801144,-43.937527,IGREJA EVANGELHO QUADRANGULAR,PENTECOSTAL CLÁSSICA,Protestante/Evangélica
1850,310620025610420P,-19.978631,-43.992853,IGREJA EVANGELHO QUADRANGULAR,PENTECOSTAL CLÁSSICA,Protestante/Evangélica
1851,310620005630372P,-19.916804,-43.892347,IGREJA EVANGELHO QUADRANGULAR,PENTECOSTAL CLÁSSICA,Protestante/Evangélica
1852,310620005630082P,-19.894127,-43.905767,IGREJA EVANGELHO QUADRANGULAR,PENTECOSTAL CLÁSSICA,Protestante/Evangélica
1853,310620060690200P,-19.782684,-43.983406,IGREJA EVANGELHO QUADRANGULR,PROTESTANTE/EVANGÉLICA GENÉRICA,Protestante/Evangélica
1854,310620005680125P,-19.869554,-43.947304,IGREJA EVANGELIA ASSMBLEIA DE DEUS,PROTESTANTE/EVANGÉLICA GENÉRICA,Protestante/Evangélica
1855,310620060640195P,-19.852842,-43.913716,IGREJA EVANGELICA,PROTESTANTE/EVANGÉLICA GENÉRICA,Protestante/Evangélica
1856,310620025610005P,-20.00113,-44.012235,IGREJA EVANGELICA,PROTESTANTE/EVANGÉLICA GENÉRICA,Protestante/Evangélica
1857,310620005670268P,-19.92154,-43.96811,IGREJA EVANGELICA,PROTESTANTE/EVANGÉLICA GENÉRICA,Protestante/Evangélica
1858,310620060640055P,-19.834129,-43.902495,IGREJA EVANGELICA,PROTESTANTE/EVANGÉLICA GENÉRICA,Protestante/Evangélica
1859,310620025610222P,-19.973901,-43.99406,IGREJA EVANGELICA,PROTESTANTE/EVANGÉLICA GENÉRICA,Protestante/Evangélica
1860,310620025610119P,-19.998192,-43.971872,IGREJA EVANGELICA,PROTESTANTE/EVANGÉLICA GENÉRICA,Protestante/Evangélica
1861,310620005670119P,-19.952113,-43.995127,IGREJA EVANGELICA,PROTESTANTE/EVANGÉLICA GENÉRICA,Protestante/Evangélica
1862,310620060640235P,-19.847248,-43.90715,IGREJA EVANGELICA,PROTESTANTE/EVANGÉLICA GENÉRICA,Protestante/Evangélica
1863,310620025610568P,-19.983504,-43.99499,IGREJA EVANGELICA,PROTESTANTE/EVANGÉLICA GENÉRICA,Protestante/Evangélica
1864,310620060690159P,-19.831236,-43.983011,IGREJA EVANGELICA,PROTESTANTE/EVANGÉLICA GENÉRICA,Protestante/Evangélica
1865,310620060660362P,-19.839046,-43.909297,IGREJA EVANGELICA,PROTESTANTE/EVANGÉLICA GENÉRICA,Protestante/Evangélica
1866,310620060660174P,-19.803484,-43.94785,IGREJA EVANGELICA,PROTESTANTE/EVANGÉLICA GENÉRICA,Protestante/Evangélica
1867,310620060660077P,-19.840567,-43.909057,IGREJA EVANGELICA,PROTESTANTE/EVANGÉLICA GENÉRICA,Protestante/Evangélica
1868,310620005650150P,-19.900948,-43.953735,IGREJA EVANGELICA,PROTESTANTE/EVANGÉLICA GENÉRICA,Protestante/Evangélica
1869,310620005670091P,-19.948897,-43.970842,IGREJA EVANGELICA,PROTESTANTE/EVANGÉLICA GENÉRICA,Protestante/Evangélica
1870,310620060660335P,-19.822687,-43.932346,IGREJA EVANGELICA,PROTESTANTE/EVANGÉLICA GENÉRICA,Protestante/Evangélica
1871,310620025610260P,-19.97834,-44.050232,IGREJA EVANGELICA,PROTESTANTE/EVANGÉLICA GENÉRICA,Protestante/Evangélica
1872,310620005670117P,-19.954668,-43.999553,IGREJA EVANGELICA,PROTESTANTE/EVANGÉLICA GENÉRICA,Protestante/Evangélica
1873,310620005670212P,-19.947057,-43.968788,IGREJA EVANGELICA,PROTESTANTE/EVANGÉLICA GENÉRICA,Protestante/Evangélica
1874,310620025610537P,-19.986594,-43.993046,IGREJA EVANGELICA,PROTESTANTE/EVANGÉLICA GENÉRICA,Protestante/Evangélica
1875,310620005650627P,-19.902776,-43.951004,IGREJA EVANGELICA,PROTESTANTE/EVANGÉLICA GENÉRICA,Protestante/Evangélica
1876,310620005670325P,-19.95003,-43.976163,IGREJA EVANGELICA,PROTESTANTE/EVANGÉLICA GENÉRICA,Protestante/Evangélica
1877,310620060660175P,-19.800252,-43.943553,IGREJA EVANGELICA,PROTESTANTE/EVANGÉLICA GENÉRICA,Protestante/Evangélica
1878,310620060660175P,-19.801125,-43.944034,IGREJA EVANGELICA,PROTESTANTE/EVANGÉLICA GENÉRICA,Protestante/Evangélica
1879,310620060640106P,-19.825872,-43.903925,IGREJA EVANGELICA,PROTESTANTE/EVANGÉLICA GENÉRICA,Protestante/Evangélica
1880,310620005670337P,-19.967575,-43.978369,IGREJA EVANGELICA,PROTESTANTE/EVANGÉLICA GENÉRICA,Protestante/Evangélica
1881,310620005670739P,-19.953585,-43.971154,IGREJA EVANGELICA,PROTESTANTE/EVANGÉLICA GENÉRICA,Protestante/Evangélica
1882,310620025610433P,-19.997517,-44.024739,IGREJA EVANGELICA,PROTESTANTE/EVANGÉLICA GENÉRICA,Protestante/Evangélica
1883,310620060690368P,-19.804872,-43.953948,IGREJA EVANGELICA,PROTESTANTE/EVANGÉLICA GENÉRICA,Protestante/Evangélica
1884,310620060660274P,-19.841119,-43.906349,IGREJA EVANGELICA,PROTESTANTE/EVANGÉLICA GENÉRICA,Protestante/Evangélica
1885,310620005650079P,-19.913712,-43.97673,IGREJA EVANGELICA,PROTESTANTE/EVANGÉLICA GENÉRICA,Protestante/Evangélica
1886,310620005650380P,-19.91351,-43.947655,IGREJA EVANGELICA,PROTESTANTE/EVANGÉLICA GENÉRICA,Protestante/Evangélica
1887,310620005650690P,-19.919647,-44.007345,IGREJA EVANGELICA,PROTESTANTE/EVANGÉLICA GENÉRICA,Protestante/Evangélica
1888,310620005670075P,-19.953149,-43.997269,IGREJA EVANGELICA,PROTESTANTE/EVANGÉLICA GENÉRICA,Protestante/Evangélica
1889,310620005630063P,-19.917827,-43.908882,IGREJA EVANGELICA,PROTESTANTE/EVANGÉLICA GENÉRICA,Protestante/Evangélica
1890,310620060640321P,-19.851621,-43.915853,IGREJA EVANGELICA,PROTESTANTE/EVANGÉLICA GENÉRICA,Protestante/Evangélica
1891,310620025610299P,-19.998742,-44.032294,IGREJA EVANGELICA,PROTESTANTE/EVANGÉLICA GENÉRICA,Protestante/Evangélica
1892,310620005670337P,-19.967874,-43.979668,IGREJA EVANGELICA,PROTESTANTE/EVANGÉLICA GENÉRICA,Protestante/Evangélica
1893,310620005670442P,-19.954555,-44.000632,IGREJA EVANGELICA,PROTESTANTE/EVANGÉLICA GENÉRICA,Protestante/Evangélica
1894,310620025610609P,-19.992188,-43.98915,IGREJA EVANGELICA,PROTESTANTE/EVANGÉLICA GENÉRICA,Protestante/Evangélica
1895,310620025610609P,-19.99288,-43.990847,IGREJA EVANGELICA,PROTESTANTE/EVANGÉLICA GENÉRICA,Protestante/Evangélica
1896,310620005670443P,-19.953695,-44.003563,IGREJA EVANGELICA,PROTESTANTE/EVANGÉLICA GENÉRICA,Protestante/Evangélica
1897,310620005670191P,-19.946792,-44.001621,IGREJA EVANGELICA,PROTESTANTE/EVANGÉLICA GENÉRICA,Protestante/Evangélica
1898,310620060660076P,-19.842112,-43.904553,IGREJA EVANGELICA,PROTESTANTE/EVANGÉLICA GENÉRICA,Protestante/Evangélica
1899,310620005620511P,-19.931001,-43.909751,IGREJA EVANGELICA,PROTESTANTE/EVANGÉLICA GENÉRICA,Protestante/Evangélica
1900,310620025610399P,-19.98849,-44.045817,IGREJA EVANGELICA,PROTESTANTE/EVANGÉLICA GENÉRICA,Protestante/Evangélica
1901,310620025610532P,-20.008435,-44.00968,IGREJA EVANGELICA,PROTESTANTE/EVANGÉLICA GENÉRICA,Protestante/Evangélica
1902,310620005630126P,-19.898659,-43.889419,IGREJA EVANGELICA,PROTESTANTE/EVANGÉLICA GENÉRICA,Protestante/Evangélica
1903,310620060660187P,-19.821025,-43.903031,IGREJA EVANGELICA,PROTESTANTE/EVANGÉLICA GENÉRICA,Protestante/Evangélica
1904,310620005650223P,-19.914998,-44.02433,IGREJA EVANGELICA,PROTESTANTE/EVANGÉLICA GENÉRICA,Protestante/Evangélica
1905,310620005670431P,-19.953377,-43.963669,IGREJA EVANGELICA,PROTESTANTE/EVANGÉLICA GENÉRICA,Protestante/Evangélica
1906,310620005650335P,-19.884682,-43.952187,IGREJA EVANGELICA,PROTESTANTE/EVANGÉLICA GENÉRICA,Protestante/Evangélica
1907,310620060690015P,-19.806354,-43.971232,IGREJA EVANGELICA,PROTESTANTE/EVANGÉLICA GENÉRICA,Protestante/Evangélica
1908,310620060660072P,-19.834011,-43.913816,IGREJA EVANGELICA,PROTESTANTE/EVANGÉLICA GENÉRICA,Protestante/Evangélica
1909,310620060660184P,-19.799972,-43.925663,IGREJA EVANGELICA,PROTESTANTE/EVANGÉLICA GENÉRICA,Protestante/Evangélica
1910,310620060660020P,-19.837708,-43.92416,IGREJA EVANGELICA,PROTESTANTE/EVANGÉLICA GENÉRICA,Protestante/Evangélica
1911,310620060640291P,-19.830536,-43.893984,IGREJA EVANGELICA,PROTESTANTE/EVANGÉLICA GENÉRICA,Protestante/Evangélica
1912,310620025610077P,-20.013134,-44.038188,IGREJA EVANGELICA,PROTESTANTE/EVANGÉLICA GENÉRICA,Protestante/Evangélica
1913,310620005670349P,-19.963886,-43.97564,IGREJA EVANGELICA,PROTESTANTE/EVANGÉLICA GENÉRICA,Protestante/Evangélica
1914,310620060660045P,-19.837602,-43.921678,IGREJA EVANGELICA,PROTESTANTE/EVANGÉLICA GENÉRICA,Protestante/Evangélica
1915,310620060660058P,-19.834045,-43.944047,IGREJA EVANGELICA,PROTESTANTE/EVANGÉLICA GENÉRICA,Protestante/Evangélica
1916,310620025610063P,-20.008179,-44.006925,IGREJA EVANGELICA,PROTESTANTE/EVANGÉLICA GENÉRICA,Protestante/Evangélica
1917,310620060690472P,-19.811875,-43.984634,IGREJA EVANGELICA,PROTESTANTE/EVANGÉLICA GENÉRICA,Protestante/Evangélica
1918,310620060640058P,-19.863206,-43.896165,IGREJA EVANGELICA,PROTESTANTE/EVANGÉLICA GENÉRICA,Protestante/Evangélica
1919,310620060690015P,-19.805788,-43.972132,IGREJA EVANGELICA,PROTESTANTE/EVANGÉLICA GENÉRICA,Protestante/Evangélica
1920,310620005630148P,-19.898934,-43.923108,IGREJA EVANGELICA,PROTESTANTE/EVANGÉLICA GENÉRICA,Protestante/Evangélica
1921,310620005650680P,-19.902606,-43.973834,IGREJA EVANGELICA,PROTESTANTE/EVANGÉLICA GENÉRICA,Protestante/Evangélica
1922,310620025610133P,-19.995105,-44.050356,IGREJA EVANGELICA,PROTESTANTE/EVANGÉLICA GENÉRICA,Protestante/Evangélica
1923,310620025610006P,-20.003493,-44.011547,IGREJA EVANGELICA,PROTESTANTE/EVANGÉLICA GENÉRICA,Protestante/Evangélica
1924,310620005630362P,-19.89848,-43.892321,IGREJA EVANGELICA,PROTESTANTE/EVANGÉLICA GENÉRICA,Protestante/Evangélica
1925,310620060640033P,-19.837764,-43.899922,IGREJA EVANGELICA,PROTESTANTE/EVANGÉLICA GENÉRICA,Protestante/Evangélica
1926,310620005640162P,-19.874266,-43.912552,IGREJA EVANGELICA,PROTESTANTE/EVANGÉLICA GENÉRICA,Protestante/Evangélica
1927,310620005670445P,-19.952026,-44.003358,IGREJA EVANGELICA,PROTESTANTE/EVANGÉLICA GENÉRICA,Protestante/Evangélica
1928,310620005670062P,-19.964917,-43.981312,IGREJA EVANGELICA,PROTESTANTE/EVANGÉLICA GENÉRICA,Protestante/Evangélica
1929,310620025610271P,-19.996205,-44.016832,IGREJA EVANGELICA,PROTESTANTE/EVANGÉLICA GENÉRICA,Protestante/Evangélica
1930,310620005670133P,-19.950722,-43.997548,IGREJA EVANGELICA,PROTESTANTE/EVANGÉLICA GENÉRICA,Protestante/Evangélica
1931,310620060660077P,-19.839805,-43.907903,IGREJA EVANGELICA,PROTESTANTE/EVANGÉLICA GENÉRICA,Protestante/Evangélica
1932,310620025610499P,-19.996105,-44.001329,IGREJA EVANGELICA,PROTESTANTE/EVANGÉLICA GENÉRICA,Protestante/Evangélica
1933,310620060640155P,-19.86099,-43.896088,IGREJA EVANGELICA,PROTESTANTE/EVANGÉLICA GENÉRICA,Protestante/Evangélica
1934,310620060660273P,-19.83986,-43.9075,IGREJA EVANGELICA,PROTESTANTE/EVANGÉLICA GENÉRICA,Protestante/Evangélica
1935,310620005670789P,-19.976983,-43.985526,IGREJA EVANGELICA,PROTESTANTE/EVANGÉLICA GENÉRICA,Protestante/Evangélica
1936,310620060660102P,-19.856165,-43.924949,IGREJA EVANGELICA,PROTESTANTE/EVANGÉLICA GENÉRICA,Protestante/Evangélica
1937,310620005650559P,-19.898687,-43.953014,IGREJA EVANGELICA,PROTESTANTE/EVANGÉLICA GENÉRICA,Protestante/Evangélica
1938,310620025610335P,-20.015562,-44.022326,IGREJA EVANGELICA,PROTESTANTE/EVANGÉLICA GENÉRICA,Protestante/Evangélica
1939,310620005670200P,-19.942282,-44.005034,IGREJA EVANGELICA,PROTESTANTE/EVANGÉLICA GENÉRICA,Protestante/Evangélica
1940,310620060660080P,-19.839422,-43.917198,IGREJA EVANGELICA,PROTESTANTE/EVANGÉLICA GENÉRICA,Protestante/Evangélica
1941,310620005680501P,-19.867695,-44.003182,IGREJA EVANGELICA,PROTESTANTE/EVANGÉLICA GENÉRICA,Protestante/Evangélica
1942,310620005650448P,-19.919547,-43.983915,IGREJA EVANGELICA,PROTESTANTE/EVANGÉLICA GENÉRICA,Protestante/Evangélica
1943,310620060690407P,-19.809598,-43.986883,IGREJA EVANGELICA,PROTESTANTE/EVANGÉLICA GENÉRICA,Protestante/Evangélica
1944,310620005650236P,-19.905457,-44.017767,IGREJA EVANGELICA,PROTESTANTE/EVANGÉLICA GENÉRICA,Protestante/Evangélica
1945,310620060640191P,-19.868675,-43.898903,IGREJA EVANGELICA,PROTESTANTE/EVANGÉLICA GENÉRICA,Protestante/Evangélica
1946,310620005670444P,-19.951256,-44.003028,IGREJA EVANGELICA,PROTESTANTE/EVANGÉLICA GENÉRICA,Protestante/Evangélica
1947,310620005670444P,-19.950379,-44.002692,IGREJA EVANGELICA,PROTESTANTE/EVANGÉLICA GENÉRICA,Protestante/Evangélica
1948,310620025610614P,-19.983982,-43.981655,IGREJA EVANGELICA,PROTESTANTE/EVANGÉLICA GENÉRICA,Protestante/Evangélica
1949,310620060660063P,-19.81352,-43.937412,IGREJA EVANGELICA,PROTESTANTE/EVANGÉLICA GENÉRICA,Protestante/Evangélica
1950,310620060660077P,-19.840345,-43.908412,IGREJA EVANGELICA,PROTESTANTE/EVANGÉLICA GENÉRICA,Protestante/Evangélica
1951,310620060660077P,-19.840547,-43.908397,IGREJA EVANGELICA,PROTESTANTE/EVANGÉLICA GENÉRICA,Protestante/Evangélica
1952,310620060690182P,-19.820926,-43.999487,IGREJA EVANGELICA,PROTESTANTE/EVANGÉLICA GENÉRICA,Protestante/Evangélica
1953,310620005640137P,-19.904108,-43.939161,IGREJA EVANGELICA,PROTESTANTE/EVANGÉLICA GENÉRICA,Protestante/Evangélica
1954,310620005630160P,-19.894518,-43.89126,IGREJA EVANGELICA,PROTESTANTE/EVANGÉLICA GENÉRICA,Protestante/Evangélica
1955,310620060690212P,-19.79439,-43.964968,IGREJA EVANGELICA,PROTESTANTE/EVANGÉLICA GENÉRICA,Protestante/Evangélica
1956,310620060660191P,-19.815278,-43.890879,IGREJA EVANGELICA,PROTESTANTE/EVANGÉLICA GENÉRICA,Protestante/Evangélica
1957,310620060640073P,-19.832104,-43.889159,IGREJA EVANGELICA,PROTESTANTE/EVANGÉLICA GENÉRICA,Protestante/Evangélica
1958,310620025610171P,-19.978952,-44.030973,IGREJA EVANGELICA,PROTESTANTE/EVANGÉLICA GENÉRICA,Protestante/Evangélica
1959,310620005640039P,-19.879475,-43.938327,IGREJA EVANGELICA,PROTESTANTE/EVANGÉLICA GENÉRICA,Protestante/Evangélica
1960,310620005680109P,-19.862035,-43.949413,IGREJA EVANGELICA,PROTESTANTE/EVANGÉLICA GENÉRICA,Protestante/Evangélica
1961,310620005680109P,-19.861942,-43.949428,IGREJA EVANGELICA,PROTESTANTE/EVANGÉLICA GENÉRICA,Protestante/Evangélica
1962,310620025610131P,-20.021034,-44.029863,IGREJA EVANGELICA,PROTESTANTE/EVANGÉLICA GENÉRICA,Protestante/Evangélica
1963,310620005630087P,-19.900537,-43.890488,IGREJA EVANGELICA,PROTESTANTE/EVANGÉLICA GENÉRICA,Protestante/Evangélica
1964,310620005670562P,-19.94431,-43.971702,IGREJA EVANGELICA,PROTESTANTE/EVANGÉLICA GENÉRICA,Protestante/Evangélica
1965,310620060660275P,-19.838767,-43.90755,IGREJA EVANGELICA,PROTESTANTE/EVANGÉLICA GENÉRICA,Protestante/Evangélica
1966,310620005670123P,-19.95253,-43.998205,IGREJA EVANGELICA,PROTESTANTE/EVANGÉLICA GENÉRICA,Protestante/Evangélica
1967,310620025610490P,-20.009149,-44.029894,IGREJA EVANGELICA,PROTESTANTE/EVANGÉLICA GENÉRICA,Protestante/Evangélica
1968,310620025610073P,-20.017946,-44.032481,IGREJA EVANGELICA,PROTESTANTE/EVANGÉLICA GENÉRICA,Protestante/Evangélica
1969,310620025610242P,-19.956913,-44.012318,IGREJA EVANGELICA,PROTESTANTE/EVANGÉLICA GENÉRICA,Protestante/Evangélica
1970,310620060660160P,-19.82224,-43.94909,IGREJA EVANGELICA,PROTESTANTE/EVANGÉLICA GENÉRICA,Protestante/Evangélica
1971,310620005650316P,-19.890886,-43.963795,IGREJA EVANGELICA,PROTESTANTE/EVANGÉLICA GENÉRICA,Protestante/Evangélica
1972,310620005650225P,-19.917981,-44.024216,IGREJA EVANGELICA,PROTESTANTE/EVANGÉLICA GENÉRICA,Protestante/Evangélica
1973,310620060640339P,-19.82842,-43.889371,IGREJA EVANGELICA,PROTESTANTE/EVANGÉLICA GENÉRICA,Protestante/Evangélica
1974,310620005670153P,-19.935288,-43.984124,IGREJA EVANGELICA,PROTESTANTE/EVANGÉLICA GENÉRICA,Protestante/Evangélica
1975,310620005620565P,-19.933917,-43.917738,IGREJA EVANGELICA,PROTESTANTE/EVANGÉLICA GENÉRICA,Protestante/Evangélica
1976,310620025610131P,-20.019743,-44.029515,IGREJA EVANGELICA,PROTESTANTE/EVANGÉLICA GENÉRICA,Protestante/Evangélica
1977,310620025610230P,-19.989174,-43.99689,IGREJA EVANGELICA,PROTESTANTE/EVANGÉLICA GENÉRICA,Protestante/Evangélica
1978,310620005650553P,-19.886875,-43.957954,IGREJA EVANGELICA,PROTESTANTE/EVANGÉLICA GENÉRICA,Protestante/Evangélica
1979,310620005670200P,-19.941287,-44.002577,IGREJA EVANGELICA,PROTESTANTE/EVANGÉLICA GENÉRICA,Protestante/Evangélica
1980,310620005670200P,-19.941956,-44.003073,IGREJA EVANGELICA,PROTESTANTE/EVANGÉLICA GENÉRICA,Protestante/Evangélica
1981,310620060640262P,-19.849874,-43.91053,IGREJA EVANGELICA,PROTESTANTE/EVANGÉLICA GENÉRICA,Protestante/Evangélica
1982,310620005670217P,-19.948859,-44.007085,IGREJA EVANGELICA,PROTESTANTE/EVANGÉLICA GENÉRICA,Protestante/Evangélica
1983,310620060690420P,-19.820457,-43.969074,IGREJA EVANGELICA,PROTESTANTE/EVANGÉLICA GENÉRICA,Protestante/Evangélica
1984,310620005670340P,-19.950378,-43.990453,IGREJA EVANGELICA,PROTESTANTE/EVANGÉLICA GENÉRICA,Protestante/Evangélica
1985,310620060690309P,-19.819542,-43.992134,IGREJA EVANGELICA,PROTESTANTE/EVANGÉLICA GENÉRICA,Protestante/Evangélica
1986,310620025610037P,-20.008148,-44.020093,IGREJA EVANGELICA,PROTESTANTE/EVANGÉLICA GENÉRICA,Protestante/Evangélica
1987,310620025610095P,-19.998503,-44.047888,IGREJA EVANGELICA,PROTESTANTE/EVANGÉLICA GENÉRICA,Protestante/Evangélica
1988,310620005650079P,-19.914958,-43.97725,IGREJA EVANGELICA,PROTESTANTE/EVANGÉLICA GENÉRICA,Protestante/Evangélica
1989,310620005670200P,-19.939616,-44.002681,IGREJA EVANGELICA,PROTESTANTE/EVANGÉLICA GENÉRICA,Protestante/Evangélica
1990,310620005680309P,-19.896251,-43.990566,IGREJA EVANGELICA,PROTESTANTE/EVANGÉLICA GENÉRICA,Protestante/Evangélica
1991,310620060690163P,-19.833811,-43.989624,IGREJA EVANGELICA,PROTESTANTE/EVANGÉLICA GENÉRICA,Protestante/Evangélica
1992,310620005640252P,-19.893203,-43.930735,IGREJA EVANGELICA,PROTESTANTE/EVANGÉLICA GENÉRICA,Protestante/Evangélica
1993,310620005680264P,-19.873442,-44.017402,IGREJA EVANGELICA,PROTESTANTE/EVANGÉLICA GENÉRICA,Protestante/Evangélica
1994,310620060690428P,-19.818636,-43.992899,IGREJA EVANGELICA,PROTESTANTE/EVANGÉLICA GENÉRICA,Protestante/Evangélica
1995,310620005650032P,-19.922449,-43.999205,IGREJA EVANGELICA,PROTESTANTE/EVANGÉLICA GENÉRICA,Protestante/Evangélica
1996,310620005650583P,-19.914918,-43.997048,IGREJA EVANGELICA,PROTESTANTE/EVANGÉLICA GENÉRICA,Protestante/Evangélica
1997,310620060640322P,-19.848998,-43.916962,IGREJA EVANGELICA,PROTESTANTE/EVANGÉLICA GENÉRICA,Protestante/Evangélica
1998,310620005670637P,-19.933397,-43.969961,IGREJA EVANGELICA,PROTESTANTE/EVANGÉLICA GENÉRICA,Protestante/Evangélica
1999,310620005620727P,-19.951867,-43.94448,IGREJA EVANGELICA,PROTESTANTE/EVANGÉLICA GENÉRICA,Protestante/Evangélica
2000,310620060640321P,-19.850105,-43.916647,IGREJA EVANGELICA,PROTESTANTE/EVANGÉLICA GENÉRICA,Protestante/Evangélica
2001,310620005620126P,-19.943153,-43.908079,IGREJA EVANGELICA,PROTESTANTE/EVANGÉLICA GENÉRICA,Protestante/Evangélica
2002,310620025610385P,-19.980304,-44.044273,IGREJA EVANGELICA,PROTESTANTE/EVANGÉLICA GENÉRICA,Protestante/Evangélica
2003,310620005630154P,-19.88818,-43.902385,IGREJA EVANGELICA,PROTESTANTE/EVANGÉLICA GENÉRICA,Protestante/Evangélica
2004,310620005620117P,-19.936072,-43.910975,IGREJA EVANGELICA,PROTESTANTE/EVANGÉLICA GENÉRICA,Protestante/Evangélica
2005,310620005670049P,-19.952793,-43.972063,IGREJA EVANGELICA,PROTESTANTE/EVANGÉLICA GENÉRICA,Protestante/Evangélica
2006,310620060660076P,-19.842215,-43.906938,IGREJA EVANGELICA,PROTESTANTE/EVANGÉLICA GENÉRICA,Protestante/Evangélica
2007,310620060640332P,-19.85255,-43.886921,IGREJA EVANGELICA,PROTESTANTE/EVANGÉLICA GENÉRICA,Protestante/Evangélica
2008,310620005630160P,-19.894432,-43.893191,IGREJA EVANGELICA,PROTESTANTE/EVANGÉLICA GENÉRICA,Protestante/Evangélica
2009,310620005620293P,-19.955018,-43.943816,IGREJA EVANGELICA,PROTESTANTE/EVANGÉLICA GENÉRICA,Protestante/Evangélica
2010,310620005670548P,-19.949924,-43.989638,IGREJA EVANGELICA,PROTESTANTE/EVANGÉLICA GENÉRICA,Protestante/Evangélica
2011,310620005620512P,-19.93033,-43.909008,IGREJA EVANGELICA,PROTESTANTE/EVANGÉLICA GENÉRICA,Protestante/Evangélica
2012,310620005650057P,-19.902049,-43.981867,IGREJA EVANGELICA,PROTESTANTE/EVANGÉLICA GENÉRICA,Protestante/Evangélica
2013,310620025610242P,-19.956615,-44.011998,IGREJA EVANGELICA,PROTESTANTE/EVANGÉLICA GENÉRICA,Protestante/Evangélica
2014,310620025610250P,-19.984053,-43.993138,IGREJA EVANGELICA,PROTESTANTE/EVANGÉLICA GENÉRICA,Protestante/Evangélica
2015,310620005670548P,-19.948583,-43.989302,IGREJA EVANGELICA,PROTESTANTE/EVANGÉLICA GENÉRICA,Protestante/Evangélica
2016,310620060640097P,-19.865641,-43.913385,IGREJA EVANGELICA,PROTESTANTE/EVANGÉLICA GENÉRICA,Protestante/Evangélica
2017,310620005650337P,-19.889282,-43.952896,IGREJA EVANGELICA,PROTESTANTE/EVANGÉLICA GENÉRICA,Protestante/Evangélica
2018,310620005670816P,-19.945194,-43.993714,IGREJA EVANGELICA,PROTESTANTE/EVANGÉLICA GENÉRICA,Protestante/Evangélica
2019,310620025610498P,-19.993692,-44.000328,IGREJA EVANGELICA,PROTESTANTE/EVANGÉLICA GENÉRICA,Protestante/Evangélica
2020,310620005690004P,-19.833565,-43.99413,IGREJA EVANGELICA,PROTESTANTE/EVANGÉLICA GENÉRICA,Protestante/Evangélica
2021,310620005650036P,-19.916076,-43.997413,IGREJA EVANGELICA,PROTESTANTE/EVANGÉLICA GENÉRICA,Protestante/Evangélica
2022,310620060660033P,-19.822714,-43.93242,IGREJA EVANGELICA,PROTESTANTE/EVANGÉLICA GENÉRICA,Protestante/Evangélica
2023,310620060690105P,-19.799635,-43.99061,IGREJA EVANGELICA,PROTESTANTE/EVANGÉLICA GENÉRICA,Protestante/Evangélica
2024,310620005650312P,-19.8975,-43.979649,IGREJA EVANGELICA,PROTESTANTE/EVANGÉLICA GENÉRICA,Protestante/Evangélica
2025,310620005630053P,-19.901592,-43.889331,IGREJA EVANGELICA,PROTESTANTE/EVANGÉLICA GENÉRICA,Protestante/Evangélica
2026,310620005680302P,-19.901176,-43.996575,IGREJA EVANGELICA,PROTESTANTE/EVANGÉLICA GENÉRICA,Protestante/Evangélica
2027,310620005670408P,-19.944852,-43.992295,IGREJA EVANGELICA,PROTESTANTE/EVANGÉLICA GENÉRICA,Protestante/Evangélica
2028,310620005630063P,-19.917639,-43.909082,IGREJA EVANGELICA,PROTESTANTE/EVANGÉLICA GENÉRICA,Protestante/Evangélica
2029,310620025610474P,-19.992603,-44.039595,IGREJA EVANGELICA,PROTESTANTE/EVANGÉLICA GENÉRICA,Protestante/Evangélica
2030,310620025610055P,-19.991158,-44.010831,IGREJA EVANGELICA,PROTESTANTE/EVANGÉLICA GENÉRICA,Protestante/Evangélica
2031,310620060660362P,-19.839371,-43.90871,IGREJA EVANGELICA,PROTESTANTE/EVANGÉLICA GENÉRICA,Protestante/Evangélica
2032,310620060660049P,-19.843743,-43.928035,IGREJA EVANGELICA,PROTESTANTE/EVANGÉLICA GENÉRICA,Protestante/Evangélica
2033,310620060690064P,-19.816007,-43.968229,IGREJA EVANGELICA,PROTESTANTE/EVANGÉLICA GENÉRICA,Protestante/Evangélica
2034,310620025610439P,-20.014858,-44.020415,IGREJA EVANGELICA,PROTESTANTE/EVANGÉLICA GENÉRICA,Protestante/Evangélica
2035,310620005620727P,-19.95208,-43.944172,IGREJA EVANGELICA,PROTESTANTE/EVANGÉLICA GENÉRICA,Protestante/Evangélica
2036,310620025610400P,-19.985949,-43.987806,IGREJA EVANGELICA,PROTESTANTE/EVANGÉLICA GENÉRICA,Protestante/Evangélica
2037,310620025610466P,-19.990077,-43.998693,IGREJA EVANGELICA,PROTESTANTE/EVANGÉLICA GENÉRICA,Protestante/Evangélica
2038,310620025610119P,-19.996422,-43.971323,IGREJA EVANGELICA,PROTESTANTE/EVANGÉLICA GENÉRICA,Protestante/Evangélica
2039,310620060690045P,-19.805015,-43.992933,IGREJA EVANGELICA,PROTESTANTE/EVANGÉLICA GENÉRICA,Protestante/Evangélica
2040,310620060660067P,-19.831352,-43.914334,IGREJA EVANGELICA,PROTESTANTE/EVANGÉLICA GENÉRICA,Protestante/Evangélica
2041,310620005630253P,-19.906992,-43.88175,IGREJA EVANGELICA,PROTESTANTE/EVANGÉLICA GENÉRICA,Protestante/Evangélica
2042,310620060660103P,-19.858304,-43.925533,IGREJA EVANGELICA,PROTESTANTE/EVANGÉLICA GENÉRICA,Protestante/Evangélica
2043,310620005620119P,-19.93885,-43.909528,IGREJA EVANGELICA,PROTESTANTE/EVANGÉLICA GENÉRICA,Protestante/Evangélica
2044,310620005670075P,-19.953522,-43.995481,IGREJA EVANGELICA,PROTESTANTE/EVANGÉLICA GENÉRICA,Protestante/Evangélica
2045,310620060660208P,-19.806436,-43.940149,IGREJA EVANGELICA,PROTESTANTE/EVANGÉLICA GENÉRICA,Protestante/Evangélica
2046,310620025610403P,-19.998618,-43.969405,IGREJA EVANGELICA,PROTESTANTE/EVANGÉLICA GENÉRICA,Protestante/Evangélica
2047,310620005640162P,-19.874376,-43.912239,IGREJA EVANGELICA,PROTESTANTE/EVANGÉLICA GENÉRICA,Protestante/Evangélica
2048,310620060690200P,-19.785498,-43.982273,IGREJA EVANGELICA,PROTESTANTE/EVANGÉLICA GENÉRICA,Protestante/Evangélica
2049,310620005680372P,-19.845168,-43.971789,IGREJA EVANGELICA 180 GRAUS,PROTESTANTE/EVANGÉLICA GENÉRICA,Protestante/Evangélica
2050,310620060660363P,-19.832722,-43.905568,IGREJA EVANGELICA A ESPERERANCA EM CRISTO,PROTESTANTE/EVANGÉLICA GENÉRICA,Protestante/Evangélica
2051,310620060640169P,-19.854037,-43.884105,IGREJA EVANGELICA A FAMILIA CRISTA,PROTESTANTE/EVANGÉLICA GENÉRICA,Protestante/Evangélica
2052,310620060660005P,-19.838002,-43.93056,IGREJA EVANGELICA ADORACAO E INTIMIDADE,PROTESTANTE/EVANGÉLICA GENÉRICA,Protestante/Evangélica
2053,310620060660252P,-19.832456,-43.922693,IGREJA EVANGELICA ADORACAO E INTIMIDADE,PROTESTANTE/EVANGÉLICA GENÉRICA,Protestante/Evangélica
2054,310620060640229P,-19.849293,-43.906252,IGREJA EVANGELICA ADORAI,PROTESTANTE/EVANGÉLICA GENÉRICA,Protestante/Evangélica
2055,310620005620723P,-19.953383,-43.942577,IGREJA EVANGELICA AGAPE,PROTESTANTE/EVANGÉLICA GENÉRICA,Protestante/Evangélica
2056,310620005640029P,-19.882311,-43.936366,IGREJA EVANGELICA AGUAS TRANQUILAS,PROTESTANTE/EVANGÉLICA GENÉRICA,Protestante/Evangélica
2057,310620005620217P,-19.922377,-43.941259,IGREJA EVANGELICA ALIANCA COM DEUS,PROTESTANTE/EVANGÉLICA GENÉRICA,Protestante/Evangélica
2058,310620060690034P,-19.820377,-43.980725,IGREJA EVANGELICA ALIANCADOS,PROTESTANTE/EVANGÉLICA GENÉRICA,Protestante/Evangélica
2059,310620060640233P,-19.855209,-43.881959,IGREJA EVANGELICA ALVOS PORTAIS,PROTESTANTE/EVANGÉLICA GENÉRICA,Protestante/Evangélica
2060,310620025610330P,-19.995594,-44.050915,IGREJA EVANGELICA AP NOVA VIDA,PROTESTANTE/EVANGÉLICA GENÉRICA,Protestante/Evangélica
2061,310620005630205P,-19.887957,-43.898019,IGREJA EVANGELICA APRISCO DA PAZ,PROTESTANTE/EVANGÉLICA GENÉRICA,Protestante/Evangélica
2062,310620005630130P,-19.91222,-43.890458,IGREJA EVANGELICA ARCO IRIS DE DEUS,PROTESTANTE/EVANGÉLICA GENÉRICA,Protestante/Evangélica
2063,310620005650226P,-19.914916,-44.02536,IGREJA EVANGELICA ASSEMBLEIA DE DEUS,PENTECOSTAL CLÁSSICA,Protestante/Evangélica
2064,310620005620747P,-19.942396,-43.953126,IGREJA EVANGELICA ASSEMBLEIA DE DEUS,PENTECOSTAL CLÁSSICA,Protestante/Evangélica
2065,310620025610531P,-20.007013,-44.02043,IGREJA EVANGELICA ASSEMBLEIA DE DEUS,PENTECOSTAL CLÁSSICA,Protestante/Evangélica
2066,310620025610074P,-20.016038000000002,-44.033748,IGREJA EVANGELICA ASSEMBLEIA DE DEUS,PENTECOSTAL CLÁSSICA,Protestante/Evangélica
2067,310620060660365P,-19.814562,-43.94184,IGREJA EVANGELICA ASSEMBLEIA DE DEUS,PENTECOSTAL CLÁSSICA,Protestante/Evangélica
2068,310620025610027P,-19.996163,-44.013699,IGREJA EVANGELICA ASSEMBLEIA DE DEUS,PENTECOSTAL CLÁSSICA,Protestante/Evangélica
2069,310620060640264P,-19.867924,-43.906778,IGREJA EVANGELICA ASSEMBLEIA DE DEUS,PENTECOSTAL CLÁSSICA,Protestante/Evangélica
2070,310620025610106P,-19.983246,-44.013738,IGREJA EVANGELICA ASSEMBLEIA DE DEUS,PENTECOSTAL CLÁSSICA,Protestante/Evangélica
2071,310620025610412P,-19.971244,-44.017363,IGREJA EVANGELICA ASSEMBLEIA DE DEUS,PENTECOSTAL CLÁSSICA,Protestante/Evangélica
2072,310620005620725P,-19.952196,-43.941064,IGREJA EVANGELICA ASSEMBLEIA DE DEUS,PENTECOSTAL CLÁSSICA,Protestante/Evangélica
2073,310620005620209P,-19.925572,-43.941679,IGREJA EVANGELICA ASSEMBLEIA DE DEUS,PENTECOSTAL CLÁSSICA,Protestante/Evangélica
2074,310620005620120P,-19.937852,-43.907234,IGREJA EVANGELICA ASSEMBLEIA DE DEUS,PENTECOSTAL CLÁSSICA,Protestante/Evangélica
2075,310620005620727P,-19.952217,-43.94414,IGREJA EVANGELICA ASSEMBLEIA DE DEUS,PENTECOSTAL CLÁSSICA,Protestante/Evangélica
2076,310620025610539P,-20.004582,-44.022903,IGREJA EVANGELICA ASSEMBLEIA DE DEUS FAMILIA NOVA UNCAO,PENTECOSTAL CLÁSSICA,Protestante/Evangélica
2077,310620005630006P,-19.903279,-43.900697,IGREJA EVANGELICA ASSEMBLEIA DE DEUS MG,PENTECOSTAL CLÁSSICA,Protestante/Evangélica
2078,310620060640192P,-19.865691,-43.901028,IGREJA EVANGELICA ASSEMBLEIA DEUS,PROTESTANTE/EVANGÉLICA GENÉRICA,Protestante/Evangélica
2079,310620005630012P,-19.911494,-43.906752,IGREJA EVANGELICA ASSEMBLEIA DO SANTOS,CATÓLICA,Católica
2080,310620060690210P,-19.79445,-43.968981,IGREJA EVANGELICA ASSEMLEIA DE DEUS,PROTESTANTE/EVANGÉLICA GENÉRICA,Protestante/Evangélica
2081,310620060680015P,-19.83934,-43.983633,IGREJA EVANGELICA ATOS 413,PROTESTANTE/EVANGÉLICA GENÉRICA,Protestante/Evangélica
2082,310620060660020P,-19.837205,-43.924882,IGREJA EVANGELICA AVIVAMENTO BIBLICO,PROTESTANTE/EVANGÉLICA GENÉRICA,Protestante/Evangélica
2083,310620060690057P,-19.803645,-43.969943,IGREJA EVANGELICA AVIVAMENTO BIBLICO,PROTESTANTE/EVANGÉLICA GENÉRICA,Protestante/Evangélica
2084,310620060690412P,-19.80142,-43.982154,IGREJA EVANGELICA AVIVAMENTO BIBLICO,PROTESTANTE/EVANGÉLICA GENÉRICA,Protestante/Evangélica
2085,310620060660076P,-19.841365,-43.906142,IGREJA EVANGELICA BATISTA,PROTESTANTE HISTÓRICA,Protestante/Evangélica
2086,310620005670272P,-19.931363,-43.966022,IGREJA EVANGELICA BATISTA,PROTESTANTE HISTÓRICA,Protestante/Evangélica
2087,310620005640004P,-19.885088,-43.93666,IGREJA EVANGELICA BATISTA,PROTESTANTE HISTÓRICA,Protestante/Evangélica
2088,310620005680073P,-19.876607,-44.015024,IGREJA EVANGELICA BATISTA,PROTESTANTE HISTÓRICA,Protestante/Evangélica
2089,310620060660049P,-19.842324,-43.925952,IGREJA EVANGELICA BATISTA DO BAIRRO GUAR,PROTESTANTE HISTÓRICA,Protestante/Evangélica
2090,310620060660049P,-19.843317,-43.928399,IGREJA EVANGELICA BATISTA MONTE SINAI,PROTESTANTE HISTÓRICA,Protestante/Evangélica
2091,310620060690103P,-19.801095,-43.997571,IGREJA EVANGELICA BETANIA,PROTESTANTE/EVANGÉLICA GENÉRICA,Protestante/Evangélica
2092,310620060690016P,-19.808111,-43.969926,IGREJA EVANGELICA BETANIA,PROTESTANTE/EVANGÉLICA GENÉRICA,Protestante/Evangélica
2093,310620060690236P,-19.812574,-43.955465,IGREJA EVANGELICA BUSCANDO A PAZ,PROTESTANTE/EVANGÉLICA GENÉRICA,Protestante/Evangélica
2094,310620005630092P,-19.911447,-43.891842,IGREJA EVANGELICA CAMINHO DE DEUS,PROTESTANTE/EVANGÉLICA GENÉRICA,Protestante/Evangélica
2095,310620005650653P,-19.901197,-44.018522,IGREJA EVANGELICA CASA DAS MISSOES,PROTESTANTE/EVANGÉLICA GENÉRICA,Protestante/Evangélica
2096,310620005630127P,-19.905856,-43.888502,IGREJA EVANGELICA CASA DE ORACAO,PROTESTANTE/EVANGÉLICA GENÉRICA,Protestante/Evangélica
2097,310620005650315P,-19.894165,-43.96934,IGREJA EVANGELICA CASA DE ORACAO,PROTESTANTE/EVANGÉLICA GENÉRICA,Protestante/Evangélica
2098,310620005690002P,-19.826106,-43.994994,IGREJA EVANGELICA CASA DE ORACAO A VITORIA E NOSSA,PROTESTANTE/EVANGÉLICA GENÉRICA,Protestante/Evangélica
2099,310620025610220P,-19.95788,-44.004237,IGREJA EVANGELICA CASA DE ORACAO PALAVRA,PROTESTANTE/EVANGÉLICA GENÉRICA,Protestante/Evangélica
2100,310620005630255P,-19.917771,-43.883465,IGREJA EVANGELICA CASA DE ORACAO PEDRA VIVA,PROTESTANTE/EVANGÉLICA GENÉRICA,Protestante/Evangélica
2101,310620060660167P,-19.803548,-43.937348,IGREJA EVANGELICA CASA E PAZ RESTAURACAO,PROTESTANTE/EVANGÉLICA GENÉRICA,Protestante/Evangélica
2102,310620060690126P,-19.804639,-43.957956,IGREJA EVANGELICA CASA ORACAO,PROTESTANTE/EVANGÉLICA GENÉRICA,Protestante/Evangélica
2103,310620005640057P,-19.882169,-43.944837,IGREJA EVANGELICA CENACULO DA BENCAO DE DEUS,PROTESTANTE/EVANGÉLICA GENÉRICA,Protestante/Evangélica
2104,310620005630267P,-19.919875,-43.878508,IGREJA EVANGELICA CLINICA DE DEUS,PROTESTANTE/EVANGÉLICA GENÉRICA,Protestante/Evangélica
2105,310620005650315P,-19.893019,-43.968929,IGREJA EVANGELICA CONGREGACIONAL,PROTESTANTE/EVANGÉLICA GENÉRICA,Protestante/Evangélica
2106,310620005650315P,-19.893397,-43.968907,IGREJA EVANGELICA CONGREGACIONAL DO BAIRRO CAICARA,PROTESTANTE/EVANGÉLICA GENÉRICA,Protestante/Evangélica
2107,310620060660213P,-19.811761,-43.940108,IGREJA EVANGELICA CONGREGACIONAL EBENEZE,PROTESTANTE/EVANGÉLICA GENÉRICA,Protestante/Evangélica
2108,310620005630171P,-19.915863,-43.889876,IGREJA EVANGELICA CRIANCAS E ADOLESCENTES,PROTESTANTE/EVANGÉLICA GENÉRICA,Protestante/Evangélica
2109,310620060640087P,-19.853919,-43.911978,IGREJA EVANGELICA CRISTA DO BRASIL,PROTESTANTE/EVANGÉLICA GENÉRICA,Protestante/Evangélica
2110,310620005650599P,-19.930053,-44.001707,IGREJA EVANGELICA DA FAMILIA DE JESUS,PROTESTANTE/EVANGÉLICA GENÉRICA,Protestante/Evangélica
2111,310620005630167P,-19.906331,-43.88864,IGREJA EVANGELICA DA RESTAURACAO,PROTESTANTE/EVANGÉLICA GENÉRICA,Protestante/Evangélica
2112,310620005630167P,-19.906344,-43.888738,IGREJA EVANGELICA DA SALVACAO,PROTESTANTE/EVANGÉLICA GENÉRICA,Protestante/Evangélica
2113,310620005680535P,-19.838778,-44.008225,IGREJA EVANGELICA DE ATOS,PROTESTANTE/EVANGÉLICA GENÉRICA,Protestante/Evangélica
2114,310620060640084P,-19.858818,-43.9062,IGREJA EVANGELICA DE JESUS,PROTESTANTE/EVANGÉLICA GENÉRICA,Protestante/Evangélica
2115,310620060660238P,-19.862258,-43.92703,IGREJA EVANGELICA DEUS DE MARAVILHAS,PROTESTANTE/EVANGÉLICA GENÉRICA,Protestante/Evangélica
2116,310620025610497P,-19.98903,-43.991209,IGREJA EVANGELICA DEUS E AMOR,PENTECOSTAL CLÁSSICA,Protestante/Evangélica
2117,310620005630356P,-19.920043,-43.90902,IGREJA EVANGELICA DEUS E AMOR,PENTECOSTAL CLÁSSICA,Protestante/Evangélica
2118,310620060660077P,-19.839998,-43.908138,IGREJA EVANGELICA DEUS E AMOR,PENTECOSTAL CLÁSSICA,Protestante/Evangélica
2119,310620025610343P,-19.994635,-44.031157,IGREJA EVANGELICA DEUS E AMOR,PENTECOSTAL CLÁSSICA,Protestante/Evangélica
2120,310620060640301P,-19.848807,-43.890295,IGREJA EVANGELICA DEUS E AMOR,PENTECOSTAL CLÁSSICA,Protestante/Evangélica
2121,310620060640283P,-19.857685,-43.895418,IGREJA EVANGELICA DEUS ESTA PRESENTE EL SHAMMAH,PROTESTANTE/EVANGÉLICA GENÉRICA,Protestante/Evangélica
2122,310620005630129P,-19.911662,-43.889937,IGREJA EVANGELICA DO DEUS VIVO,PROTESTANTE/EVANGÉLICA GENÉRICA,Protestante/Evangélica
2123,310620005670010P,-19.951663,-43.985917,IGREJA EVANGELICA DO POVO LIVRE,PROTESTANTE/EVANGÉLICA GENÉRICA,Protestante/Evangélica
2124,310620005670072P,-19.952516,-43.992166,IGREJA EVANGELICA E DEPOSITO DE LOJA DE,PROTESTANTE/EVANGÉLICA GENÉRICA,Protestante/Evangélica
2125,310620060640005P,-19.849083,-43.897275,IGREJA EVANGELICA E JARDIM,PROTESTANTE/EVANGÉLICA GENÉRICA,Protestante/Evangélica
2126,310620025610086P,-19.999053,-44.032958,IGREJA EVANGELICA EFRAIM,PROTESTANTE/EVANGÉLICA GENÉRICA,Protestante/Evangélica
2127,310620060640102P,-19.856135,-43.916532,IGREJA EVANGELICA EM COMUNHAO COM CRISTO,PROTESTANTE/EVANGÉLICA GENÉRICA,Protestante/Evangélica
2128,310620060640186P,-19.833044,-43.884254,IGREJA EVANGELICA EMANUEL,PROTESTANTE/EVANGÉLICA GENÉRICA,Protestante/Evangélica
2129,310620060640178P,-19.859152,-43.90354,IGREJA EVANGELICA EMBAIXADORES,PROTESTANTE/EVANGÉLICA GENÉRICA,Protestante/Evangélica
2130,310620060660102P,-19.85804,-43.927416,IGREJA EVANGELICA EXERCITO DA SALVACAO,PROTESTANTE/EVANGÉLICA GENÉRICA,Protestante/Evangélica
2131,310620005630251P,-19.904565,-43.932712,IGREJA EVANGELICA EXERCITO DA SALVACAO,PROTESTANTE/EVANGÉLICA GENÉRICA,Protestante/Evangélica
2132,310620005670404P,-19.948586,-43.999332,IGREJA EVANGELICA FAMILIA DE CRISTO,PROTESTANTE/EVANGÉLICA GENÉRICA,Protestante/Evangélica
2133,310620005650001P,-19.910997,-43.980557,IGREJA EVANGELICA FAROL AS NOCOES,PROTESTANTE/EVANGÉLICA GENÉRICA,Protestante/Evangélica
2134,310620005670733P,-19.95328,-43.9924,IGREJA EVANGELICA FELLOW SHIP,PROTESTANTE/EVANGÉLICA GENÉRICA,Protestante/Evangélica
2135,310620060660176P,-19.803077,-43.942733,IGREJA EVANGELICA FILADELFIA,PROTESTANTE/EVANGÉLICA GENÉRICA,Protestante/Evangélica
2136,310620005630262P,-19.917575,-43.882333,IGREJA EVANGELICA FONTE DE RESTAURACAO,PROTESTANTE/EVANGÉLICA GENÉRICA,Protestante/Evangélica
2137,310620005630262P,-19.91767,-43.88235,IGREJA EVANGELICA FONTE DE RESTAURACAO,PROTESTANTE/EVANGÉLICA GENÉRICA,Protestante/Evangélica
2138,310620005640002P,-19.885579,-43.933061,IGREJA EVANGELICA FONTE DOS MILAGRES,PROTESTANTE/EVANGÉLICA GENÉRICA,Protestante/Evangélica
2139,310620005680487P,-19.870573,-43.992156,IGREJA EVANGELICA GETSEMANI,PROTESTANTE/EVANGÉLICA GENÉRICA,Protestante/Evangélica
2140,310620005670496P,-19.934223,-44.005544,IGREJA EVANGELICA GUERREIROS DO APOCALIP,PROTESTANTE/EVANGÉLICA GENÉRICA,Protestante/Evangélica
2141,310620005670215P,-19.950435,-43.964944,IGREJA EVANGELICA GUIADA POR CRISTO,PROTESTANTE/EVANGÉLICA GENÉRICA,Protestante/Evangélica
2142,310620060660056P,-19.843431,-43.940544,IGREJA EVANGELICA HELIOPOLIS PESCADORES,PROTESTANTE/EVANGÉLICA GENÉRICA,Protestante/Evangélica
2143,310620060660073P,-19.833038,-43.911375,IGREJA EVANGELICA HONRA LAJEDO,PROTESTANTE/EVANGÉLICA GENÉRICA,Protestante/Evangélica
2144,310620060640085P,-19.863005,-43.909397,IGREJA EVANGELICA JEOVA RAFAH,OUTRA CRISTÃ,Outra
2145,310620060690126P,-19.80305,-43.958023,IGREJA EVANGELICA JESUS,PROTESTANTE/EVANGÉLICA GENÉRICA,Protestante/Evangélica
2146,310620005620759P,-19.932636,-43.913284,IGREJA EVANGELICA JESUS A VIDEIRA VERDADEIRA,PROTESTANTE/EVANGÉLICA GENÉRICA,Protestante/Evangélica
2147,310620005620651P,-19.930351,-43.918107,IGREJA EVANGELICA JESUS A VIDEIRA VERDADEIRA,PROTESTANTE/EVANGÉLICA GENÉRICA,Protestante/Evangélica
2148,310620060640098P,-19.861848,-43.912218,IGREJA EVANGELICA JESUS CRISTO VIVO,PROTESTANTE/EVANGÉLICA GENÉRICA,Protestante/Evangélica
2149,310620060660047P,-19.841518,-43.922988,IGREJA EVANGELICA JESUS E A NOSSA VITORIA,PROTESTANTE/EVANGÉLICA GENÉRICA,Protestante/Evangélica
2150,310620005630167P,-19.908885,-43.888615,IGREJA EVANGELICA JESUS E O MEU SENHOR,PROTESTANTE/EVANGÉLICA GENÉRICA,Protestante/Evangélica
2151,310620060660317P,-19.843502,-43.918777,IGREJA EVANGELICA JESUS PARA AS NACOES,AFRO-BRASILEIRA,Afro-brasileira
2152,310620060690213P,-19.79626,-43.966246,IGREJA EVANGELICA JISTO JUIZO DE DEUS,PROTESTANTE/EVANGÉLICA GENÉRICA,Protestante/Evangélica
2153,310620005630169P,-19.913112,-43.889559,IGREJA EVANGELICA LAGOINHA ALTO VERA CRUZ,PROTESTANTE/EVANGÉLICA GENÉRICA,Protestante/Evangélica
2154,310620005650316P,-19.890195,-43.963837,IGREJA EVANGELICA LAGOINHA SUMARE,PROTESTANTE/EVANGÉLICA GENÉRICA,Protestante/Evangélica
2155,310620025610563P,-19.988901,-44.040364,IGREJA EVANGELICA LUTERANA,PROTESTANTE HISTÓRICA,Protestante/Evangélica
2156,310620005630160P,-19.895555,-43.892174,IGREJA EVANGELICA LUZ DA PALAVRA,PROTESTANTE/EVANGÉLICA GENÉRICA,Protestante/Evangélica
2157,310620005670733P,-19.953661,-43.992686,IGREJA EVANGELICA LUZ DO MUNDO,PROTESTANTE/EVANGÉLICA GENÉRICA,Protestante/Evangélica
2158,310620060640019P,-19.849108,-43.88482,IGREJA EVANGELICA LUZ DO MUNDO,PROTESTANTE/EVANGÉLICA GENÉRICA,Protestante/Evangélica
2159,310620060690088P,-19.824096,-43.991581,IGREJA EVANGELICA MANANCIAL,PROTESTANTE/EVANGÉLICA GENÉRICA,Protestante/Evangélica
2160,310620005670076P,-19.948116,-43.992506,IGREJA EVANGELICA MARANATA,PROTESTANTE/EVANGÉLICA GENÉRICA,Protestante/Evangélica
2161,310620060690098P,-19.80833,-43.995007,IGREJA EVANGELICA MARANATA,PROTESTANTE/EVANGÉLICA GENÉRICA,Protestante/Evangélica
2162,310620060690058P,-19.804027,-43.965846,IGREJA EVANGELICA MEMORIAL,PROTESTANTE/EVANGÉLICA GENÉRICA,Protestante/Evangélica
2163,310620060640185P,-19.830422,-43.887888,IGREJA EVANGELICA MIISTERIO TEMPLO DE OR,PROTESTANTE/EVANGÉLICA GENÉRICA,Protestante/Evangélica
2164,310620005640040P,-19.876716,-43.938384,IGREJA EVANGELICA MINISTERIO AVIVA ME,PROTESTANTE/EVANGÉLICA GENÉRICA,Protestante/Evangélica
2165,310620005630499P,-19.892876,-43.895828,IGREJA EVANGELICA MINISTERIO DO SENHOR,PROTESTANTE/EVANGÉLICA GENÉRICA,Protestante/Evangélica
2166,310620025610417P,-19.993751,-43.992444,IGREJA EVANGELICA MINISTERIO PENTENCOSTA,PROTESTANTE/EVANGÉLICA GENÉRICA,Protestante/Evangélica
2167,310620060660063P,-19.814272,-43.938778,IGREJA EVANGELICA MINISTRO JERUSALEM,PROTESTANTE/EVANGÉLICA GENÉRICA,Protestante/Evangélica
2168,310620005670578P,-19.954445,-43.997279,IGREJA EVANGELICA MISSAO DO CALVARIO,CATÓLICA,Católica
2169,310620060690389P,-19.832974,-43.983803,IGREJA EVANGELICA MISSIONARIA,PROTESTANTE/EVANGÉLICA GENÉRICA,Protestante/Evangélica
2170,310620060660243P,-19.837022,-43.908387,IGREJA EVANGELICA MISSOES APOSTOLICA,PROTESTANTE/EVANGÉLICA GENÉRICA,Protestante/Evangélica
2171,310620060660040P,-19.827665,-43.923981,IGREJA EVANGELICA NAZARENO PENTECOSTAL,PENTECOSTAL CLÁSSICA,Protestante/Evangélica
2172,310620060640242P,-19.856689,-43.87546,IGREJA EVANGELICA NAZARENO PENTECOSTAL NUCLEO JARDIM VITORIA,PENTECOSTAL CLÁSSICA,Protestante/Evangélica
2173,310620005630213P,-19.926782,-43.909096,IGREJA EVANGELICA NOVA VIDA,PROTESTANTE/EVANGÉLICA GENÉRICA,Protestante/Evangélica
2174,310620060660084P,-19.842755,-43.910669,IGREJA EVANGELICA NOVO AARAO REIS,PROTESTANTE/EVANGÉLICA GENÉRICA,Protestante/Evangélica
2175,310620025610495P,-20.002089,-44.023758,IGREJA EVANGELICA OBRA BIBLICA EM RESTAU,PROTESTANTE/EVANGÉLICA GENÉRICA,Protestante/Evangélica
2176,310620060660168P,-19.807943,-43.939111,IGREJA EVANGELICA PALAVRA E PODER,PROTESTANTE/EVANGÉLICA GENÉRICA,Protestante/Evangélica
2177,310620005640020P,-19.888106,-43.929462,IGREJA EVANGELICA PAZ E VIDA,PROTESTANTE/EVANGÉLICA GENÉRICA,Protestante/Evangélica
2178,310620060690130P,-19.810848,-43.963389,IGREJA EVANGELICA PAZ E VIDA,PROTESTANTE/EVANGÉLICA GENÉRICA,Protestante/Evangélica
2179,310620005630497P,-19.915989,-43.881906,IGREJA EVANGELICA PEDRA ANGULAR,PROTESTANTE/EVANGÉLICA GENÉRICA,Protestante/Evangélica
2180,310620060660264P,-19.829757,-43.922797,IGREJA EVANGELICA PENTECOSTAL,PENTECOSTAL CLÁSSICA,Protestante/Evangélica
2181,310620005630260P,-19.917711,-43.878714,IGREJA EVANGELICA PENTECOSTAL,PENTECOSTAL CLÁSSICA,Protestante/Evangélica
2182,310620005650237P,-19.905937,-44.019797,IGREJA EVANGELICA PENTECOSTAL,PENTECOSTAL CLÁSSICA,Protestante/Evangélica
2183,310620060690516P,-19.80571,-43.960398,IGREJA EVANGELICA PENTECOSTAL,PENTECOSTAL CLÁSSICA,Protestante/Evangélica
2184,310620060660106P,-19.861016,-43.927816,IGREJA EVANGELICA PENTECOSTAL,PENTECOSTAL CLÁSSICA,Protestante/Evangélica
2185,310620005650244P,-19.902597,-44.021198,IGREJA EVANGELICA PENTECOSTAL,PENTECOSTAL CLÁSSICA,Protestante/Evangélica
2186,310620025610067P,-20.009313,-44.011463,IGREJA EVANGELICA PENTECOSTAL,PENTECOSTAL CLÁSSICA,Protestante/Evangélica
2187,310620025610645P,-19.983826,-44.055913,IGREJA EVANGELICA PENTECOSTAL,PENTECOSTAL CLÁSSICA,Protestante/Evangélica
2188,310620060660182P,-19.797748,-43.93274,IGREJA EVANGELICA PENTECOSTAL A PORTA E JESUS,PENTECOSTAL CLÁSSICA,Protestante/Evangélica
2189,310620005630167P,-19.906222,-43.888357,IGREJA EVANGELICA PENTECOSTAL ARCO IRIS DE DEUS,PENTECOSTAL CLÁSSICA,Protestante/Evangélica
2190,310620005630449P,-19.918546,-43.880944,IGREJA EVANGELICA PENTECOSTAL CASA DE ORACAO FOGO NO ALTAR,PENTECOSTAL CLÁSSICA,Protestante/Evangélica
2191,310620060660068P,-19.83304,-43.91615,IGREJA EVANGELICA PENTECOSTAL ELOHIM EL SHADAY,PENTECOSTAL CLÁSSICA,Protestante/Evangélica
2192,310620005630157P,-19.892526,-43.896646,IGREJA EVANGELICA PENTECOSTAL FUNDAMENTAL,PENTECOSTAL CLÁSSICA,Protestante/Evangélica
2193,310620060660363P,-19.832678,-43.906073,IGREJA EVANGELICA PENTECOSTAL JESUS E FIEL,PENTECOSTAL CLÁSSICA,Protestante/Evangélica
2194,310620005650505P,-19.917311,-44.008512,IGREJA EVANGELICA PENTECOSTAL LUZ DIVINA,PENTECOSTAL CLÁSSICA,Protestante/Evangélica
2195,310620025610282P,-20.002649,-44.023375,IGREJA EVANGELICA PENTECOSTAL MISSIO,PENTECOSTAL CLÁSSICA,Protestante/Evangélica
2196,310620025610359P,-20.023958,-44.026985,IGREJA EVANGELICA PENTECOSTAL OBREIROS DE DEUS,PENTECOSTAL CLÁSSICA,Protestante/Evangélica
2197,310620005680456P,-19.866204,-44.020448,IGREJA EVANGELICA PENTECOSTAL PRONTO SOC,PENTECOSTAL CLÁSSICA,Protestante/Evangélica
2198,310620005640273P,-19.879565,-43.946969,IGREJA EVANGELICA PENTECOSTAL RESGATANDO A COROA,PENTECOSTAL CLÁSSICA,Protestante/Evangélica
2199,310620005630028P,-19.909145,-43.894984,IGREJA EVANGELICA PENTECOSTAL UNCAO DA VITORIA,PENTECOSTAL CLÁSSICA,Protestante/Evangélica
2200,310620060660390P,-19.798097,-43.912108,IGREJA EVANGELICA PENTECOSTAL VALE DA BENCAO,PENTECOSTAL CLÁSSICA,Protestante/Evangélica
2201,310620005670337P,-19.96856,-43.982324,IGREJA EVANGELICA PENTENCOSTAL LUZ DA LIBERTACAO,PENTECOSTAL CLÁSSICA,Protestante/Evangélica
2202,310620005640254P,-19.874662,-43.917819,IGREJA EVANGELICA PERMANECER,PROTESTANTE/EVANGÉLICA GENÉRICA,Protestante/Evangélica
2203,310620060660274P,-19.841225,-43.906668,IGREJA EVANGELICA PETECOSTAL,PROTESTANTE/EVANGÉLICA GENÉRICA,Protestante/Evangélica
2204,310620025610609P,-19.992375,-43.989049,IGREJA EVANGELICA PETENCOSTAL,PENTECOSTAL CLÁSSICA,Protestante/Evangélica
2205,310620060660178P,-19.802059,-43.937639,IGREJA EVANGELICA PETENCOSTAL DEUS E LUZ,PENTECOSTAL CLÁSSICA,Protestante/Evangélica
2206,310620025610088P,-19.996541,-44.033956,IGREJA EVANGELICA PETENCOSTAL FILADELFIA,PENTECOSTAL CLÁSSICA,Protestante/Evangélica
2207,310620005630458P,-19.902942,-43.894508,IGREJA EVANGELICA PETENCOSTAL FOGAO DE LENHA AQUECIDO,PENTECOSTAL CLÁSSICA,Protestante/Evangélica
2208,310620005640085P,-19.877492,-43.946347,IGREJA EVANGELICA PORTAS ABERTAS,PROTESTANTE/EVANGÉLICA GENÉRICA,Protestante/Evangélica
2209,310620005640085P,-19.877414,-43.946366,IGREJA EVANGELICA PORTAS ABERTAS,PROTESTANTE/EVANGÉLICA GENÉRICA,Protestante/Evangélica
2210,310620005630019P,-19.912055,-43.90072,IGREJA EVANGELICA PORTAS ESTREITAS,PROTESTANTE/EVANGÉLICA GENÉRICA,Protestante/Evangélica
2211,310620005670052P,-19.95181,-43.969386,IGREJA EVANGELICA POVO DE DEUS,PROTESTANTE/EVANGÉLICA GENÉRICA,Protestante/Evangélica
2212,310620005670052P,-19.951805,-43.969386,IGREJA EVANGELICA POVO DE DEUS,PROTESTANTE/EVANGÉLICA GENÉRICA,Protestante/Evangélica
2213,310620005630164P,-19.896232,-43.890106,IGREJA EVANGELICA POVO DE DEUS,PROTESTANTE/EVANGÉLICA GENÉRICA,Protestante/Evangélica
2214,310620005630089P,-19.907116,-43.890763,IGREJA EVANGELICA POVO DE DEUS,PROTESTANTE/EVANGÉLICA GENÉRICA,Protestante/Evangélica
2215,310620005650407P,-19.91962,-43.974613,IGREJA EVANGELICA POWER,PROTESTANTE/EVANGÉLICA GENÉRICA,Protestante/Evangélica
2216,310620005670795P,-19.962046,-43.987621,IGREJA EVANGELICA QUADRANGULAR,PENTECOSTAL CLÁSSICA,Protestante/Evangélica
2217,310620060640195P,-19.857265,-43.912655,IGREJA EVANGELICA QUADRANGULAR,PENTECOSTAL CLÁSSICA,Protestante/Evangélica
2218,310620025610234P,-19.992989,-43.987947,IGREJA EVANGELICA QUADRANGULAR,PENTECOSTAL CLÁSSICA,Protestante/Evangélica
2219,310620060690121P,-19.801719,-43.966975,IGREJA EVANGELICA QUADRANGULAR,PENTECOSTAL CLÁSSICA,Protestante/Evangélica
2220,310620005660021P,-19.842425,-43.948449,IGREJA EVANGELICA QUADRANGULAR,PENTECOSTAL CLÁSSICA,Protestante/Evangélica
2221,310620025610335P,-20.014029,-44.022832,IGREJA EVANGELICA QUADRANGULAR,PENTECOSTAL CLÁSSICA,Protestante/Evangélica
2222,310620005670539P,-19.955587,-43.970906,IGREJA EVANGELICA QUADRANGULAR,PENTECOSTAL CLÁSSICA,Protestante/Evangélica
2223,310620025610131P,-20.020422,-44.030142,IGREJA EVANGELICA QUADRANGULAR,PENTECOSTAL CLÁSSICA,Protestante/Evangélica
2224,310620060690064P,-19.815829,-43.969229,IGREJA EVANGELICA REI DA VIDA,PROTESTANTE/EVANGÉLICA GENÉRICA,Protestante/Evangélica
2225,310620005630228P,-19.888451,-43.890845,IGREJA EVANGELICA RENASCER,PROTESTANTE/EVANGÉLICA GENÉRICA,Protestante/Evangélica
2226,310620005620104P,-19.937381,-43.916159,IGREJA EVANGELICA RENASCIDOS EM CRISTO,PROTESTANTE/EVANGÉLICA GENÉRICA,Protestante/Evangélica
2227,310620005650607P,-19.915133,-44.026997,IGREJA EVANGELICA RESGATADOS POR DEUS,PROTESTANTE/EVANGÉLICA GENÉRICA,Protestante/Evangélica
2228,310620060690058P,-19.804643,-43.967921,IGREJA EVANGELICA RESGATANDO VIDAS,PROTESTANTE/EVANGÉLICA GENÉRICA,Protestante/Evangélica
2229,310620005680459P,-19.88214,-43.987921,IGREJA EVANGELICA RESPLANDECER,PROTESTANTE/EVANGÉLICA GENÉRICA,Protestante/Evangélica
2230,310620060640076P,-19.851001,-43.876843,IGREJA EVANGELICA RESTAURANDO VIDA FOGO E GLORIA,PROTESTANTE/EVANGÉLICA GENÉRICA,Protestante/Evangélica
2231,310620060690190P,-19.808439,-44.002441,IGREJA EVANGELICA RESTAURANDO VIDAS,PROTESTANTE/EVANGÉLICA GENÉRICA,Protestante/Evangélica
2232,310620005680258P,-19.86188,-43.935156,IGREJA EVANGELICA RHEMA YESHUA,PROTESTANTE/EVANGÉLICA GENÉRICA,Protestante/Evangélica
2233,310620060660012P,-19.826757,-43.931565,IGREJA EVANGELICA RIO DO TRONO DE DEUS,PROTESTANTE/EVANGÉLICA GENÉRICA,Protestante/Evangélica
2234,310620005620288P,-19.955443,-43.940777,IGREJA EVANGELICA RIOS DE AGUA VIVA,PROTESTANTE/EVANGÉLICA GENÉRICA,Protestante/Evangélica
2235,310620060640122P,-19.830816,-43.867861,IGREJA EVANGELICA SALVO PARA CRISTO,PROTESTANTE/EVANGÉLICA GENÉRICA,Protestante/Evangélica
2236,310620060640030P,-19.855411,-43.900584,IGREJA EVANGELICA SANTO TEMPLO,CATÓLICA,Católica
2237,310620005670445P,-19.950182,-44.001993,IGREJA EVANGELICA SANTUARIO DE DEUS,CATÓLICA,Católica
2238,310620025610120P,-19.998732,-43.963482,IGREJA EVANGELICA SANTUARIO DE DEUS,CATÓLICA,Católica
2239,310620060640255P,-19.833792,-43.870774,IGREJA EVANGELICA SEM IDENTIFICACAO,PROTESTANTE/EVANGÉLICA GENÉRICA,Protestante/Evangélica
2240,310620060690297P,-19.809629,-43.997327,IGREJA EVANGELICA SEM NOME,PROTESTANTE/EVANGÉLICA GENÉRICA,Protestante/Evangélica
2241,310620005630028P,-19.907432,-43.895126,IGREJA EVANGELICA SEM PLACA,PROTESTANTE/EVANGÉLICA GENÉRICA,Protestante/Evangélica
2242,310620005650147P,-19.898652,-43.961094,IGREJA EVANGELICA SHALOM ADONAI,PROTESTANTE/EVANGÉLICA GENÉRICA,Protestante/Evangélica
2243,310620025610461P,-19.98996,-43.99939,IGREJA EVANGELICA SHALON EL SHADAY,PROTESTANTE/EVANGÉLICA GENÉRICA,Protestante/Evangélica
2244,310620005680069P,-19.8909,-43.995671,IGREJA EVANGELICA SHEKINAH,PROTESTANTE/EVANGÉLICA GENÉRICA,Protestante/Evangélica
2245,310620060690103P,-19.801141,-43.994123,IGREJA EVANGELICA TABERNACULO DE CRISTO,PROTESTANTE/EVANGÉLICA GENÉRICA,Protestante/Evangélica
2246,310620025610252P,-19.98704,-43.992496,IGREJA EVANGELICA TABERNACULO DE HEBROM,PROTESTANTE/EVANGÉLICA GENÉRICA,Protestante/Evangélica
2247,310620025610381P,-19.972045,-43.993722,IGREJA EVANGELICA TEMPLO COM DEUS,PROTESTANTE/EVANGÉLICA GENÉRICA,Protestante/Evangélica
2248,310620025610436P,-20.001418,-44.025669,IGREJA EVANGELICA TEMPLO DA COLHEITA,PROTESTANTE/EVANGÉLICA GENÉRICA,Protestante/Evangélica
2249,310620060690535P,-19.798655,-43.952982,IGREJA EVANGELICA TEMPLO DA RESTAURACAO,PROTESTANTE/EVANGÉLICA GENÉRICA,Protestante/Evangélica
2250,310620060660387P,-19.806388,-43.92611,IGREJA EVANGELICA TEMPLO DA RESTAURACAO,PROTESTANTE/EVANGÉLICA GENÉRICA,Protestante/Evangélica
2251,310620005670167P,-19.9517,-43.967765,IGREJA EVANGELICA TEMPLO DA VERDADE,PROTESTANTE/EVANGÉLICA GENÉRICA,Protestante/Evangélica
2252,310620025610368P,-19.984237,-44.01532,IGREJA EVANGELICA TEMPLO DE ADORACAO,PROTESTANTE/EVANGÉLICA GENÉRICA,Protestante/Evangélica
2253,310620060640235P,-19.846067,-43.907792,IGREJA EVANGELICA TERRA DE MIDIA,PROTESTANTE/EVANGÉLICA GENÉRICA,Protestante/Evangélica
2254,310620005680344P,-19.894194,-43.986483,IGREJA EVANGELICA TOCHA PARA TODAS AS NACOES,AFRO-BRASILEIRA,Afro-brasileira
2255,310620025610274P,-19.993216,-44.019129,IGREJA EVANGELICA UM LUGAR DE ADORACAO,PROTESTANTE/EVANGÉLICA GENÉRICA,Protestante/Evangélica
2256,310620005670136P,-19.946825,-44.000222,IGREJA EVANGELICA UNCAO AGAPE,PROTESTANTE/EVANGÉLICA GENÉRICA,Protestante/Evangélica
2257,310620005620274P,-19.930191,-43.946731,IGREJA EVANGELICA UNCAO E VIDA,PROTESTANTE/EVANGÉLICA GENÉRICA,Protestante/Evangélica
2258,310620060640082P,-19.863493,-43.904783,IGREJA EVANGELICA UNIAO DOS SANTOS,CATÓLICA,Católica
2259,310620005630346P,-19.90715,-43.891559,IGREJA EVANGELICA UNIDA,PROTESTANTE/EVANGÉLICA GENÉRICA,Protestante/Evangélica
2260,310620005620533P,-19.916686,-43.939873,IGREJA EVANGELICA UNIVERSAL,NEOPENTECOSTAL,Protestante/Evangélica
2261,310620060660372P,-19.841557,-43.909402,IGREJA EVANGELICA VALE DA RESTAURACAO,PROTESTANTE/EVANGÉLICA GENÉRICA,Protestante/Evangélica
2262,310620060680004P,-19.840018,-43.977042,IGREJA EVANGELICA VERDADE BIBLICA,PROTESTANTE/EVANGÉLICA GENÉRICA,Protestante/Evangélica
2263,310620060640024P,-19.852445,-43.887334,IGREJA EVANGELICA VIDA COM CRISTO,PROTESTANTE/EVANGÉLICA GENÉRICA,Protestante/Evangélica
2264,310620005640019P,-19.889601,-43.927561,IGREJA EVANGELICA VIDA COM CRISTO,PROTESTANTE/EVANGÉLICA GENÉRICA,Protestante/Evangélica
2265,310620025610221P,-19.97197,-43.995454,IGREJA EVANGELICA VINCULO DO AMOR,PROTESTANTE/EVANGÉLICA GENÉRICA,Protestante/Evangélica
2266,310620025610029P,-20.000845,-44.011154,IGREJA EVANGELICO QUANDRAGULAR,PROTESTANTE/EVANGÉLICA GENÉRICA,Protestante/Evangélica
2267,310620005630122P,-19.894643,-43.897763,IGREJA EVANGELUCA,PROTESTANTE/EVANGÉLICA GENÉRICA,Protestante/Evangélica
2268,310620005630045P,-19.898554,-43.910867,IGREJA EVANGELUCA RAIZ DE DAVI,PROTESTANTE/EVANGÉLICA GENÉRICA,Protestante/Evangélica
2269,310620005630396P,-19.910244,-43.879664,IGREJA EVANGLICA MISSAO EM CRISTO,CATÓLICA,Católica
2270,310620005680309P,-19.900792,-43.990131,IGREJA EVANJELICA,PROTESTANTE/EVANGÉLICA GENÉRICA,Protestante/Evangélica
2271,310620005630053P,-19.901605,-43.889382,IGREJA EVAVNGELICA ASSEMBLEIADE DEUS,PROTESTANTE/EVANGÉLICA GENÉRICA,Protestante/Evangélica
2272,310620005650402P,-19.919193,-43.969413,IGREJA FAMILIA DE DEUS,PROTESTANTE/EVANGÉLICA GENÉRICA,Protestante/Evangélica
2273,310620005680089P,-19.872145,-44.015665,IGREJA FE SEM LIMITES,PROTESTANTE/EVANGÉLICA GENÉRICA,Protestante/Evangélica
2274,310620060640311P,-19.848528,-43.905609,IGREJA FILADELFIA CRISTA,PROTESTANTE/EVANGÉLICA GENÉRICA,Protestante/Evangélica
2275,310620060660226P,-19.844008,-43.945698,IGREJA FOGO E GLORIA,PROTESTANTE/EVANGÉLICA GENÉRICA,Protestante/Evangélica
2276,310620005670109P,-19.972647,-43.9785,IGREJA FONTE DA VIDA,PROTESTANTE/EVANGÉLICA GENÉRICA,Protestante/Evangélica
2277,310620060640115P,-19.869922,-43.907915,IGREJA FONTE DE VIDA,PROTESTANTE/EVANGÉLICA GENÉRICA,Protestante/Evangélica
2278,310620025610474P,-19.99167,-44.037169,IGREJA FRUTO DA VIDEIRA,PROTESTANTE/EVANGÉLICA GENÉRICA,Protestante/Evangélica
2279,310620060640178P,-19.859157,-43.902382,IGREJA GERADOS NA CRUZ,PROTESTANTE/EVANGÉLICA GENÉRICA,Protestante/Evangélica
2280,310620060640283P,-19.8584,-43.895809,IGREJA GETSEMANI,PROTESTANTE/EVANGÉLICA GENÉRICA,Protestante/Evangélica
2281,310620005640235P,-19.869132,-43.920126,IGREJA GETSEMANI,PROTESTANTE/EVANGÉLICA GENÉRICA,Protestante/Evangélica
2282,310620060640222P,-19.862057,-43.888913,IGREJA GETSMANI,PROTESTANTE/EVANGÉLICA GENÉRICA,Protestante/Evangélica
2283,310620005650215P,-19.917844,-44.008259,IGREJA GIDEOES DE JESUS CRISTO,PROTESTANTE/EVANGÉLICA GENÉRICA,Protestante/Evangélica
2284,310620060660034P,-19.824451,-43.932789,IGREJA GILEADE,PROTESTANTE/EVANGÉLICA GENÉRICA,Protestante/Evangélica
2285,310620060640189P,-19.866966,-43.897094,IGREJA GILEADE,PROTESTANTE/EVANGÉLICA GENÉRICA,Protestante/Evangélica
2286,310620060690025P,-19.812833,-43.985206,IGREJA GILGAL,PROTESTANTE/EVANGÉLICA GENÉRICA,Protestante/Evangélica
2287,310620005670516P,-19.935803,-44.008746,IGREJA GOSPA MIRA,PROTESTANTE/EVANGÉLICA GENÉRICA,Protestante/Evangélica
2288,310620005670516P,-19.935174,-44.008071,IGREJA GOSPA MIRA,PROTESTANTE/EVANGÉLICA GENÉRICA,Protestante/Evangélica
2289,310620060690088P,-19.82412,-43.991128,IGREJA GRACA E PAZ,PROTESTANTE/EVANGÉLICA GENÉRICA,Protestante/Evangélica
2290,310620005650672P,-19.91311,-44.024636,IGREJA GRACA E PAZ,PROTESTANTE/EVANGÉLICA GENÉRICA,Protestante/Evangélica
2291,310620060690417P,-19.80079,-43.972163,IGREJA GUADRANGULAR,PROTESTANTE/EVANGÉLICA GENÉRICA,Protestante/Evangélica
2292,310620060660382P,-19.801176,-43.922345,IGREJA HA SOLUCAO,PROTESTANTE/EVANGÉLICA GENÉRICA,Protestante/Evangélica
2293,310620025610026P,-19.995103,-44.010204,IGREJA HEFZBA,PROTESTANTE/EVANGÉLICA GENÉRICA,Protestante/Evangélica
2294,310620060640170P,-19.857878,-43.911353,IGREJA HERDEIROS DE DEUS,PROTESTANTE/EVANGÉLICA GENÉRICA,Protestante/Evangélica
2295,310620060640170P,-19.857733,-43.910968,IGREJA HERDEIROS DE DEUS,PROTESTANTE/EVANGÉLICA GENÉRICA,Protestante/Evangélica
2296,310620005690002P,-19.826095,-43.99706,IGREJA HOSANA CEU AZUL,PROTESTANTE/EVANGÉLICA GENÉRICA,Protestante/Evangélica
2297,310620005620730P,-19.924733,-43.949205,IGREJA HOSPITAL DA ALMA 1696 E 1700,PROTESTANTE/EVANGÉLICA GENÉRICA,Protestante/Evangélica
2298,310620060660437P,-19.824437,-43.951897,IGREJA IBBD,PROTESTANTE/EVANGÉLICA GENÉRICA,Protestante/Evangélica
2299,310620060640121P,-19.827284,-43.868354,IGREJA IDERP,PROTESTANTE/EVANGÉLICA GENÉRICA,Protestante/Evangélica
2300,310620005670742P,-19.934222,-44.015388,IGREJA IMACULADA CONCEICAO,PROTESTANTE/EVANGÉLICA GENÉRICA,Protestante/Evangélica
2301,310620060660333P,-19.829561000000002,-43.935086,IGREJA IMACULADA CONCEICAO,PROTESTANTE/EVANGÉLICA GENÉRICA,Protestante/Evangélica
2302,310620005640178P,-19.87538,-43.949548,IGREJA IMACULADA DA CONCEICAO,PROTESTANTE/EVANGÉLICA GENÉRICA,Protestante/Evangélica
2303,310620005650337P,-19.888971,-43.950851,IGREJA IMACULADO CORACAO DE MARIA,PROTESTANTE/EVANGÉLICA GENÉRICA,Protestante/Evangélica
2304,310620005650337P,-19.889166,-43.950875,IGREJA IMACULADO CORACAO DE MARIA,PROTESTANTE/EVANGÉLICA GENÉRICA,Protestante/Evangélica
2305,310620005670728P,-19.944476,-43.991913,IGREJA IMBAUBAS,PROTESTANTE/EVANGÉLICA GENÉRICA,Protestante/Evangélica
2306,310620005670212P,-19.947583,-43.968452,IGREJA INTERNACIONAL BENEZER,NEOPENTECOSTAL,Protestante/Evangélica
2307,310620005680501P,-19.869295,-44.003089,IGREJA INTERNACIONAL BOM PASTOR,NEOPENTECOSTAL,Protestante/Evangélica
2308,310620060640343P,-19.831912,-43.890282,IGREJA INTERNACIONAL CLAMOR PELAS NACOES,AFRO-BRASILEIRA,Afro-brasileira
2309,310620005620298P,-19.953609,-43.941438,IGREJA INTERNACIONAL DA GRACA,NEOPENTECOSTAL,Protestante/Evangélica
2310,310620060640300P,-19.85116,-43.894329,IGREJA INTERNACIONAL DA GRACA DE DEUS,NEOPENTECOSTAL,Protestante/Evangélica
2311,310620025610538P,-20.004239,-44.022081,IGREJA INTERNACIONAL DA GRACA DE DEUS,NEOPENTECOSTAL,Protestante/Evangélica
2312,310620005620136P,-19.93711,-43.911471,IGREJA INTERNACIONAL DA GRACA DE DEUS,NEOPENTECOSTAL,Protestante/Evangélica
2313,310620005650110P,-19.912491,-44.001484,IGREJA INTERNACIONAL DA GRACA DE DEUS,NEOPENTECOSTAL,Protestante/Evangélica
2314,310620060690355P,-19.81361,-44.003302,IGREJA INTERNACIONAL DA GRACA DE DEUS,NEOPENTECOSTAL,Protestante/Evangélica
2315,310620005640145P,-19.865084,-43.927112,IGREJA INTERNACIONAL DA GRACA DE DEUS,NEOPENTECOSTAL,Protestante/Evangélica
2316,310620025610646P,-19.990538,-44.056558,IGREJA INTERNACIONAL DA GRACA DE DEUS,NEOPENTECOSTAL,Protestante/Evangélica
2317,310620025610071P,-20.01792,-44.030983,IGREJA INTERNACIONAL DA GRACA DE DEUS,NEOPENTECOSTAL,Protestante/Evangélica
2318,310620005680444P,-19.869481,-44.016379,IGREJA INTERNACIONAL DA GRACA DE DEUS,NEOPENTECOSTAL,Protestante/Evangélica
2319,310620060640178P,-19.860396,-43.902184,IGREJA INTERNACIONAL DA GRACA DE DEUS,NEOPENTECOSTAL,Protestante/Evangélica
2320,310620060640144P,-19.852264,-43.897326,IGREJA INTERNACIONAL DE MISSOES MONTE MORIA,NEOPENTECOSTAL,Protestante/Evangélica
2321,310620060680024P,-19.827494,-43.969238,IGREJA INTERNACIONAL DESPERTAR DA FE,NEOPENTECOSTAL,Protestante/Evangélica
2322,310620005620330P,-19.915804,-43.943325,IGREJA INTERNACIONAL DESPERTAR DA FE,NEOPENTECOSTAL,Protestante/Evangélica
2323,310620060680041P,-19.836823,-43.965692,IGREJA INTERNACIONAL DESPERTAR DA FE,NEOPENTECOSTAL,Protestante/Evangélica
2324,310620060660317P,-19.843107,-43.918982,IGREJA INTERNACIONAL DESPERTAR DA FE,NEOPENTECOSTAL,Protestante/Evangélica
2325,310620060690032P,-19.804005,-43.975338,IGREJA INTERNACIONAL DESPERTAR DE FE,NEOPENTECOSTAL,Protestante/Evangélica
2326,310620025610457P,-19.978038,-44.024935,IGREJA INTERNACIONAL DO REINO DE DEUS,NEOPENTECOSTAL,Protestante/Evangélica
2327,310620060660251P,-19.859793,-43.932712,IGREJA INTERNACIONAL EXERCITO DE DEUS,NEOPENTECOSTAL,Protestante/Evangélica
2328,310620060660393P,-19.804684,-43.905353,IGREJA INTERNACIONAL EXERCITO DE DEUS,NEOPENTECOSTAL,Protestante/Evangélica
2329,310620005680546P,-19.830993,-44.012061,IGREJA INTERNACIONAL FONTES ETERNAS,NEOPENTECOSTAL,Protestante/Evangélica
2330,310620025610219P,-19.957405,-44.005574,IGREJA INTERNACIONAL GRACA DEUS,NEOPENTECOSTAL,Protestante/Evangélica
2331,310620060690281P,-19.805841,-43.998119,IGREJA INTERNACIONAL JERUSALEM DE DEUS,NEOPENTECOSTAL,Protestante/Evangélica
2332,310620060690528P,-19.834308,-43.984155,IGREJA INTERNACIONAL JERUSALEM DE DEUS,NEOPENTECOSTAL,Protestante/Evangélica
2333,310620060690257P,-19.815812,-43.987889,IGREJA INTERNACIONAL LEAO DE JUDA,NEOPENTECOSTAL,Protestante/Evangélica
2334,310620060660040P,-19.828886,-43.923064,IGREJA INTERNACIONAL NOVA ESPERANCA EM D,NEOPENTECOSTAL,Protestante/Evangélica
2335,310620060660415P,-19.852913,-43.92721,IGREJA INTERNACIONAL PALAVRA DE VIDA ETERNA,NEOPENTECOSTAL,Protestante/Evangélica
2336,310620005650653P,-19.901564,-44.018703,IGREJA INTERNACIONAL PLENA PAZ,NEOPENTECOSTAL,Protestante/Evangélica
2337,310620060690054P,-19.799514,-43.975484,IGREJA INTERNACIONAL TORRE FORTE,NEOPENTECOSTAL,Protestante/Evangélica
2338,310620060660361P,-19.832702,-43.920042,IGREJA ISRAEL NACAO DE DEUS,PROTESTANTE/EVANGÉLICA GENÉRICA,Protestante/Evangélica
2339,310620005640010P,-19.88945,-43.93622,IGREJA ISRAELITA,PROTESTANTE/EVANGÉLICA GENÉRICA,Protestante/Evangélica
2340,310620005640010P,-19.889602,-43.935993,IGREJA ISRAELITA,PROTESTANTE/EVANGÉLICA GENÉRICA,Protestante/Evangélica
2341,310620005620594P,-19.961839,-43.929001,IGREJA JANELAS ABERTAS,PROTESTANTE/EVANGÉLICA GENÉRICA,Protestante/Evangélica
2342,310620060660160P,-19.822155,-43.947993,IGREJA JAVE JIREH,PROTESTANTE/EVANGÉLICA GENÉRICA,Protestante/Evangélica
2343,310620005680300P,-19.901011,-43.997345,IGREJA JESUS APACENTANDO VIDAD,PROTESTANTE/EVANGÉLICA GENÉRICA,Protestante/Evangélica
2344,310620060680009P,-19.839024,-43.970665,IGREJA JESUS CRISTO,PROTESTANTE/EVANGÉLICA GENÉRICA,Protestante/Evangélica
2345,310620005650331P,-19.883204,-43.955316,IGREJA JESUS CRISTO,PROTESTANTE/EVANGÉLICA GENÉRICA,Protestante/Evangélica
2346,310620025610148P,-19.973858,-44.014338,IGREJA JESUS CRISTO DOS SANTOS DOS ULTIMOS DIAS,CATÓLICA,Católica
2347,310620060660107P,-19.862108,-43.929655,IGREJA JESUS CRISTO E O SENHOR,PROTESTANTE/EVANGÉLICA GENÉRICA,Protestante/Evangélica
2348,310620005630490P,-19.911611,-43.878792,IGREJA JESUS CRISTO E O SENHOR,PROTESTANTE/EVANGÉLICA GENÉRICA,Protestante/Evangélica
2349,310620005630349P,-19.909538,-43.89068,IGREJA JESUS CRISTO E O SENHOR UNIVERSAL,NEOPENTECOSTAL,Protestante/Evangélica
2350,310620025610359P,-20.025182,-44.02634,IGREJA JESUS CRISTO REINA,PROTESTANTE/EVANGÉLICA GENÉRICA,Protestante/Evangélica
2351,310620005660008P,-19.845575,-43.951963,IGREJA JESUS CURA,PROTESTANTE/EVANGÉLICA GENÉRICA,Protestante/Evangélica
2352,310620005670525P,-19.93656,-44.017988,IGREJA JESUS E O CAMINHO,PROTESTANTE/EVANGÉLICA GENÉRICA,Protestante/Evangélica
2353,310620060660167P,-19.804734,-43.936948,IGREJA JESUS E O CAMINHO,PROTESTANTE/EVANGÉLICA GENÉRICA,Protestante/Evangélica
2354,310620005630269P,-19.922504,-43.873157,IGREJA JESUS ESTA VOLTANDO,PROTESTANTE/EVANGÉLICA GENÉRICA,Protestante/Evangélica
2355,310620025610617P,-20.013318,-44.020242,IGREJA JESUS SALVA,PROTESTANTE/EVANGÉLICA GENÉRICA,Protestante/Evangélica
2356,310620060690411P,-19.803883,-43.98281,IGREJA JESUS TE AMA,PROTESTANTE/EVANGÉLICA GENÉRICA,Protestante/Evangélica
2357,310620005620109P,-19.934763,-43.907725,IGREJA JUDAICA MESSIANICA,PROTESTANTE/EVANGÉLICA GENÉRICA,Protestante/Evangélica
2358,310620060690190P,-19.810086,-44.003404,IGREJA KIDS,PROTESTANTE/EVANGÉLICA GENÉRICA,Protestante/Evangélica
2359,310620005630422P,-19.913269,-43.892382,IGREJA LABAREDAS DE JUSTICA DE MISSOES,PROTESTANTE/EVANGÉLICA GENÉRICA,Protestante/Evangélica
2360,310620005680456P,-19.86668,-44.02001,IGREJA LAGOINHA,PROTESTANTE/EVANGÉLICA GENÉRICA,Protestante/Evangélica
2361,310620005680125P,-19.868282,-43.945711,IGREJA LAGOINHA,PROTESTANTE/EVANGÉLICA GENÉRICA,Protestante/Evangélica
2362,310620025610467P,-19.95649,-44.003678,IGREJA LAR NAZARE,PROTESTANTE/EVANGÉLICA GENÉRICA,Protestante/Evangélica
2363,310620005670048P,-19.952935,-43.972884,IGREJA LEAO DA TRIBO,PROTESTANTE/EVANGÉLICA GENÉRICA,Protestante/Evangélica
2364,310620005650035P,-19.919848000000002,-44.000373,IGREJA LIRIO DO CAMPO,PROTESTANTE/EVANGÉLICA GENÉRICA,Protestante/Evangélica
2365,310620005690002P,-19.825792,-43.998044,IGREJA LIRIO DOS VALES,PROTESTANTE/EVANGÉLICA GENÉRICA,Protestante/Evangélica
2366,310620060640092P,-19.868807,-43.903276,IGREJA LIRIO DOS VALES,PROTESTANTE/EVANGÉLICA GENÉRICA,Protestante/Evangélica
2367,310620005680152P,-19.872696,-43.995585,IGREJA LIVRE,PROTESTANTE/EVANGÉLICA GENÉRICA,Protestante/Evangélica
2368,310620025610466P,-19.989721,-43.998089,IGREJA LOGOS COMUNIDAFE CRISTA,PROTESTANTE/EVANGÉLICA GENÉRICA,Protestante/Evangélica
2369,310620025610493P,-19.999091,-44.027279,IGREJA LOJAS VAGAS,PROTESTANTE/EVANGÉLICA GENÉRICA,Protestante/Evangélica
2370,310620060690123P,-19.800474,-43.956891,IGREJA LOUVORES DE SIAO,PROTESTANTE/EVANGÉLICA GENÉRICA,Protestante/Evangélica
2371,310620005660019P,-19.841849,-43.949704,IGREJA LUGAR DE NOVAS HISTORIAS,PROTESTANTE/EVANGÉLICA GENÉRICA,Protestante/Evangélica
2372,310620060660288P,-19.852833,-43.930265,IGREJA LUGAR DE ORACAO,PROTESTANTE/EVANGÉLICA GENÉRICA,Protestante/Evangélica
2373,310620005650480P,-19.919942,-43.978691,IGREJA LUGAR SAGRADO,PROTESTANTE/EVANGÉLICA GENÉRICA,Protestante/Evangélica
2374,310620005620768P,-19.922761,-43.924538,IGREJA LUTERANA,PROTESTANTE HISTÓRICA,Protestante/Evangélica
2375,310620005620614P,-19.939399,-43.920748,IGREJA LUTERANA,PROTESTANTE HISTÓRICA,Protestante/Evangélica
2376,310620060640283P,-19.858491,-43.89611,IGREJA LUZ DA VIDA,PROTESTANTE/EVANGÉLICA GENÉRICA,Protestante/Evangélica
2377,310620060640336P,-19.83649,-43.873737,IGREJA LUZ E SOL DA TERRA,PROTESTANTE/EVANGÉLICA GENÉRICA,Protestante/Evangélica
2378,310620005670192P,-19.946397,-44.003953,IGREJA MACONARIA,PROTESTANTE/EVANGÉLICA GENÉRICA,Protestante/Evangélica
2379,310620060690199P,-19.785696,-43.981409,IGREJA MAIS DE DEUS,PROTESTANTE/EVANGÉLICA GENÉRICA,Protestante/Evangélica
2380,310620005630326P,-19.910574,-43.90858,IGREJA MANACIAL,PROTESTANTE/EVANGÉLICA GENÉRICA,Protestante/Evangélica
2381,310620060660014P,-19.826688,-43.92903,IGREJA MAOS DO OLEIROS,PROTESTANTE/EVANGÉLICA GENÉRICA,Protestante/Evangélica
2382,310620060640040P,-19.836337,-43.889983,IGREJA MARANATA,PROTESTANTE/EVANGÉLICA GENÉRICA,Protestante/Evangélica
2383,310620060690354P,-19.82424,-44.004937,IGREJA MARANATA,PROTESTANTE/EVANGÉLICA GENÉRICA,Protestante/Evangélica
2384,310620025610140P,-19.986673,-44.037112,IGREJA MARANATA,PROTESTANTE/EVANGÉLICA GENÉRICA,Protestante/Evangélica
2385,310620025610150P,-19.980022,-44.016389,IGREJA MARANATA,PROTESTANTE/EVANGÉLICA GENÉRICA,Protestante/Evangélica
2386,310620025610156P,-19.995715,-43.995249,IGREJA MARANATA,PROTESTANTE/EVANGÉLICA GENÉRICA,Protestante/Evangélica
2387,310620025610322P,-19.996516,-43.999757,IGREJA MARANATA,PROTESTANTE/EVANGÉLICA GENÉRICA,Protestante/Evangélica
2388,310620025610587P,-19.979607,-44.045245,IGREJA MARANATA,PROTESTANTE/EVANGÉLICA GENÉRICA,Protestante/Evangélica
2389,310620025610587P,-19.979851,-44.045182,IGREJA MARANATA,PROTESTANTE/EVANGÉLICA GENÉRICA,Protestante/Evangélica
2390,310620005670760P,-19.942039,-44.018084,IGREJA MARANATA,PROTESTANTE/EVANGÉLICA GENÉRICA,Protestante/Evangélica
2391,310620060640183P,-19.831346,-43.896437,IGREJA MARANATA,PROTESTANTE/EVANGÉLICA GENÉRICA,Protestante/Evangélica
2392,310620005640047P,-19.891451,-43.926184,IGREJA MARANATA,PROTESTANTE/EVANGÉLICA GENÉRICA,Protestante/Evangélica
2393,310620025610644P,-20.003225,-44.026548,IGREJA MARANATA,PROTESTANTE/EVANGÉLICA GENÉRICA,Protestante/Evangélica
2394,310620025610104P,-19.985015,-44.012064,IGREJA MARANATA,PROTESTANTE/EVANGÉLICA GENÉRICA,Protestante/Evangélica
2395,310620005640260P,-19.881481,-43.924512,IGREJA MARANATA,PROTESTANTE/EVANGÉLICA GENÉRICA,Protestante/Evangélica
2396,310620025610158P,-19.992245,-44.054899,IGREJA MARANATA,PROTESTANTE/EVANGÉLICA GENÉRICA,Protestante/Evangélica
2397,310620025610066P,-20.010107,-44.008535,IGREJA MARCA DA PROMESSA,PROTESTANTE/EVANGÉLICA GENÉRICA,Protestante/Evangélica
2398,310620060660343P,-19.8405,-43.912387,IGREJA MARIA DE DEUS,PROTESTANTE/EVANGÉLICA GENÉRICA,Protestante/Evangélica
2399,310620005630368P,-19.887097,-43.908267,IGREJA MATRIZ NOSSA SENHORA DE NAZARE,CATÓLICA,Católica
2400,310620025610507P,-19.993706,-44.051746,IGREJA MEMORIAL DE JESUS,PROTESTANTE/EVANGÉLICA GENÉRICA,Protestante/Evangélica
2401,310620060690189P,-19.809374,-44.001325,IGREJA MENINO DE JESUS,PROTESTANTE/EVANGÉLICA GENÉRICA,Protestante/Evangélica
2402,310620025610253P,-19.985378,-43.984466,IGREJA MENINO DE JESUS DE PRAGA,PROTESTANTE/EVANGÉLICA GENÉRICA,Protestante/Evangélica
2403,310620060690131P,-19.813358,-43.959802,IGREJA MESSIANICA,PROTESTANTE/EVANGÉLICA GENÉRICA,Protestante/Evangélica
2404,310620005640046P,-19.890236,-43.927658,IGREJA MESSIANICA MUNDIAL DO BRASIL,NEOPENTECOSTAL,Protestante/Evangélica
2405,310620005650689P,-19.914904,-43.979974,IGREJA MESSIANICA MUNDIAL DO BRASIL,NEOPENTECOSTAL,Protestante/Evangélica
2406,310620060690334P,-19.80458,-43.994207,IGREJA METODISTA,PROTESTANTE HISTÓRICA,Protestante/Evangélica
2407,310620005670071P,-19.95385,-43.991237,IGREJA METODISTA,PROTESTANTE HISTÓRICA,Protestante/Evangélica
2408,310620005680321P,-19.900322,-43.985867,IGREJA METODISTA,PROTESTANTE HISTÓRICA,Protestante/Evangélica
2409,310620005650097P,-19.928923,-44.001906,IGREJA METODISTA,PROTESTANTE HISTÓRICA,Protestante/Evangélica
2410,310620005620057P,-19.922874,-43.920444,IGREJA METODISTA,PROTESTANTE HISTÓRICA,Protestante/Evangélica
2411,310620005630097P,-19.919744,-43.904698,IGREJA METODISTA,PROTESTANTE HISTÓRICA,Protestante/Evangélica
2412,310620025610466P,-19.989391,-43.997806,IGREJA METODISTA,PROTESTANTE HISTÓRICA,Protestante/Evangélica
2413,310620005630260P,-19.918267,-43.878582,IGREJA METODISTA,PROTESTANTE HISTÓRICA,Protestante/Evangélica
2414,310620005630128P,-19.909549,-43.889433,IGREJA METODISTA,PROTESTANTE HISTÓRICA,Protestante/Evangélica
2415,310620025610443P,-20.007955,-44.038904,IGREJA METODISTA,PROTESTANTE HISTÓRICA,Protestante/Evangélica
2416,310620005640133P,-19.882541,-43.916926,IGREJA METODISTA,PROTESTANTE HISTÓRICA,Protestante/Evangélica
2417,310620025610031P,-19.997405,-44.007835,IGREJA METODISTA,PROTESTANTE HISTÓRICA,Protestante/Evangélica
2418,310620060660390P,-19.799617,-43.913376,IGREJA METODISTA,PROTESTANTE HISTÓRICA,Protestante/Evangélica
2419,310620005650257P,-19.900324,-44.008717,IGREJA METODISTA,PROTESTANTE HISTÓRICA,Protestante/Evangélica
2420,310620025610031P,-19.997486,-44.007904,IGREJA METODISTA,PROTESTANTE HISTÓRICA,Protestante/Evangélica
2421,310620005670040P,-19.946737,-43.983209,IGREJA METODISTA,PROTESTANTE HISTÓRICA,Protestante/Evangélica
2422,310620005630469P,-19.907812,-43.938248,IGREJA METODISTA,PROTESTANTE HISTÓRICA,Protestante/Evangélica
2423,310620005680335P,-19.902772,-43.998465,IGREJA METODISTA,PROTESTANTE HISTÓRICA,Protestante/Evangélica
2424,310620005650395P,-19.911453,-43.962893,IGREJA METODISTA,PROTESTANTE HISTÓRICA,Protestante/Evangélica
2425,310620005630103P,-19.917219,-43.914649,IGREJA METODISTA,PROTESTANTE HISTÓRICA,Protestante/Evangélica
2426,310620060640048P,-19.852339,-43.911203,IGREJA METODISTA,PROTESTANTE HISTÓRICA,Protestante/Evangélica
2427,310620005640026P,-19.886116,-43.94227,IGREJA METODISTA,PROTESTANTE HISTÓRICA,Protestante/Evangélica
2428,310620005640099P,-19.900717,-43.936264,IGREJA METODISTA DO BRASIL,PROTESTANTE HISTÓRICA,Protestante/Evangélica
2429,310620005620181P,-19.922124,-43.937463,IGREJA METODISTA DO BRASIL,PROTESTANTE HISTÓRICA,Protestante/Evangélica
2430,310620005630038P,-19.911855,-43.912989,IGREJA METODISTA DO SANTA TEREZA,PROTESTANTE HISTÓRICA,Protestante/Evangélica
2431,310620060690240P,-19.815777,-43.958042,IGREJA METODISTA EM VENDA NOVA,PROTESTANTE HISTÓRICA,Protestante/Evangélica
2432,310620005670497P,-19.93734,-44.003553,IGREJA METODISTA EM VILA OESTE,PROTESTANTE HISTÓRICA,Protestante/Evangélica
2433,310620005620690P,-19.932881,-43.939712,IGREJA METODISTA IZABELA HENDRIX,PROTESTANTE HISTÓRICA,Protestante/Evangélica
2434,310620060690141P,-19.82313,-43.966359,IGREJA METODISTA JESUS CRISTO E O SENHOR,PROTESTANTE HISTÓRICA,Protestante/Evangélica
2435,310620060680046P,-19.843388,-43.960641,IGREJA METODISTA MINHA IGREJA NA CIDADE,PROTESTANTE HISTÓRICA,Protestante/Evangélica
2436,310620060660141P,-19.834413,-43.946329,IGREJA METODISTA NO PLANALTO,PROTESTANTE HISTÓRICA,Protestante/Evangélica
2437,310620005650395P,-19.911535,-43.962853,IGREJA METODISTA SECRETARIA,PROTESTANTE HISTÓRICA,Protestante/Evangélica
2438,310620025610388P,-19.976096,-44.055634,IGREJA METODISTA TORRE FORTE,PROTESTANTE HISTÓRICA,Protestante/Evangélica
2439,310620025610470P,-19.974987,-44.061573,IGREJA METODISTA WESLEIANA,PROTESTANTE HISTÓRICA,Protestante/Evangélica
2440,310620060690134P,-19.816916,-43.963982,IGREJA METODISTA WESLEYANA,PROTESTANTE HISTÓRICA,Protestante/Evangélica
2441,310620025610344P,-19.991922,-44.032878,IGREJA METODISTA WESLEYANA,PROTESTANTE HISTÓRICA,Protestante/Evangélica
2442,310620005670735P,-19.969388,-43.980781,IGREJA METODISTA WESLEYANA,PROTESTANTE HISTÓRICA,Protestante/Evangélica
2443,310620060640056P,-19.833807,-43.896039,IGREJA METODISTA WESLEYANA,PROTESTANTE HISTÓRICA,Protestante/Evangélica
2444,310620025610541P,-19.991619,-44.000357,IGREJA METODISTA WESLYANA,PROTESTANTE HISTÓRICA,Protestante/Evangélica
2445,310620005670545P,-19.960379,-43.991087,IGREJA MEVAM MINISTERIO,PROTESTANTE/EVANGÉLICA GENÉRICA,Protestante/Evangélica
2446,310620060640037P,-19.838833,-43.892505,IGREJA MINISTEIO INTRNACIONAL DA RENOVACA,PROTESTANTE/EVANGÉLICA GENÉRICA,Protestante/Evangélica
2447,310620060690075P,-19.826124,-43.982827,IGREJA MINISTERIAL DEUS E BOM,PROTESTANTE/EVANGÉLICA GENÉRICA,Protestante/Evangélica
2448,310620060690031P,-19.803593,-43.982175,IGREJA MINISTERIAL DEUS E BOM,PROTESTANTE/EVANGÉLICA GENÉRICA,Protestante/Evangélica
2449,310620025610288P,-19.992301,-44.022453,IGREJA MINISTERIAL PENTECOSTAL AGAPE,PENTECOSTAL CLÁSSICA,Protestante/Evangélica
2450,310620025610265P,-19.976026,-44.057008,IGREJA MINISTERIO BATISTA,PROTESTANTE HISTÓRICA,Protestante/Evangélica
2451,310620060640121P,-19.829498,-43.867618,IGREJA MINISTERIO CASA DE ORACAO DO SENHOR E A GUERRA,PROTESTANTE/EVANGÉLICA GENÉRICA,Protestante/Evangélica
2452,310620005640135P,-19.904785,-43.936172,IGREJA MINISTERIO CRISTAO RESGATE,PROTESTANTE/EVANGÉLICA GENÉRICA,Protestante/Evangélica
2453,310620005670738P,-19.953076,-43.970404,IGREJA MINISTERIO CRISTO AO ALCANCE DE T,PROTESTANTE/EVANGÉLICA GENÉRICA,Protestante/Evangélica
2454,310620025610504P,-20.0149,-44.037975,IGREJA MINISTERIO DE EVAGELIZACAO SEMEANDO KIDS,PROTESTANTE/EVANGÉLICA GENÉRICA,Protestante/Evangélica
2455,310620025610126P,-20.024334,-44.030337,IGREJA MINISTERIO EVANGELICO GILCAL,PROTESTANTE/EVANGÉLICA GENÉRICA,Protestante/Evangélica
2456,310620025610158P,-19.991957,-44.056059,IGREJA MINISTERIO FAMILIA DA FE,PROTESTANTE/EVANGÉLICA GENÉRICA,Protestante/Evangélica
2457,310620025610636P,-19.994466,-44.015121,IGREJA MINISTERIO FOGO E GLORIA,PROTESTANTE/EVANGÉLICA GENÉRICA,Protestante/Evangélica
2458,310620060640236P,-19.844605,-43.908075,IGREJA MINISTERIO FONTE DE AGUA VIVA,PROTESTANTE/EVANGÉLICA GENÉRICA,Protestante/Evangélica
2459,310620060690511P,-19.802814,-43.954153,IGREJA MINISTERIO INTER,PROTESTANTE/EVANGÉLICA GENÉRICA,Protestante/Evangélica
2460,310620060640293P,-19.858613,-43.881939,IGREJA MINISTERIO MISSAO ALFA,CATÓLICA,Católica
2461,310620060640081P,-19.864603,-43.903679,IGREJA MINISTERIO PEDRA VIVA,PROTESTANTE/EVANGÉLICA GENÉRICA,Protestante/Evangélica
2462,310620005650149P,-19.900446,-43.956257,IGREJA MINISTERIO PENIEL,PROTESTANTE/EVANGÉLICA GENÉRICA,Protestante/Evangélica
2463,310620060640054P,-19.836207,-43.900554,IGREJA MINISTERIO PENIEL DE EVANGELIZACA,PROTESTANTE/EVANGÉLICA GENÉRICA,Protestante/Evangélica
2464,310620060690336P,-19.795612,-43.988222,IGREJA MINISTERIO PENTECOSTAL,PENTECOSTAL CLÁSSICA,Protestante/Evangélica
2465,310620060640172P,-19.850997,-43.906586,IGREJA MINISTERIO PENTECOSTAL DEUS E FIEL,PENTECOSTAL CLÁSSICA,Protestante/Evangélica
2466,310620005630058P,-19.915012,-43.892683,IGREJA MINISTERIO PROFETICO KAIROS,PROTESTANTE/EVANGÉLICA GENÉRICA,Protestante/Evangélica
2467,310620060660273P,-19.839783,-43.907542,IGREJA MINISTERIO RENASCENDO EM CRISTO,PROTESTANTE/EVANGÉLICA GENÉRICA,Protestante/Evangélica
2468,310620060640100P,-19.861989,-43.917272,IGREJA MINISTERIO RENOVADO TEMPLO DO DEUS VIVO,PROTESTANTE/EVANGÉLICA GENÉRICA,Protestante/Evangélica
2469,310620025610343P,-19.994067,-44.030465,IGREJA MINISTERIO SERVOS,PROTESTANTE/EVANGÉLICA GENÉRICA,Protestante/Evangélica
2470,310620005680321P,-19.901414,-43.985538,IGREJA MINISTERIO VIRTUDE,PROTESTANTE/EVANGÉLICA GENÉRICA,Protestante/Evangélica
2471,310620060680023P,-19.830026,-43.970251,IGREJA MINISTERIO VISAO DE AGUIA,CATÓLICA,Católica
2472,310620060640121P,-19.827781,-43.868339,IGREJA MISSAO,CATÓLICA,Católica
2473,310620060690338P,-19.804532,-43.9605,IGREJA MISSAO,CATÓLICA,Católica
2474,310620060660083P,-19.843384,-43.915588,IGREJA MISSAO APOSTOLICA DA FE,CATÓLICA,Católica
2475,310620025610493P,-19.99919,-44.026708,IGREJA MISSAO BATISTA NOVA ALIANCA,PROTESTANTE HISTÓRICA,Protestante/Evangélica
2476,310620060690178P,-19.824101,-44.007321,IGREJA MISSAO BETESDA,CATÓLICA,Católica
2477,310620005650487P,-19.934238,-43.996062,IGREJA MISSAO EVANGELICA DO BRASIL,CATÓLICA,Católica
2478,310620005630158P,-19.893293,-43.897082,IGREJA MISSAO EVANGELICA DO BRASIL,CATÓLICA,Católica
2479,310620025610330P,-19.996925,-44.051644,IGREJA MISSAO EVANGELICA FRUTO DA VIDA,CATÓLICA,Católica
2480,310620025610612P,-20.002908,-44.031992,IGREJA MISSAO EVANGELICA FRUTO DS VIDA,CATÓLICA,Católica
2481,310620025610174P,-19.971932,-44.021223,IGREJA MISSAO EVANGELICA IDE,CATÓLICA,Católica
2482,310620060640288P,-19.849137,-43.879543,IGREJA MISSAO EVANGELICA NOVA VIDA,CATÓLICA,Católica
2483,310620005650460P,-19.911644,-44.006578,IGREJA MISSAO FILADELFIA,CATÓLICA,Católica
2484,310620005640088P,-19.878348,-43.924954,IGREJA MISSAO FILADELFIA,CATÓLICA,Católica
2485,310620005680240P,-19.84124,-44.007402,IGREJA MISSAO PRIMEIRO AMOR,CATÓLICA,Católica
2486,310620005630267P,-19.921082,-43.87963,IGREJA MISSAO TAQUARIL,CATÓLICA,Católica
2487,310620005650365P,-19.904961,-43.948911,IGREJA MISSIONARIA,PROTESTANTE/EVANGÉLICA GENÉRICA,Protestante/Evangélica
2488,310620060690285P,-19.824774,-43.958626,IGREJA MISSIONARIA A VOLTA DE CRISTO O LEAO DE JUDA,PROTESTANTE/EVANGÉLICA GENÉRICA,Protestante/Evangélica
2489,310620005640133P,-19.881933,-43.91629,IGREJA MISSIONARIA AGUA VIVA,PROTESTANTE/EVANGÉLICA GENÉRICA,Protestante/Evangélica
2490,310620060660248P,-19.830762,-43.904165,IGREJA MISSIONARIA ARAUTOS DA FE,PROTESTANTE/EVANGÉLICA GENÉRICA,Protestante/Evangélica
2491,310620060690337P,-19.796685,-43.985118,IGREJA MISSIONARIA CASA DE BENCAO,PROTESTANTE/EVANGÉLICA GENÉRICA,Protestante/Evangélica
2492,310620060640153P,-19.861742,-43.883451,IGREJA MISSIONARIA CRESCER EM CRIATO,PROTESTANTE/EVANGÉLICA GENÉRICA,Protestante/Evangélica
2493,310620005630019P,-19.911424,-43.901097,IGREJA MISSIONARIA DISCIPULOS DE JESUS,PROTESTANTE/EVANGÉLICA GENÉRICA,Protestante/Evangélica
2494,310620005640132P,-19.86813,-43.930064,IGREJA MISSIONARIA DO OLEIRO,PROTESTANTE/EVANGÉLICA GENÉRICA,Protestante/Evangélica
2495,310620025610135P,-19.992414,-44.042057,IGREJA MISSIONARIA DO TIROL,PROTESTANTE/EVANGÉLICA GENÉRICA,Protestante/Evangélica
2496,310620060660226P,-19.844467,-43.945332,IGREJA MISSIONARIA EVANGELICA O PODER DA FE,PROTESTANTE/EVANGÉLICA GENÉRICA,Protestante/Evangélica
2497,310620025610039P,-20.011842,-44.028594,IGREJA MISSIONARIA FILADELFIA,PROTESTANTE/EVANGÉLICA GENÉRICA,Protestante/Evangélica
2498,310620025610336P,-20.014602,-44.021945,IGREJA MISSIONARIA GERACAO ELEITA,PROTESTANTE/EVANGÉLICA GENÉRICA,Protestante/Evangélica
2499,310620060660190P,-19.81015,-43.894221,IGREJA MISSIONARIA HERDEIROS DE DEUS,PROTESTANTE/EVANGÉLICA GENÉRICA,Protestante/Evangélica
2500,310620060660422P,-19.818923,-43.886937,IGREJA MISSIONARIA HERDEIROS DE DEUS,PROTESTANTE/EVANGÉLICA GENÉRICA,Protestante/Evangélica
2501,310620060690531P,-19.819481,-43.993125,IGREJA MISSIONARIA IDE,PROTESTANTE/EVANGÉLICA GENÉRICA,Protestante/Evangélica
2502,310620005630060P,-19.914654,-43.900765,IGREJA MISSIONARIA IRIMRRSS,PROTESTANTE/EVANGÉLICA GENÉRICA,Protestante/Evangélica
2503,310620025610083P,-20.005906,-44.039462,IGREJA MISSIONARIA JESUS E O CORDEIRO,PROTESTANTE/EVANGÉLICA GENÉRICA,Protestante/Evangélica
2504,310620005630064P,-19.919796,-43.912713,IGREJA MISSIONARIA JESUS REI DOS REIS,PROTESTANTE/EVANGÉLICA GENÉRICA,Protestante/Evangélica
2505,310620060690102P,-19.805512,-43.999982,IGREJA MISSIONARIA MUNDIAL DA RESTOURACAO,NEOPENTECOSTAL,Protestante/Evangélica
2506,310620005630206P,-19.89162,-43.894106,IGREJA MISSIONARIA ORDENADA DO CORDEIRO,PROTESTANTE/EVANGÉLICA GENÉRICA,Protestante/Evangélica
2507,310620005630253P,-19.908175,-43.884181,IGREJA MISSIONARIA ORDENADA DO CORDEIRO,PROTESTANTE/EVANGÉLICA GENÉRICA,Protestante/Evangélica
2508,310620025610400P,-19.986281,-43.988699,IGREJA MISSIONARIA PENTECOSTAL,PENTECOSTAL CLÁSSICA,Protestante/Evangélica
2509,310620025610206P,-19.99583,-43.988621,IGREJA MISSIONARIA PENTECOSTAL,PENTECOSTAL CLÁSSICA,Protestante/Evangélica
2510,310620060690167P,-19.829934,-43.990794,IGREJA MISSIONARIA PENTECOSTAL KADOSH,PENTECOSTAL CLÁSSICA,Protestante/Evangélica
2511,310620005680077P,-19.873652,-44.009863,IGREJA MISSIONARIA PENTECOSTE DE FOGO,PROTESTANTE/EVANGÉLICA GENÉRICA,Protestante/Evangélica
2512,310620060660251P,-19.860143,-43.932115,IGREJA MISSIONARIA PETENCOSTAL,PENTECOSTAL CLÁSSICA,Protestante/Evangélica
2513,310620005640057P,-19.883295,-43.943776,IGREJA MISSIONARIA PRINCEPE DA PAZ,PROTESTANTE/EVANGÉLICA GENÉRICA,Protestante/Evangélica
2514,310620060660103P,-19.857284,-43.925184,IGREJA MISSIONARIA SANGUE DO CORDEIRO EU SOU,PROTESTANTE/EVANGÉLICA GENÉRICA,Protestante/Evangélica
2515,310620060660415P,-19.853381,-43.927728,IGREJA MISSIONARIA VIDEIRA DE CRISTO,PROTESTANTE/EVANGÉLICA GENÉRICA,Protestante/Evangélica
2516,310620005680087P,-19.87405,-44.012573,IGREJA MISSIONARIO VISAO AGUIA,CATÓLICA,Católica
2517,310620005650423P,-19.908562,-43.976349,IGREJA MISSIONRIA ISRAEL DE DEUS,PROTESTANTE/EVANGÉLICA GENÉRICA,Protestante/Evangélica
2518,310620005670071P,-19.953631,-43.991032,IGREJA MONTE SINAI,PROTESTANTE/EVANGÉLICA GENÉRICA,Protestante/Evangélica
2519,310620005670071P,-19.953674,-43.990918,IGREJA MONTE SINAI,PROTESTANTE/EVANGÉLICA GENÉRICA,Protestante/Evangélica
2520,310620005640121P,-19.878253,-43.922405,IGREJA MORADA DA PAZ,PROTESTANTE/EVANGÉLICA GENÉRICA,Protestante/Evangélica
2521,310620005650665P,-19.902227,-44.006366,IGREJA MORMOS,PROTESTANTE/EVANGÉLICA GENÉRICA,Protestante/Evangélica
2522,310620060660403P,-19.842538,-43.921127,IGREJA MOVIMENTO PENTENCOSTAL FONTE DE AGUA VIVA,PENTECOSTAL CLÁSSICA,Protestante/Evangélica
2523,310620025610157P,-19.996542,-44.053293,IGREJA MUNDIAL,NEOPENTECOSTAL,Protestante/Evangélica
2524,310620060640051P,-19.847558,-43.91069,IGREJA MUNDIAL,NEOPENTECOSTAL,Protestante/Evangélica
2525,310620025610006P,-20.00376,-44.011473,IGREJA MUNDIAL ALIANCA ETERNA,NEOPENTECOSTAL,Protestante/Evangélica
2526,310620005620775P,-19.916396,-43.936011,IGREJA MUNDIAL BOAS NOVAS,NEOPENTECOSTAL,Protestante/Evangélica
2527,310620060660280P,-19.845788,-43.930305,IGREJA MUNDIAL DA PAZ,NEOPENTECOSTAL,Protestante/Evangélica
2528,310620005620500P,-19.914699,-43.933908,IGREJA MUNDIAL DO PODER DE DEUS,NEOPENTECOSTAL,Protestante/Evangélica
2529,310620060690193P,-19.788442,-43.982033,IGREJA MUNDIAL DO PODER DE DEUS,NEOPENTECOSTAL,Protestante/Evangélica
2530,310620060640058P,-19.864848,-43.896738,IGREJA MUNDIAL DO PODER DE DEUS,NEOPENTECOSTAL,Protestante/Evangélica
2531,310620025610454P,-19.988829,-44.036978,IGREJA MUNDIAL DO PODER DE DEUS,NEOPENTECOSTAL,Protestante/Evangélica
2532,310620060690062P,-19.810134,-43.968122,IGREJA MUNDIAL DO PODER DE DEUS,NEOPENTECOSTAL,Protestante/Evangélica
2533,310620005620503P,-19.929969,-43.908037,IGREJA MUNDIAL RENASCER EM CRISTO,NEOPENTECOSTAL,Protestante/Evangélica
2534,310620060690436P,-19.817609,-43.966469,IGREJA MUNDO NOVO,PROTESTANTE/EVANGÉLICA GENÉRICA,Protestante/Evangélica
2535,310620060660005P,-19.838885,-43.930157,IGREJA N S APARECIDA,PROTESTANTE/EVANGÉLICA GENÉRICA,Protestante/Evangélica
2536,310620060690403P,-19.797718,-43.947925,IGREJA N SENHORA AUXILIADORA,PROTESTANTE/EVANGÉLICA GENÉRICA,Protestante/Evangélica
2537,310620060660222P,-19.811325,-43.931698,IGREJA N SRA DE FATIMA,PROTESTANTE/EVANGÉLICA GENÉRICA,Protestante/Evangélica
2538,310620060660050P,-19.841947,-43.925037,IGREJA N SRA PAZ,PROTESTANTE/EVANGÉLICA GENÉRICA,Protestante/Evangélica
2539,310620005670030P,-19.953088,-43.989148,IGREJA NA OBRA DA RESTAURACAO,PROTESTANTE/EVANGÉLICA GENÉRICA,Protestante/Evangélica
2540,310620060640122P,-19.83047,-43.868764,IGREJA NACAO DEUS DO AVIVAMENTO,PROTESTANTE/EVANGÉLICA GENÉRICA,Protestante/Evangélica
2541,310620005680215P,-19.891662,-43.994402,IGREJA NACIONAL DO SENHOR JESUS CRISTO,PROTESTANTE/EVANGÉLICA GENÉRICA,Protestante/Evangélica
2542,310620060690522P,-19.83533,-43.98845,IGREJA NACIONAL GMOLA,PROTESTANTE/EVANGÉLICA GENÉRICA,Protestante/Evangélica
2543,310620060690291P,-19.787596,-43.97673,IGREJA NAS ASAS DO ESPIRITO,ESPÍRITA,Espírita
2544,310620005670421P,-19.937588,-43.974024,IGREJA NAVE,PROTESTANTE/EVANGÉLICA GENÉRICA,Protestante/Evangélica
2545,310620060660034P,-19.826656,-43.932179,IGREJA NAZARENO,PROTESTANTE/EVANGÉLICA GENÉRICA,Protestante/Evangélica
2546,310620060660162P,-19.81302,-43.940667,IGREJA NAZARENO,PROTESTANTE/EVANGÉLICA GENÉRICA,Protestante/Evangélica
2547,310620060690196P,-19.787042,-43.985341,IGREJA NEOPENTECOSTAL,PENTECOSTAL CLÁSSICA,Protestante/Evangélica
2548,310620060640068P,-19.846377,-43.912207,IGREJA NOSSA SENHORA APARECIDA,CATÓLICA,Católica
2549,310620060690191P,-19.806291,-44.001506,IGREJA NOSSA SENHORA APARECIDA,CATÓLICA,Católica
2550,310620005670117P,-19.954704,-43.997984,IGREJA NOSSA SENHORA APARECIDA,CATÓLICA,Católica
2551,310620005670142P,-19.944754,-43.997484,IGREJA NOSSA SENHORA APARECIDA,CATÓLICA,Católica
2552,310620060690127P,-19.807213,-43.961504,IGREJA NOSSA SENHORA APARECIDA,CATÓLICA,Católica
2553,310620005650119P,-19.910522,-44.009086,IGREJA NOSSA SENHORA APARECIDA,CATÓLICA,Católica
2554,310620060690481P,-19.800302,-43.983832,IGREJA NOSSA SENHORA APARECIDA,CATÓLICA,Católica
2555,310620005680543P,-19.867535,-44.020863,IGREJA NOSSA SENHORA AUXILIADORA,CATÓLICA,Católica
2556,310620060660345P,-19.854481,-43.932423,IGREJA NOSSA SENHORA DA BOA UNIAO,CATÓLICA,Católica
2557,310620005620530P,-19.928567,-43.934622,IGREJA NOSSA SENHORA DA BOA VIAGEM,CATÓLICA,Católica
2558,310620005670726P,-19.93644,-44.010441,IGREJA NOSSA SENHORA DA CONCEICAO,CATÓLICA,Católica
2559,310620025610523P,-19.973393,-44.052265,IGREJA NOSSA SENHORA DA CONCEICAO,CATÓLICA,Católica
2560,310620005650246P,-19.90316,-44.024259,IGREJA NOSSA SENHORA DA CONCEICAO,CATÓLICA,Católica
2561,310620060660107P,-19.859958,-43.93013,IGREJA NOSSA SENHORA DA GLORIA,CATÓLICA,Católica
2562,310620060660107P,-19.860169,-43.929974,IGREJA NOSSA SENHORA DA GLORIA,CATÓLICA,Católica
2563,310620005650125P,-19.902277,-44.012125,IGREJA NOSSA SENHORA DA GLORIA,CATÓLICA,Católica
2564,310620005640163P,-19.876413,-43.912319,IGREJA NOSSA SENHORA DA PENHA,CATÓLICA,Católica
2565,310620025610245P,-19.957471,-44.007834,IGREJA NOSSA SENHORA DA PIEDADE,CATÓLICA,Católica
2566,310620025610207P,-19.994596,-43.96123,IGREJA NOSSA SENHORA DA RAIMUNDA,CATÓLICA,Católica
2567,310620005620190P,-19.91536,-43.928024,IGREJA NOSSA SENHORA DAS DORES,CATÓLICA,Católica
2568,310620025610434P,-19.996916,-44.020397,IGREJA NOSSA SENHORA DAS GRACAS,CATÓLICA,Católica
2569,310620060640007P,-19.843262,-43.895458,IGREJA NOSSA SENHORA DE APARECIDA,CATÓLICA,Católica
2570,310620005670196P,-19.942188,-44.000729,IGREJA NOSSA SENHORA DE FATIMA,CATÓLICA,Católica
2571,310620060660410P,-19.837699,-43.910349,IGREJA NOSSA SENHORA DE FATIMA,CATÓLICA,Católica
2572,310620005650209P,-19.918891,-44.013163,IGREJA NOSSA SENHORA DE FATIMA,CATÓLICA,Católica
2573,310620025610372P,-19.988628,-43.99225,IGREJA NOSSA SENHORA DE FATIMA,CATÓLICA,Católica
2574,310620060660241P,-19.839457,-43.920487,IGREJA NOSSA SENHORA DE FATIMA,CATÓLICA,Católica
2575,310620060660241P,-19.839521,-43.920785,IGREJA NOSSA SENHORA DE FATIMA,CATÓLICA,Católica
2576,310620005620079P,-19.944274,-43.934049,IGREJA NOSSA SENHORA DO CARMO,CATÓLICA,Católica
2577,310620060690411P,-19.805058,-43.984627,IGREJA NOSSA SENHORA DO CARMO,CATÓLICA,Católica
2578,310620060660417P,-19.849522,-43.935838,IGREJA NOSSA SENHORA DO PARTO,CATÓLICA,Católica
2579,310620005630118P,-19.891927,-43.904229,IGREJA NOSSA SENHORA DO PERPETUO SOCORRO,CATÓLICA,Católica
2580,310620005630011P,-19.911498,-43.904747,IGREJA NOSSA SENHORA DO ROSARIO,CATÓLICA,Católica
2581,310620060640074P,-19.831948,-43.887791,IGREJA NOSSA SENHORA DO ROSARIO,CATÓLICA,Católica
2582,310620060680009P,-19.839114,-43.967681,IGREJA NOSSA SENHORA DO SAGRADO CORACAO,CATÓLICA,Católica
2583,310620005640063P,-19.874789,-43.938065,IGREJA NOSSA SENHORA DO SANTISSIMO SACRA,CATÓLICA,Católica
2584,310620005620788P,-19.949273,-43.948814,IGREJA NOSSA SENHORA MAE DA IGREJA,CATÓLICA,Católica
2585,310620005630369P,-19.888436,-43.900473,IGREJA NOSSA SENORA MAE DOS HOMENS,PROTESTANTE/EVANGÉLICA GENÉRICA,Protestante/Evangélica
2586,310620060660189P,-19.817914,-43.892726,IGREJA NOSSA SRA APARECIDA,PROTESTANTE/EVANGÉLICA GENÉRICA,Protestante/Evangélica
2587,310620005630255P,-19.917241,-43.885917,IGREJA NOVA ALIANCA,PROTESTANTE/EVANGÉLICA GENÉRICA,Protestante/Evangélica
2588,310620060640239P,-19.857201,-43.87383,IGREJA NOVA ALIANCA DA PAZ,PROTESTANTE/EVANGÉLICA GENÉRICA,Protestante/Evangélica
2589,310620060660184P,-19.800979,-43.925778,IGREJA NOVA JERRUSALEM,PROTESTANTE/EVANGÉLICA GENÉRICA,Protestante/Evangélica
2590,310620060690356P,-19.788329,-43.973726,IGREJA NOVA JERUSALEM,PROTESTANTE/EVANGÉLICA GENÉRICA,Protestante/Evangélica
2591,310620060640023P,-19.851047,-43.887578,IGREJA NOVA JERUSALEM DE CRISTO,PROTESTANTE/EVANGÉLICA GENÉRICA,Protestante/Evangélica
2592,310620060640227P,-19.853956,-43.903565,IGREJA NOVA JERUSALEM DE CRISTO,PROTESTANTE/EVANGÉLICA GENÉRICA,Protestante/Evangélica
2593,310620060690016P,-19.808263,-43.969595,IGREJA NOVA JERUSALEM DE CRISTO,PROTESTANTE/EVANGÉLICA GENÉRICA,Protestante/Evangélica
2594,310620025610617P,-20.011769,-44.019161,IGREJA NOVA JERUSALEM DE CRISTO,PROTESTANTE/EVANGÉLICA GENÉRICA,Protestante/Evangélica
2595,310620060640101P,-19.858898,-43.911461,IGREJA NOVA SIAO,PROTESTANTE/EVANGÉLICA GENÉRICA,Protestante/Evangélica
2596,310620005630399P,-19.916632,-43.87807,IGREJA NOVA VIDA,PROTESTANTE/EVANGÉLICA GENÉRICA,Protestante/Evangélica
2597,310620005650586P,-19.902624,-43.981455,IGREJA NOVO TEMPO,PROTESTANTE/EVANGÉLICA GENÉRICA,Protestante/Evangélica
2598,310620060640200P,-19.862841,-43.913121,IGREJA O CAMINHO DE JESUS,PROTESTANTE/EVANGÉLICA GENÉRICA,Protestante/Evangélica
2599,310620060690492P,-19.817544,-43.998315,IGREJA O CAMINHO E JESUS,PROTESTANTE/EVANGÉLICA GENÉRICA,Protestante/Evangélica
2600,310620060660022P,-19.840615,-43.927356,IGREJA O RETORNO DA GLORIA DE DEUS,PROTESTANTE/EVANGÉLICA GENÉRICA,Protestante/Evangélica
2601,310620005630257P,-19.913533,-43.881451,IGREJA O SENHOR DOS EXERCITOS,PROTESTANTE/EVANGÉLICA GENÉRICA,Protestante/Evangélica
2602,310620060660048P,-19.841053,-43.927727,IGREJA OASIS,PROTESTANTE/EVANGÉLICA GENÉRICA,Protestante/Evangélica
2603,310620060640343P,-19.829717,-43.89029,IGREJA OMEB,PROTESTANTE/EVANGÉLICA GENÉRICA,Protestante/Evangélica
2604,310620060640100P,-19.862413,-43.917124,IGREJA ORGANIZACAO MISSIONARIA EVANGELI,PROTESTANTE/EVANGÉLICA GENÉRICA,Protestante/Evangélica
2605,310620005650362P,-19.906668,-43.94539,IGREJA ORTODOXA SAO PEDRO,CATÓLICA,Católica
2606,310620005680028P,-19.885161,-43.984508,IGREJA OS DISCIPULIS DE JESUS,PROTESTANTE/EVANGÉLICA GENÉRICA,Protestante/Evangélica
2607,310620060690016P,-19.808358,-43.975439,IGREJA OUSADA AMOR,PROTESTANTE/EVANGÉLICA GENÉRICA,Protestante/Evangélica
2608,310620025610593P,-20.008766,-44.013909,IGREJA P FOGO NO ALTAR,PROTESTANTE/EVANGÉLICA GENÉRICA,Protestante/Evangélica
2609,310620060640255P,-19.833121,-43.871237,IGREJA P TARBENACULO DOS MILAGRES,PROTESTANTE/EVANGÉLICA GENÉRICA,Protestante/Evangélica
2610,310620005650164P,-19.915343,-43.974615,IGREJA PADRE EUSTAQUIO,PROTESTANTE/EVANGÉLICA GENÉRICA,Protestante/Evangélica
2611,310620005650252P,-19.891781,-44.015747,IGREJA PADRE TEODORO,PROTESTANTE/EVANGÉLICA GENÉRICA,Protestante/Evangélica
2612,310620060690182P,-19.821362,-44.002892,IGREJA PALAVRA RHEMA,PROTESTANTE/EVANGÉLICA GENÉRICA,Protestante/Evangélica
2613,310620060640113P,-19.874635,-43.902341,IGREJA PALAVRA VIVA,PROTESTANTE/EVANGÉLICA GENÉRICA,Protestante/Evangélica
2614,310620060690117P,-19.797347,-43.974852,IGREJA PALAVRA VIVA DA GRACA,PROTESTANTE/EVANGÉLICA GENÉRICA,Protestante/Evangélica
2615,310620005680548P,-19.903475,-43.994883,IGREJA PARE DE SOFRER,PROTESTANTE/EVANGÉLICA GENÉRICA,Protestante/Evangélica
2616,310620005620784P,-19.929468,-43.924816,IGREJA PAROQUIA DE SANTA HELENA,CATÓLICA,Católica
2617,310620005670733P,-19.95439,-43.993042,IGREJA PAROQUIA SANTO ANTONIO,CATÓLICA,Católica
2618,310620060660124P,-19.845662,-43.943987,IGREJA PAROQUIA SAO BERNARDO,CATÓLICA,Católica
2619,310620025610157P,-19.996472,-44.053548,IGREJA PAZ E VIDA,PROTESTANTE/EVANGÉLICA GENÉRICA,Protestante/Evangélica
2620,310620005680119P,-19.866504,-43.93164,IGREJA PEENCOSTAL DEUS E AMOR,PENTECOSTAL CLÁSSICA,Protestante/Evangélica
2621,310620060690169P,-19.829958,-43.991798,IGREJA PENECOSTAL VIVA JESUS,PROTESTANTE/EVANGÉLICA GENÉRICA,Protestante/Evangélica
2622,310620025610444P,-19.996637,-44.05009,IGREJA PENIEL,PROTESTANTE/EVANGÉLICA GENÉRICA,Protestante/Evangélica
2623,310620025610646P,-19.990431,-44.055701,IGREJA PENIEL,PROTESTANTE/EVANGÉLICA GENÉRICA,Protestante/Evangélica
2624,310620025610436P,-20.000346,-44.024683,IGREJA PENT CAMINHANDO P CANAA,PROTESTANTE/EVANGÉLICA GENÉRICA,Protestante/Evangélica
2625,310620005630258P,-19.91387,-43.882142,IGREJA PENT CORACAO ABERTO PARA REATAURACAO,PROTESTANTE/EVANGÉLICA GENÉRICA,Protestante/Evangélica
2626,310620005670121P,-19.951448,-43.997375,IGREJA PENT DE MISSOES,PROTESTANTE/EVANGÉLICA GENÉRICA,Protestante/Evangélica
2627,310620060660398P,-19.825384,-43.927174,IGREJA PENT FORMOSA,PROTESTANTE/EVANGÉLICA GENÉRICA,Protestante/Evangélica
2628,310620060660068P,-19.832542,-43.91691,IGREJA PENTACOSTAL MISS TEMPO DE VIDA EM CRISTO,PROTESTANTE/EVANGÉLICA GENÉRICA,Protestante/Evangélica
2629,310620060660075P,-19.839252,-43.907493,IGREJA PENTCOSTAL FE EM DEUS,PROTESTANTE/EVANGÉLICA GENÉRICA,Protestante/Evangélica
2630,310620060660235P,-19.858868,-43.929874,IGREJA PENTCOSTAL TEMPLO SANTO,CATÓLICA,Católica
2631,310620060690056P,-19.802292,-43.971996,IGREJA PENTECISTAL,PROTESTANTE/EVANGÉLICA GENÉRICA,Protestante/Evangélica
2632,310620005640028P,-19.881482,-43.940184,IGREJA PENTECISTAL,PROTESTANTE/EVANGÉLICA GENÉRICA,Protestante/Evangélica
2633,310620060640250P,-19.845816,-43.896829,IGREJA PENTECISTAL BAVAREDA DE FIGI,PROTESTANTE/EVANGÉLICA GENÉRICA,Protestante/Evangélica
2634,310620005620295P,-19.954357,-43.943383,IGREJA PENTECISTAL CLAMANDO A SALVACAO,PROTESTANTE/EVANGÉLICA GENÉRICA,Protestante/Evangélica
2635,310620005640119P,-19.871701,-43.924167,IGREJA PENTECISTAL DEUS E AMOR,PENTECOSTAL CLÁSSICA,Protestante/Evangélica
2636,310620005620296P,-19.953784,-43.943016,IGREJA PENTECISTAL NOVA GERUSALEM DE CRUSTO,PROTESTANTE/EVANGÉLICA GENÉRICA,Protestante/Evangélica
2637,310620060640187P,-19.858604,-43.871242,IGREJA PENTECISTAL SANTIDADE AO SENHOR,PROTESTANTE/EVANGÉLICA GENÉRICA,Protestante/Evangélica
2638,310620060660014P,-19.826737,-43.92931,IGREJA PENTECOATAL BRASAS VIVAS,PENTECOSTAL CLÁSSICA,Protestante/Evangélica
2639,310620060660344P,-19.844012,-43.913685,IGREJA PENTECOSAL,PROTESTANTE/EVANGÉLICA GENÉRICA,Protestante/Evangélica
2640,310620025610449P,-19.997678,-43.99394,IGREJA PENTECOSAL,PROTESTANTE/EVANGÉLICA GENÉRICA,Protestante/Evangélica
2641,310620005680308P,-19.899702,-43.988336,IGREJA PENTECOSTA PORTAS ABERTAS,PROTESTANTE/EVANGÉLICA GENÉRICA,Protestante/Evangélica
2642,310620060660043P,-19.835713,-43.921096,IGREJA PENTECOSTAL,PENTECOSTAL CLÁSSICA,Protestante/Evangélica
2643,310620005650613P,-19.904775,-44.007025,IGREJA PENTECOSTAL,PENTECOSTAL CLÁSSICA,Protestante/Evangélica
2644,310620060660410P,-19.839462,-43.911668,IGREJA PENTECOSTAL,PENTECOSTAL CLÁSSICA,Protestante/Evangélica
2645,310620060690185P,-19.814822,-44.007237,IGREJA PENTECOSTAL,PENTECOSTAL CLÁSSICA,Protestante/Evangélica
2646,310620005670144P,-19.947624,-43.995205,IGREJA PENTECOSTAL,PENTECOSTAL CLÁSSICA,Protestante/Evangélica
2647,310620025610326P,-20.024087,-44.025982,IGREJA PENTECOSTAL,PENTECOSTAL CLÁSSICA,Protestante/Evangélica
2648,310620060640304P,-19.852262,-43.900113,IGREJA PENTECOSTAL,PENTECOSTAL CLÁSSICA,Protestante/Evangélica
2649,310620060640227P,-19.853271,-43.902853,IGREJA PENTECOSTAL,PENTECOSTAL CLÁSSICA,Protestante/Evangélica
2650,310620005680456P,-19.865432,-44.021231,IGREJA PENTECOSTAL,PENTECOSTAL CLÁSSICA,Protestante/Evangélica
2651,310620060690505P,-19.822699,-43.963345,IGREJA PENTECOSTAL,PENTECOSTAL CLÁSSICA,Protestante/Evangélica
2652,310620005670346P,-19.952874,-43.974553,IGREJA PENTECOSTAL,PENTECOSTAL CLÁSSICA,Protestante/Evangélica
2653,310620060660049P,-19.843451,-43.92632,IGREJA PENTECOSTAL,PENTECOSTAL CLÁSSICA,Protestante/Evangélica
2654,310620025610494P,-20.000472,-44.024246,IGREJA PENTECOSTAL,PENTECOSTAL CLÁSSICA,Protestante/Evangélica
2655,310620005650206P,-19.928699,-44.012275,IGREJA PENTECOSTAL,PENTECOSTAL CLÁSSICA,Protestante/Evangélica
2656,310620005640205P,-19.89599,-43.938696,IGREJA PENTECOSTAL,PENTECOSTAL CLÁSSICA,Protestante/Evangélica
2657,310620005680444P,-19.86922,-44.017292,IGREJA PENTECOSTAL,PENTECOSTAL CLÁSSICA,Protestante/Evangélica
2658,310620060660103P,-19.85902,-43.925367,IGREJA PENTECOSTAL,PENTECOSTAL CLÁSSICA,Protestante/Evangélica
2659,310620025610305P,-20.009111,-44.033874,IGREJA PENTECOSTAL,PENTECOSTAL CLÁSSICA,Protestante/Evangélica
2660,310620060640192P,-19.865781,-43.902333,IGREJA PENTECOSTAL,PENTECOSTAL CLÁSSICA,Protestante/Evangélica
2661,310620005620472P,-19.934311,-43.902687,IGREJA PENTECOSTAL,PENTECOSTAL CLÁSSICA,Protestante/Evangélica
2662,310620005620513P,-19.933425,-43.908867,IGREJA PENTECOSTAL,PENTECOSTAL CLÁSSICA,Protestante/Evangélica
2663,310620005620724P,-19.954705,-43.942129,IGREJA PENTECOSTAL,PENTECOSTAL CLÁSSICA,Protestante/Evangélica
2664,310620025610631P,-19.998115,-43.98396,IGREJA PENTECOSTAL,PENTECOSTAL CLÁSSICA,Protestante/Evangélica
2665,310620060640085P,-19.863448000000002,-43.911363,IGREJA PENTECOSTAL,PENTECOSTAL CLÁSSICA,Protestante/Evangélica
2666,310620060640123P,-19.838221,-43.864804,IGREJA PENTECOSTAL,PENTECOSTAL CLÁSSICA,Protestante/Evangélica
2667,310620060660056P,-19.839101,-43.940381,IGREJA PENTECOSTAL,PENTECOSTAL CLÁSSICA,Protestante/Evangélica
2668,310620025610632P,-20.007029,-44.025221,IGREJA PENTECOSTAL,PENTECOSTAL CLÁSSICA,Protestante/Evangélica
2669,310620060690160P,-19.830877,-43.984583,IGREJA PENTECOSTAL,PENTECOSTAL CLÁSSICA,Protestante/Evangélica
2670,310620025610632P,-20.006553,-44.025082,IGREJA PENTECOSTAL,PENTECOSTAL CLÁSSICA,Protestante/Evangélica
2671,310620025610337P,-20.014367,-44.026652,IGREJA PENTECOSTAL,PENTECOSTAL CLÁSSICA,Protestante/Evangélica
2672,310620005680547P,-19.83222,-44.009807,IGREJA PENTECOSTAL,PENTECOSTAL CLÁSSICA,Protestante/Evangélica
2673,310620005650357P,-19.901492,-43.949753,IGREJA PENTECOSTAL,PENTECOSTAL CLÁSSICA,Protestante/Evangélica
2674,310620025610622P,-19.996691,-43.964247,IGREJA PENTECOSTAL,PENTECOSTAL CLÁSSICA,Protestante/Evangélica
2675,310620060690135P,-19.815213,-43.963482,IGREJA PENTECOSTAL,PENTECOSTAL CLÁSSICA,Protestante/Evangélica
2676,310620005650613P,-19.904521,-44.006976,IGREJA PENTECOSTAL,PENTECOSTAL CLÁSSICA,Protestante/Evangélica
2677,310620060690504P,-19.820999,-43.964989,IGREJA PENTECOSTAL,PENTECOSTAL CLÁSSICA,Protestante/Evangélica
2678,310620005670781P,-19.955267,-43.991808,IGREJA PENTECOSTAL,PENTECOSTAL CLÁSSICA,Protestante/Evangélica
2679,310620060690137P,-19.820206,-43.961095,IGREJA PENTECOSTAL,PENTECOSTAL CLÁSSICA,Protestante/Evangélica
2680,310620060660205P,-19.824722,-43.943244,IGREJA PENTECOSTAL,PENTECOSTAL CLÁSSICA,Protestante/Evangélica
2681,310620060660080P,-19.838445,-43.91769,IGREJA PENTECOSTAL,PENTECOSTAL CLÁSSICA,Protestante/Evangélica
2682,310620025610244P,-19.957473,-44.010427,IGREJA PENTECOSTAL,PENTECOSTAL CLÁSSICA,Protestante/Evangélica
2683,310620025610053P,-19.987723,-44.014059,IGREJA PENTECOSTAL,PENTECOSTAL CLÁSSICA,Protestante/Evangélica
2684,310620060690533P,-19.79965,-43.959522,IGREJA PENTECOSTAL,PENTECOSTAL CLÁSSICA,Protestante/Evangélica
2685,310620060660281P,-19.838425,-43.939894,IGREJA PENTECOSTAL,PENTECOSTAL CLÁSSICA,Protestante/Evangélica
2686,310620005620138P,-19.936738,-43.914121,IGREJA PENTECOSTAL,PENTECOSTAL CLÁSSICA,Protestante/Evangélica
2687,310620005670172P,-19.95443,-43.961481,IGREJA PENTECOSTAL,PENTECOSTAL CLÁSSICA,Protestante/Evangélica
2688,310620005680261P,-19.874033,-43.951027,IGREJA PENTECOSTAL,PENTECOSTAL CLÁSSICA,Protestante/Evangélica
2689,310620005650127P,-19.905259,-44.008846,IGREJA PENTECOSTAL,PENTECOSTAL CLÁSSICA,Protestante/Evangélica
2690,310620005680336P,-19.893286,-43.992483,IGREJA PENTECOSTAL,PENTECOSTAL CLÁSSICA,Protestante/Evangélica
2691,310620060690291P,-19.787762,-43.976784,IGREJA PENTECOSTAL,PENTECOSTAL CLÁSSICA,Protestante/Evangélica
2692,310620060660373P,-19.861101,-43.931086,IGREJA PENTECOSTAL,PENTECOSTAL CLÁSSICA,Protestante/Evangélica
2693,310620025610235P,-19.985669,-44.055345,IGREJA PENTECOSTAL,PENTECOSTAL CLÁSSICA,Protestante/Evangélica
2694,310620060660109P,-19.861987,-43.930393,IGREJA PENTECOSTAL,PENTECOSTAL CLÁSSICA,Protestante/Evangélica
2695,310620005650141P,-19.891343,-43.962244,IGREJA PENTECOSTAL,PENTECOSTAL CLÁSSICA,Protestante/Evangélica
2696,310620025610119P,-19.998549,-43.971561,IGREJA PENTECOSTAL,PENTECOSTAL CLÁSSICA,Protestante/Evangélica
2697,310620005680458P,-19.87811,-43.986103,IGREJA PENTECOSTAL,PENTECOSTAL CLÁSSICA,Protestante/Evangélica
2698,310620005680458P,-19.878071,-43.986088,IGREJA PENTECOSTAL,PENTECOSTAL CLÁSSICA,Protestante/Evangélica
2699,310620060640022P,-19.852145,-43.885801,IGREJA PENTECOSTAL,PENTECOSTAL CLÁSSICA,Protestante/Evangélica
2700,310620025610215P,-19.983194,-44.045981,IGREJA PENTECOSTAL,PENTECOSTAL CLÁSSICA,Protestante/Evangélica
2701,310620005670046P,-19.952498,-43.972155,IGREJA PENTECOSTAL,PENTECOSTAL CLÁSSICA,Protestante/Evangélica
2702,310620025610462P,-19.987221,-44.05087,IGREJA PENTECOSTAL,PENTECOSTAL CLÁSSICA,Protestante/Evangélica
2703,310620060640052P,-19.834863,-43.903476,IGREJA PENTECOSTAL,PENTECOSTAL CLÁSSICA,Protestante/Evangélica
2704,310620005620141P,-19.934945,-43.916766,IGREJA PENTECOSTAL,PENTECOSTAL CLÁSSICA,Protestante/Evangélica
2705,310620025610471P,-19.995449,-44.044919,IGREJA PENTECOSTAL,PENTECOSTAL CLÁSSICA,Protestante/Evangélica
2706,310620025610616P,-20.010351,-44.018653,IGREJA PENTECOSTAL,PENTECOSTAL CLÁSSICA,Protestante/Evangélica
2707,310620005630363P,-19.89926,-43.888798,IGREJA PENTECOSTAL,PENTECOSTAL CLÁSSICA,Protestante/Evangélica
2708,310620025610436P,-20.000199,-44.026496,IGREJA PENTECOSTAL,PENTECOSTAL CLÁSSICA,Protestante/Evangélica
2709,310620005660006P,-19.84586,-43.953838,IGREJA PENTECOSTAL,PENTECOSTAL CLÁSSICA,Protestante/Evangélica
2710,310620060640036P,-19.834922,-43.894512,IGREJA PENTECOSTAL,PENTECOSTAL CLÁSSICA,Protestante/Evangélica
2711,310620060640036P,-19.836804,-43.895685,IGREJA PENTECOSTAL,PENTECOSTAL CLÁSSICA,Protestante/Evangélica
2712,310620025610165P,-19.987721,-44.048553,IGREJA PENTECOSTAL,PENTECOSTAL CLÁSSICA,Protestante/Evangélica
2713,310620060680032P,-19.840822,-43.953193,IGREJA PENTECOSTAL,PENTECOSTAL CLÁSSICA,Protestante/Evangélica
2714,310620060640238P,-19.859628,-43.875133,IGREJA PENTECOSTAL,PENTECOSTAL CLÁSSICA,Protestante/Evangélica
2715,310620005680308P,-19.89901,-43.990329,IGREJA PENTECOSTAL,PENTECOSTAL CLÁSSICA,Protestante/Evangélica
2716,310620060640154P,-19.856075,-43.889803,IGREJA PENTECOSTAL,PENTECOSTAL CLÁSSICA,Protestante/Evangélica
2717,310620060640017P,-19.840908,-43.894791,IGREJA PENTECOSTAL,PENTECOSTAL CLÁSSICA,Protestante/Evangélica
2718,310620025610402P,-19.995164,-43.965569,IGREJA PENTECOSTAL,PENTECOSTAL CLÁSSICA,Protestante/Evangélica
2719,310620005670266P,-19.94896,-43.961948,IGREJA PENTECOSTAL,PENTECOSTAL CLÁSSICA,Protestante/Evangélica
2720,310620060640161P,-19.845512,-43.904293,IGREJA PENTECOSTAL,PENTECOSTAL CLÁSSICA,Protestante/Evangélica
2721,310620005670200P,-19.94047,-44.00255,IGREJA PENTECOSTAL,PENTECOSTAL CLÁSSICA,Protestante/Evangélica
2722,310620060690038P,-19.819181,-43.991294,IGREJA PENTECOSTAL,PENTECOSTAL CLÁSSICA,Protestante/Evangélica
2723,310620005680456P,-19.865912,-44.020638,IGREJA PENTECOSTAL,PENTECOSTAL CLÁSSICA,Protestante/Evangélica
2724,310620005680318P,-19.893144,-43.984506,IGREJA PENTECOSTAL,PENTECOSTAL CLÁSSICA,Protestante/Evangélica
2725,310620060690479P,-19.8096,-43.993379,IGREJA PENTECOSTAL,PENTECOSTAL CLÁSSICA,Protestante/Evangélica
2726,310620060690337P,-19.799463,-43.984565,IGREJA PENTECOSTAL,PENTECOSTAL CLÁSSICA,Protestante/Evangélica
2727,310620005650656P,-19.908783,-44.003284,IGREJA PENTECOSTAL,PENTECOSTAL CLÁSSICA,Protestante/Evangélica
2728,310620005620141P,-19.935443,-43.916375,IGREJA PENTECOSTAL,PENTECOSTAL CLÁSSICA,Protestante/Evangélica
2729,310620060690311P,-19.824235,-43.990604,IGREJA PENTECOSTAL,PENTECOSTAL CLÁSSICA,Protestante/Evangélica
2730,310620005620120P,-19.93814,-43.907689,IGREJA PENTECOSTAL,PENTECOSTAL CLÁSSICA,Protestante/Evangélica
2731,310620060660034P,-19.826306,-43.933024,IGREJA PENTECOSTAL,PENTECOSTAL CLÁSSICA,Protestante/Evangélica
2732,310620060660187P,-19.819173,-43.900975,IGREJA PENTECOSTAL,PENTECOSTAL CLÁSSICA,Protestante/Evangélica
2733,310620060690502P,-19.820347,-43.963238,IGREJA PENTECOSTAL,PENTECOSTAL CLÁSSICA,Protestante/Evangélica
2734,310620005670068P,-19.960785,-43.996902,IGREJA PENTECOSTAL,PENTECOSTAL CLÁSSICA,Protestante/Evangélica
2735,310620060640180P,-19.84551,-43.910475,IGREJA PENTECOSTAL,PENTECOSTAL CLÁSSICA,Protestante/Evangélica
2736,310620025610638P,-20.006506,-44.026435,IGREJA PENTECOSTAL,PENTECOSTAL CLÁSSICA,Protestante/Evangélica
2737,310620060640044P,-19.853934,-43.884826,IGREJA PENTECOSTAL,PENTECOSTAL CLÁSSICA,Protestante/Evangélica
2738,310620005640079P,-19.896871,-43.939876,IGREJA PENTECOSTAL,PENTECOSTAL CLÁSSICA,Protestante/Evangélica
2739,310620025610247P,-19.971279,-43.993372,IGREJA PENTECOSTAL,PENTECOSTAL CLÁSSICA,Protestante/Evangélica
2740,310620060660190P,-19.815702,-43.894047,IGREJA PENTECOSTAL,PENTECOSTAL CLÁSSICA,Protestante/Evangélica
2741,310620005680395P,-19.885971,-43.985565,IGREJA PENTECOSTAL,PENTECOSTAL CLÁSSICA,Protestante/Evangélica
2742,310620005640178P,-19.875254,-43.949372,IGREJA PENTECOSTAL,PENTECOSTAL CLÁSSICA,Protestante/Evangélica
2743,310620060660366P,-19.815712,-43.939088,IGREJA PENTECOSTAL,PENTECOSTAL CLÁSSICA,Protestante/Evangélica
2744,310620025610620P,-19.992808,-44.002692,IGREJA PENTECOSTAL,PENTECOSTAL CLÁSSICA,Protestante/Evangélica
2745,310620005650474P,-19.903807,-43.955349,IGREJA PENTECOSTAL,PENTECOSTAL CLÁSSICA,Protestante/Evangélica
2746,310620005670579P,-19.946054,-43.996355,IGREJA PENTECOSTAL,PENTECOSTAL CLÁSSICA,Protestante/Evangélica
2747,310620005670349P,-19.96525,-43.975099,IGREJA PENTECOSTAL,PENTECOSTAL CLÁSSICA,Protestante/Evangélica
2748,310620005630253P,-19.907,-43.881882,IGREJA PENTECOSTAL,PENTECOSTAL CLÁSSICA,Protestante/Evangélica
2749,310620060640161P,-19.844622,-43.904503,IGREJA PENTECOSTAL,PENTECOSTAL CLÁSSICA,Protestante/Evangélica
2750,310620060690385P,-19.830772,-43.987732,IGREJA PENTECOSTAL A COROA DE CRISTO BRI,PENTECOSTAL CLÁSSICA,Protestante/Evangélica
2751,310620005670811P,-19.950433,-43.973521,IGREJA PENTECOSTAL A FAMILIA DE JUSUS DO BRASIL,PENTECOSTAL CLÁSSICA,Protestante/Evangélica
2752,310620025610343P,-19.99436,-44.029452,IGREJA PENTECOSTAL A FELICIDADE ETERNA DE SIAO,PENTECOSTAL CLÁSSICA,Protestante/Evangélica
2753,310620025610263P,-19.975001,-44.04834,IGREJA PENTECOSTAL A GLORIA E DE DEUS,PENTECOSTAL CLÁSSICA,Protestante/Evangélica
2754,310620005680314P,-19.89474,-43.990015,IGREJA PENTECOSTAL A MARCA DA PROMESSA DIVINA,PENTECOSTAL CLÁSSICA,Protestante/Evangélica
2755,310620060640139P,-19.84438,-43.897891,IGREJA PENTECOSTAL A SEARA DO SENHOR,PENTECOSTAL CLÁSSICA,Protestante/Evangélica
2756,310620060660070P,-19.836236,-43.919244,IGREJA PENTECOSTAL AGAPE,PENTECOSTAL CLÁSSICA,Protestante/Evangélica
2757,310620005630027P,-19.905057,-43.894791,IGREJA PENTECOSTAL ALFA E OMEGA,PENTECOSTAL CLÁSSICA,Protestante/Evangélica
2758,310620060660363P,-19.832032,-43.90718,IGREJA PENTECOSTAL ALIANCA COM CRISTO,PENTECOSTAL CLÁSSICA,Protestante/Evangélica
2759,310620060660214P,-19.814097,-43.941212,IGREJA PENTECOSTAL ALIANCA COM DEUS EM CRISTO JESUS,PENTECOSTAL CLÁSSICA,Protestante/Evangélica
2760,310620005630054P,-19.904303,-43.892145,IGREJA PENTECOSTAL ALIANCA ETERNA,PENTECOSTAL CLÁSSICA,Protestante/Evangélica
2761,310620060660430P,-19.804473,-43.908568,IGREJA PENTECOSTAL ALTAR CELESTIAL,PENTECOSTAL CLÁSSICA,Protestante/Evangélica
2762,310620005670215P,-19.949238,-43.966235,IGREJA PENTECOSTAL AMOR DO DEUS VIVO,PENTECOSTAL CLÁSSICA,Protestante/Evangélica
2763,310620060640241P,-19.859033,-43.875504,IGREJA PENTECOSTAL ANUNCUANDO ASALVACAO,PENTECOSTAL CLÁSSICA,Protestante/Evangélica
2764,310620005620467P,-19.940815,-43.909222,IGREJA PENTECOSTAL ARCA DA ALIANCA,PENTECOSTAL CLÁSSICA,Protestante/Evangélica
2765,310620005630365P,-19.912584,-43.890685,IGREJA PENTECOSTAL ARCA DO AVIVAMENTO,PENTECOSTAL CLÁSSICA,Protestante/Evangélica
2766,310620005680399P,-19.82996,-44.010439,IGREJA PENTECOSTAL ARCA DO CONCERTO,PENTECOSTAL CLÁSSICA,Protestante/Evangélica
2767,310620005680335P,-19.903463,-43.997828,IGREJA PENTECOSTAL ARREBATAMENTO DA ULTIMA HORA,PENTECOSTAL CLÁSSICA,Protestante/Evangélica
2768,310620060660327P,-19.828763,-43.928832,IGREJA PENTECOSTAL AS PRIMICIAS DE DEUS,PENTECOSTAL CLÁSSICA,Protestante/Evangélica
2769,310620060660301P,-19.83001,-43.906308,IGREJA PENTECOSTAL ASSEMBLEIA CLAMOR DA ULTIMA HORA,PENTECOSTAL CLÁSSICA,Protestante/Evangélica
2770,310620005680512P,-19.828397,-44.010049,IGREJA PENTECOSTAL ASSEMBLEIA DE DEUS,PENTECOSTAL CLÁSSICA,Protestante/Evangélica
2771,310620060640288P,-19.846982,-43.881075,IGREJA PENTECOSTAL ASSEMBLEIA DE DEUS,PENTECOSTAL CLÁSSICA,Protestante/Evangélica
2772,310620005670328P,-19.954519,-43.971078,IGREJA PENTECOSTAL ASSEMBLEIA DOS APOSTO,PENTECOSTAL CLÁSSICA,Protestante/Evangélica
2773,310620005670402P,-19.951981,-43.997758,IGREJA PENTECOSTAL ATALAIA,PENTECOSTAL CLÁSSICA,Protestante/Evangélica
2774,310620005670759P,-19.947746,-43.998667,IGREJA PENTECOSTAL ATALAIA DA ULTIMA HORA,PENTECOSTAL CLÁSSICA,Protestante/Evangélica
2775,310620060660002P,-19.832267,-43.931328,IGREJA PENTECOSTAL AVIVAMENTO DA ULTIMA HORA,PENTECOSTAL CLÁSSICA,Protestante/Evangélica
2776,310620060690075P,-19.826683,-43.9835,IGREJA PENTECOSTAL AVIVAMENTO DA ULTIMA HORA,PENTECOSTAL CLÁSSICA,Protestante/Evangélica
2777,310620060690351P,-19.827731,-43.96939,IGREJA PENTECOSTAL AVIVAMENTO DE FE DO BRASIL,PENTECOSTAL CLÁSSICA,Protestante/Evangélica
2778,310620060690144P,-19.822715,-43.968167,IGREJA PENTECOSTAL AVIVAMENTO DEUS E CONOSCO,PENTECOSTAL CLÁSSICA,Protestante/Evangélica
2779,310620005620764P,-19.936542,-43.911976,IGREJA PENTECOSTAL AVIVANDO AS NACOES,AFRO-BRASILEIRA,Afro-brasileira
2780,310620005670759P,-19.947767,-43.99876,IGREJA PENTECOSTAL BALUARTE DA VERDADE,PENTECOSTAL CLÁSSICA,Protestante/Evangélica
2781,310620060640332P,-19.853389,-43.886291,IGREJA PENTECOSTAL BATALHA FINAL SHALON,PENTECOSTAL CLÁSSICA,Protestante/Evangélica
2782,310620005670781P,-19.955296,-43.991435,IGREJA PENTECOSTAL BETEL,PENTECOSTAL CLÁSSICA,Protestante/Evangélica
2783,310620005630371P,-19.914138,-43.889325,IGREJA PENTECOSTAL BODAS DO CORDEIRO,PENTECOSTAL CLÁSSICA,Protestante/Evangélica
2784,310620060640304P,-19.852928,-43.900777,IGREJA PENTECOSTAL BRASAS DE FOGO,PENTECOSTAL CLÁSSICA,Protestante/Evangélica
2785,310620060690288P,-19.817064,-43.952129,IGREJA PENTECOSTAL BRASAS VIVA DO PODER,PENTECOSTAL CLÁSSICA,Protestante/Evangélica
2786,310620005670738P,-19.951578,-43.971761,IGREJA PENTECOSTAL BRASAS VIVAS,PENTECOSTAL CLÁSSICA,Protestante/Evangélica
2787,310620005670790P,-19.953693,-43.973252,IGREJA PENTECOSTAL BUSCAI A VIDA ETERNA,PENTECOSTAL CLÁSSICA,Protestante/Evangélica
2788,310620060640006P,-19.848738,-43.898286,IGREJA PENTECOSTAL CAJADO DE FOGO,PENTECOSTAL CLÁSSICA,Protestante/Evangélica
2789,310620060640076P,-19.849044,-43.875998,IGREJA PENTECOSTAL CAMINHO DA PAZ,PENTECOSTAL CLÁSSICA,Protestante/Evangélica
2790,310620060640073P,-19.831314,-43.888672,IGREJA PENTECOSTAL CAMINHO DA PAZ,PENTECOSTAL CLÁSSICA,Protestante/Evangélica
2791,310620005650627P,-19.902399,-43.950736,IGREJA PENTECOSTAL CAMPO DECRESGATE,PENTECOSTAL CLÁSSICA,Protestante/Evangélica
2792,310620005670147P,-19.943805,-43.995425,IGREJA PENTECOSTAL CASA DE ORACAO,PENTECOSTAL CLÁSSICA,Protestante/Evangélica
2793,310620025610578P,-20.013685,-44.032612,IGREJA PENTECOSTAL CASA DE ORACAO,PENTECOSTAL CLÁSSICA,Protestante/Evangélica
2794,310620025610410P,-19.987629,-44.051893,IGREJA PENTECOSTAL CASA DE ORACAO,PENTECOSTAL CLÁSSICA,Protestante/Evangélica
2795,310620005620129P,-19.942971,-43.910011,IGREJA PENTECOSTAL CASA DE ORACAO MORADA DE JESUS,PENTECOSTAL CLÁSSICA,Protestante/Evangélica
2796,310620005680389P,-19.887119,-43.985087,IGREJA PENTECOSTAL CASA DO OLEIRO,PENTECOSTAL CLÁSSICA,Protestante/Evangélica
2797,310620060690280P,-19.816676,-44.001412,IGREJA PENTECOSTAL CASA DO SENHOR,PENTECOSTAL CLÁSSICA,Protestante/Evangélica
2798,310620005670115P,-19.957464,-43.998879,IGREJA PENTECOSTAL CEDRO DA RESTAURACAO,PENTECOSTAL CLÁSSICA,Protestante/Evangélica
2799,310620060690146P,-19.828601,-43.963164,IGREJA PENTECOSTAL CELEIRO DE BENCAO,PENTECOSTAL CLÁSSICA,Protestante/Evangélica
2800,310620025610309P,-19.987726,-44.005194,IGREJA PENTECOSTAL CELEIRO DE DEUS,PENTECOSTAL CLÁSSICA,Protestante/Evangélica
2801,310620060640126P,-19.870531,-43.910095,IGREJA PENTECOSTAL CENTRO DA JUSTICA DE DEUS,PENTECOSTAL CLÁSSICA,Protestante/Evangélica
2802,310620005680309P,-19.902081,-43.990266,IGREJA PENTECOSTAL CHAMA DE FOGO,PENTECOSTAL CLÁSSICA,Protestante/Evangélica
2803,310620005670053P,-19.955648,-43.969638,IGREJA PENTECOSTAL CHAMA DO ARREBATAMENTO,PENTECOSTAL CLÁSSICA,Protestante/Evangélica
2804,310620060660005P,-19.836799,-43.93043,IGREJA PENTECOSTAL CHAMAS NO ALTAR,PENTECOSTAL CLÁSSICA,Protestante/Evangélica
2805,310620005620099P,-19.931557,-43.916799,IGREJA PENTECOSTAL CHUVA DE BENCAOS,PENTECOSTAL CLÁSSICA,Protestante/Evangélica
2806,310620005620295P,-19.954385,-43.943434,IGREJA PENTECOSTAL CLAMANDO A SALVALCAO,PENTECOSTAL CLÁSSICA,Protestante/Evangélica
2807,310620060660193P,-19.830623,-43.903262,IGREJA PENTECOSTAL COLUNA DA VIDA,PENTECOSTAL CLÁSSICA,Protestante/Evangélica
2808,310620005650115P,-19.909499,-44.006814,IGREJA PENTECOSTAL COLUNA DE DEUS,PENTECOSTAL CLÁSSICA,Protestante/Evangélica
2809,310620005620062P,-19.941288,-43.911139,IGREJA PENTECOSTAL COLUNA DE FOGO,PENTECOSTAL CLÁSSICA,Protestante/Evangélica
2810,310620060660237P,-19.86064,-43.926819,IGREJA PENTECOSTAL COLUNA E FIRMEZA DA VERDADE,PENTECOSTAL CLÁSSICA,Protestante/Evangélica
2811,310620060660239P,-19.860554,-43.926657,IGREJA PENTECOSTAL COLUNA E FIRMEZQ DA VERDADE,PENTECOSTAL CLÁSSICA,Protestante/Evangélica
2812,310620005640143P,-19.865021,-43.926205,IGREJA PENTECOSTAL COLUNA VIDA,PENTECOSTAL CLÁSSICA,Protestante/Evangélica
2813,310620060660185P,-19.800385,-43.924643,IGREJA PENTECOSTAL COM EL SHADAY CORDEIRO FORTE,PENTECOSTAL CLÁSSICA,Protestante/Evangélica
2814,310620060640077P,-19.856651,-43.882615,IGREJA PENTECOSTAL COMUNHAO COM DEUS,PENTECOSTAL CLÁSSICA,Protestante/Evangélica
2815,310620005650353P,-19.902326,-43.954225,IGREJA PENTECOSTAL COMUNIDADE HEBROM,PENTECOSTAL CLÁSSICA,Protestante/Evangélica
2816,310620005650371P,-19.905897,-43.953402,IGREJA PENTECOSTAL CORACAO DO PAI,PENTECOSTAL CLÁSSICA,Protestante/Evangélica
2817,310620005650656P,-19.912313,-44.002567,IGREJA PENTECOSTAL CORDEIRO DE CRISTO,PENTECOSTAL CLÁSSICA,Protestante/Evangélica
2818,310620005620101P,-19.93184,-43.915559,IGREJA PENTECOSTAL CORDEIRO DE CRISTO,PENTECOSTAL CLÁSSICA,Protestante/Evangélica
2819,310620005630254P,-19.915351,-43.884943,IGREJA PENTECOSTAL CORDEIRO DE DEUS,PENTECOSTAL CLÁSSICA,Protestante/Evangélica
2820,310620005650212P,-19.919003,-44.008406,IGREJA PENTECOSTAL CORDEIRO SANTO DE SIAO,PENTECOSTAL CLÁSSICA,Protestante/Evangélica
2821,310620060660363P,-19.830575,-43.906362,IGREJA PENTECOSTAL CRESCENDO COM CRISTO,PENTECOSTAL CLÁSSICA,Protestante/Evangélica
2822,310620060690442P,-19.830515,-43.981341,IGREJA PENTECOSTAL CRISTO NA TERRA,PENTECOSTAL CLÁSSICA,Protestante/Evangélica
2823,310620005670139P,-19.944292,-43.997581,IGREJA PENTECOSTAL CRISTO UNICA ESPERANCA,PENTECOSTAL CLÁSSICA,Protestante/Evangélica
2824,310620005660005P,-19.845151,-43.94984,IGREJA PENTECOSTAL CRISTO VIVO,PENTECOSTAL CLÁSSICA,Protestante/Evangélica
2825,310620005630254P,-19.917189,-43.885048,IGREJA PENTECOSTAL CURA DA ALMA,PENTECOSTAL CLÁSSICA,Protestante/Evangélica
2826,310620060690212P,-19.795831,-43.965967,IGREJA PENTECOSTAL CURA NA ALMA,PENTECOSTAL CLÁSSICA,Protestante/Evangélica
2827,310620060640341P,-19.829628,-43.884246,IGREJA PENTECOSTAL DA BIBLIA,PENTECOSTAL CLÁSSICA,Protestante/Evangélica
2828,310620005670144P,-19.94773,-43.995093,IGREJA PENTECOSTAL DA GLORIA DE DEUS,PENTECOSTAL CLÁSSICA,Protestante/Evangélica
2829,310620005630500P,-19.923959,-43.872376,IGREJA PENTECOSTAL DA MISSAO,PENTECOSTAL CLÁSSICA,Protestante/Evangélica
2830,310620025610130P,-20.018041,-44.025143,IGREJA PENTECOSTAL DA RESTAURACAO,PENTECOSTAL CLÁSSICA,Protestante/Evangélica
2831,310620005670238P,-19.945218,-43.963391,IGREJA PENTECOSTAL DA SANTIFICACAO,PENTECOSTAL CLÁSSICA,Protestante/Evangélica
2832,310620060640060P,-19.859938,-43.901435,IGREJA PENTECOSTAL DA UNCAO DIVINA,PENTECOSTAL CLÁSSICA,Protestante/Evangélica
2833,310620005630127P,-19.906277,-43.889289,IGREJA PENTECOSTAL DA VITORIA MINISTERIO KADOSH,PENTECOSTAL CLÁSSICA,Protestante/Evangélica
2834,310620060640199P,-19.865893,-43.907625,IGREJA PENTECOSTAL DE DEUS JEOVA SHAMA,PENTECOSTAL CLÁSSICA,Protestante/Evangélica
2835,310620005670605P,-19.952016,-43.999923,IGREJA PENTECOSTAL DE JESUS,PENTECOSTAL CLÁSSICA,Protestante/Evangélica
2836,310620025610003P,-20.001168,-44.017878,IGREJA PENTECOSTAL DE JESUS CRISTO,PENTECOSTAL CLÁSSICA,Protestante/Evangélica
2837,310620005630171P,-19.915164,-43.889048,IGREJA PENTECOSTAL DE JESUS CRISTO,PENTECOSTAL CLÁSSICA,Protestante/Evangélica
2838,310620025610130P,-20.018378,-44.030086,IGREJA PENTECOSTAL DE JESUS CRISTO,PENTECOSTAL CLÁSSICA,Protestante/Evangélica
2839,310620060660241P,-19.84051,-43.92091,IGREJA PENTECOSTAL DE JESUS CRISTO,PENTECOSTAL CLÁSSICA,Protestante/Evangélica
2840,310620060640209P,-19.864545,-43.919747,IGREJA PENTECOSTAL DE JESUS CRISTO,PENTECOSTAL CLÁSSICA,Protestante/Evangélica
2841,310620005620655P,-19.938202,-43.904045000000004,IGREJA PENTECOSTAL DE ORACAO,PENTECOSTAL CLÁSSICA,Protestante/Evangélica
2842,310620025610525P,-20.007521,-44.009496,IGREJA PENTECOSTAL DESPERTAI,PENTECOSTAL CLÁSSICA,Protestante/Evangélica
2843,310620005670062P,-19.966633,-43.981169,IGREJA PENTECOSTAL DEUS 0 LIBERTADOR DE,PENTECOSTAL CLÁSSICA,Protestante/Evangélica
2844,310620005650222P,-19.915286,-44.022714,IGREJA PENTECOSTAL DEUS ALTISSIMO,PENTECOSTAL CLÁSSICA,Protestante/Evangélica
2845,310620060690161P,-19.833084,-43.984851,IGREJA PENTECOSTAL DEUS AMA VOCE,PENTECOSTAL CLÁSSICA,Protestante/Evangélica
2846,310620060690412P,-19.802992,-43.985907,IGREJA PENTECOSTAL DEUS AMOR,PENTECOSTAL CLÁSSICA,Protestante/Evangélica
2847,310620005670053P,-19.955305,-43.969159,IGREJA PENTECOSTAL DEUS E ALIANCA RESGATANDO VIDAS,PENTECOSTAL CLÁSSICA,Protestante/Evangélica
2848,310620005620747P,-19.942289,-43.953363,IGREJA PENTECOSTAL DEUS E AMOR,PENTECOSTAL CLÁSSICA,Protestante/Evangélica
2849,310620005640121P,-19.880219,-43.920859,IGREJA PENTECOSTAL DEUS E AMOR,PENTECOSTAL CLÁSSICA,Protestante/Evangélica
2850,310620005670346P,-19.952196,-43.974661,IGREJA PENTECOSTAL DEUS E AMOR,PENTECOSTAL CLÁSSICA,Protestante/Evangélica
2851,310620025610039P,-20.006710000000002,-44.03034,IGREJA PENTECOSTAL DEUS E AMOR,PENTECOSTAL CLÁSSICA,Protestante/Evangélica
2852,310620005680009P,-19.881306,-43.985775,IGREJA PENTECOSTAL DEUS E AMOR,PENTECOSTAL CLÁSSICA,Protestante/Evangélica
2853,310620060690280P,-19.816612,-44.001498,IGREJA PENTECOSTAL DEUS E AMOR,PENTECOSTAL CLÁSSICA,Protestante/Evangélica
2854,310620060690366P,-19.801046,-43.96113,IGREJA PENTECOSTAL DEUS E AMOR,PENTECOSTAL CLÁSSICA,Protestante/Evangélica
2855,310620060640087P,-19.855963,-43.91079,IGREJA PENTECOSTAL DEUS E AMOR,PENTECOSTAL CLÁSSICA,Protestante/Evangélica
2856,310620060640177P,-19.863471,-43.90272,IGREJA PENTECOSTAL DEUS E AMOR,PENTECOSTAL CLÁSSICA,Protestante/Evangélica
2857,310620025610593P,-20.01052,-44.012149,IGREJA PENTECOSTAL DEUS E AMOR,PENTECOSTAL CLÁSSICA,Protestante/Evangélica
2858,310620060640122P,-19.829627,-43.867808,IGREJA PENTECOSTAL DEUS E AMOR,PENTECOSTAL CLÁSSICA,Protestante/Evangélica
2859,310620005630128P,-19.909147,-43.88923,IGREJA PENTECOSTAL DEUS E AMOR,PENTECOSTAL CLÁSSICA,Protestante/Evangélica
2860,310620060640017P,-19.842582,-43.895757,IGREJA PENTECOSTAL DEUS E AMOR,PENTECOSTAL CLÁSSICA,Protestante/Evangélica
2861,310620005680312P,-19.895259,-43.98997,IGREJA PENTECOSTAL DEUS E AMOR,PENTECOSTAL CLÁSSICA,Protestante/Evangélica
2862,310620025610465P,-19.983933,-44.035407,IGREJA PENTECOSTAL DEUS E AMOR,PENTECOSTAL CLÁSSICA,Protestante/Evangélica
2863,310620025610337P,-20.015167,-44.027505,IGREJA PENTECOSTAL DEUS E AMOR,PENTECOSTAL CLÁSSICA,Protestante/Evangélica
2864,310620060640172P,-19.850645,-43.908169,IGREJA PENTECOSTAL DEUS E AMOR,PENTECOSTAL CLÁSSICA,Protestante/Evangélica
2865,310620060690218P,-19.801045,-43.962017,IGREJA PENTECOSTAL DEUS E AMOR,PENTECOSTAL CLÁSSICA,Protestante/Evangélica
2866,310620005670031P,-19.952513,-43.989793,IGREJA PENTECOSTAL DEUS E AMOR,PENTECOSTAL CLÁSSICA,Protestante/Evangélica
2867,310620025610534P,-20.009598,-44.039469,IGREJA PENTECOSTAL DEUS E AMOR,PENTECOSTAL CLÁSSICA,Protestante/Evangélica
2868,310620005670142P,-19.944271,-43.997443,IGREJA PENTECOSTAL DEUS E AMOR,PENTECOSTAL CLÁSSICA,Protestante/Evangélica
2869,310620060660374P,-19.81137,-43.93799,IGREJA PENTECOSTAL DEUS E AMOR,PENTECOSTAL CLÁSSICA,Protestante/Evangélica
2870,310620025610221P,-19.974512,-43.995479,IGREJA PENTECOSTAL DEUS E AMOR,PENTECOSTAL CLÁSSICA,Protestante/Evangélica
2871,310620005670067P,-19.961773,-43.995161,IGREJA PENTECOSTAL DEUS E AMOR,PENTECOSTAL CLÁSSICA,Protestante/Evangélica
2872,310620005670167P,-19.948935,-43.969106,IGREJA PENTECOSTAL DEUS E AMOR,PENTECOSTAL CLÁSSICA,Protestante/Evangélica
2873,310620005620108P,-19.933087,-43.906685,IGREJA PENTECOSTAL DEUS E AMOR,PENTECOSTAL CLÁSSICA,Protestante/Evangélica
2874,310620005670122P,-19.951243,-43.998346,IGREJA PENTECOSTAL DEUS E AMOR,PENTECOSTAL CLÁSSICA,Protestante/Evangélica
2875,310620005620117P,-19.935788,-43.91058,IGREJA PENTECOSTAL DEUS E AMOR,PENTECOSTAL CLÁSSICA,Protestante/Evangélica
2876,310620060660190P,-19.815823,-43.894113,IGREJA PENTECOSTAL DEUS E AMOR,PENTECOSTAL CLÁSSICA,Protestante/Evangélica
2877,310620060660120P,-19.849353,-43.939607,IGREJA PENTECOSTAL DEUS E AMOR,PENTECOSTAL CLÁSSICA,Protestante/Evangélica
2878,310620025610420P,-19.978565,-43.992573,IGREJA PENTECOSTAL DEUS E AMOR,PENTECOSTAL CLÁSSICA,Protestante/Evangélica
2879,310620005670035P,-19.94594,-43.988933,IGREJA PENTECOSTAL DEUS E AMOR,PENTECOSTAL CLÁSSICA,Protestante/Evangélica
2880,310620060690189P,-19.81068,-44.002193,IGREJA PENTECOSTAL DEUS E AMOR,PENTECOSTAL CLÁSSICA,Protestante/Evangélica
2881,310620005670727P,-19.935589,-44.012569,IGREJA PENTECOSTAL DEUS E AMOR,PENTECOSTAL CLÁSSICA,Protestante/Evangélica
2882,310620060640183P,-19.829907,-43.895003,IGREJA PENTECOSTAL DEUS E AMOR,PENTECOSTAL CLÁSSICA,Protestante/Evangélica
2883,310620005620101P,-19.931598,-43.916233,IGREJA PENTECOSTAL DEUS E AMOR,PENTECOSTAL CLÁSSICA,Protestante/Evangélica
2884,310620005650583P,-19.916334,-43.996086,IGREJA PENTECOSTAL DEUS E BOM,PENTECOSTAL CLÁSSICA,Protestante/Evangélica
2885,310620005650633P,-19.90518,-43.948519,IGREJA PENTECOSTAL DEUS E FIEL,PENTECOSTAL CLÁSSICA,Protestante/Evangélica
2886,310620060690098P,-19.807102,-43.996918,IGREJA PENTECOSTAL DEUS E LUZ,PENTECOSTAL CLÁSSICA,Protestante/Evangélica
2887,310620060640123P,-19.837829,-43.870466,IGREJA PENTECOSTAL DEUS E NOSSO REFUGIO,PENTECOSTAL CLÁSSICA,Protestante/Evangélica
2888,310620060640123P,-19.837729,-43.870449,IGREJA PENTECOSTAL DEUS E NOSSO REFUGIO,PENTECOSTAL CLÁSSICA,Protestante/Evangélica
2889,310620005670006P,-19.956802,-43.987067,IGREJA PENTECOSTAL DEUS E O LIBERTADOR D,PENTECOSTAL CLÁSSICA,Protestante/Evangélica
2890,310620060690261P,-19.802186,-43.976452,IGREJA PENTECOSTAL DEUS ETERNO,PENTECOSTAL CLÁSSICA,Protestante/Evangélica
2891,310620060690520P,-19.812483,-43.993198,IGREJA PENTECOSTAL DEUS FAZ,PENTECOSTAL CLÁSSICA,Protestante/Evangélica
2892,310620060640081P,-19.864167,-43.902401,IGREJA PENTECOSTAL DEUS PROVIDENCIA,PENTECOSTAL CLÁSSICA,Protestante/Evangélica
2893,310620060660068P,-19.832582,-43.916796,IGREJA PENTECOSTAL DEUS VIVO,PENTECOSTAL CLÁSSICA,Protestante/Evangélica
2894,310620005620131P,-19.940375,-43.909871,IGREJA PENTECOSTAL DIANTE DO TRONO,PENTECOSTAL CLÁSSICA,Protestante/Evangélica
2895,310620005630360P,-19.897887,-43.891117,IGREJA PENTECOSTAL DO DEUS VIVO,PENTECOSTAL CLÁSSICA,Protestante/Evangélica
2896,310620005630172P,-19.917028,-43.887401,IGREJA PENTECOSTAL DO DEUS VIVO,PENTECOSTAL CLÁSSICA,Protestante/Evangélica
2897,310620025610505P,-20.0163,-44.036553,IGREJA PENTECOSTAL DO FAVOR DIVINO,PENTECOSTAL CLÁSSICA,Protestante/Evangélica
2898,310620025610523P,-19.973577,-44.049662,IGREJA PENTECOSTAL DO FILHO DE DEUS,PENTECOSTAL CLÁSSICA,Protestante/Evangélica
2899,310620060660382P,-19.801605,-43.924601,IGREJA PENTECOSTAL DO REINO DE DEUS,PENTECOSTAL CLÁSSICA,Protestante/Evangélica
2900,310620025610223P,-19.975738,-43.99373,IGREJA PENTECOSTAL DOS ADORADORES,PENTECOSTAL CLÁSSICA,Protestante/Evangélica
2901,310620005620710P,-19.917949,-43.943486,IGREJA PENTECOSTAL E LIVRARIA EVANGELICA,PENTECOSTAL CLÁSSICA,Protestante/Evangélica
2902,310620025610074P,-20.016947,-44.034099,IGREJA PENTECOSTAL EFRAIM REST DA ALIANCA,PENTECOSTAL CLÁSSICA,Protestante/Evangélica
2903,310620025610068P,-20.01747,-44.02527,IGREJA PENTECOSTAL EFRAIM RESTAURACAO DA ALIANCA,PENTECOSTAL CLÁSSICA,Protestante/Evangélica
2904,310620025610043P,-20.004202,-44.033518,IGREJA PENTECOSTAL ENCONTRO DE ADORACAO,PENTECOSTAL CLÁSSICA,Protestante/Evangélica
2905,310620060640019P,-19.849757,-43.88335,IGREJA PENTECOSTAL EREN KADAK,PENTECOSTAL CLÁSSICA,Protestante/Evangélica
2906,310620005640127P,-19.87318,-43.947231,IGREJA PENTECOSTAL EU TENHO UM CHAMADO,PENTECOSTAL CLÁSSICA,Protestante/Evangélica
2907,310620060640111P,-19.871807,-43.89855,IGREJA PENTECOSTAL EVANGELICA CHAMA VIVA,PENTECOSTAL CLÁSSICA,Protestante/Evangélica
2908,310620060640289P,-19.84976,-43.879257,IGREJA PENTECOSTAL EVANGELICA CHAMA VIVA,PENTECOSTAL CLÁSSICA,Protestante/Evangélica
2909,310620060660115P,-19.852798,-43.932238,IGREJA PENTECOSTAL EXCELENCIA DE DEUS,PENTECOSTAL CLÁSSICA,Protestante/Evangélica
2910,310620025610128P,-20.020695,-44.035095,IGREJA PENTECOSTAL EXERCITO ELCHADAY,PENTECOSTAL CLÁSSICA,Protestante/Evangélica
2911,310620005630262P,-19.915243,-43.880602,IGREJA PENTECOSTAL EXPLOSAO DA FE,PENTECOSTAL CLÁSSICA,Protestante/Evangélica
2912,310620060660430P,-19.804078,-43.906099,IGREJA PENTECOSTAL EXPLOSAO DE MILAGRES,PENTECOSTAL CLÁSSICA,Protestante/Evangélica
2913,310620060660181P,-19.79831,-43.932379,IGREJA PENTECOSTAL FAMILIA DE JESUS,PENTECOSTAL CLÁSSICA,Protestante/Evangélica
2914,310620005670167P,-19.951578,-43.966885,IGREJA PENTECOSTAL FE E GLORIA,PENTECOSTAL CLÁSSICA,Protestante/Evangélica
2915,310620005630173P,-19.916657,-43.888663,IGREJA PENTECOSTAL FE EM DEUS PARA VENCER,PENTECOSTAL CLÁSSICA,Protestante/Evangélica
2916,310620060640238P,-19.858334,-43.874323,IGREJA PENTECOSTAL FE NACOES EM CRISTO,AFRO-BRASILEIRA,Afro-brasileira
2917,310620060640077P,-19.855973,-43.882384,IGREJA PENTECOSTAL FILADELFIA DO SENHOR JESUS,PENTECOSTAL CLÁSSICA,Protestante/Evangélica
2918,310620005630365P,-19.912569,-43.891606,IGREJA PENTECOSTAL FOGO ARDENTE,PENTECOSTAL CLÁSSICA,Protestante/Evangélica
2919,310620005650215P,-19.918232,-44.007532,IGREJA PENTECOSTAL FOGO DIVINO,PENTECOSTAL CLÁSSICA,Protestante/Evangélica
2920,310620060660344P,-19.843891,-43.913343,IGREJA PENTECOSTAL FOGO DO ALTAR,PENTECOSTAL CLÁSSICA,Protestante/Evangélica
2921,310620060640297P,-19.856248,-43.893131,IGREJA PENTECOSTAL FOGO NO ALTAR,PENTECOSTAL CLÁSSICA,Protestante/Evangélica
2922,310620025610114P,-19.996597,-43.99731,IGREJA PENTECOSTAL FONTE DA RESTAURACAO,PENTECOSTAL CLÁSSICA,Protestante/Evangélica
2923,310620005620100P,-19.932993,-43.917186,IGREJA PENTECOSTAL FONTE DA VIDA,PENTECOSTAL CLÁSSICA,Protestante/Evangélica
2924,310620005630173P,-19.916767,-43.889658,IGREJA PENTECOSTAL FONTE DAS AGUAS CRISTALINAS,PENTECOSTAL CLÁSSICA,Protestante/Evangélica
2925,310620025610130P,-20.018124,-44.02834,IGREJA PENTECOSTAL FONTE DE AGUA VIVA,PENTECOSTAL CLÁSSICA,Protestante/Evangélica
2926,310620005620510P,-19.93157,-43.910074,IGREJA PENTECOSTAL FONTE DE AGUA VIVA ETERNA,PENTECOSTAL CLÁSSICA,Protestante/Evangélica
2927,310620005630267P,-19.920784,-43.879379,IGREJA PENTECOSTAL FONTE DE AGUAS CRISTALINAS,PENTECOSTAL CLÁSSICA,Protestante/Evangélica
2928,310620005630019P,-19.911619,-43.900578,IGREJA PENTECOSTAL FONTE DOS MILAGRES,PENTECOSTAL CLÁSSICA,Protestante/Evangélica
2929,310620005670541P,-19.963875,-43.97739,IGREJA PENTECOSTAL FORCA DE DEUS,PENTECOSTAL CLÁSSICA,Protestante/Evangélica
2930,310620060640256P,-19.83368,-43.873898,IGREJA PENTECOSTAL FORMOSA CIDADE DE JERUSALEM,PENTECOSTAL CLÁSSICA,Protestante/Evangélica
2931,310620060640336P,-19.83363,-43.873877,IGREJA PENTECOSTAL FORMOSA CIDADE DE JERUSALEM,PENTECOSTAL CLÁSSICA,Protestante/Evangélica
2932,310620060660406P,-19.839718,-43.912097,IGREJA PENTECOSTAL GERACAO ADORADORES ENTRE AS NACOES,AFRO-BRASILEIRA,Afro-brasileira
2933,310620060640303P,-19.848887,-43.899599,IGREJA PENTECOSTAL GERACAO DE ADORADORES,PENTECOSTAL CLÁSSICA,Protestante/Evangélica
2934,310620005680513P,-19.8301,-44.010283,IGREJA PENTECOSTAL GERACAO ELEITA NASCIDOS PARA GERAR,PENTECOSTAL CLÁSSICA,Protestante/Evangélica
2935,310620060690187P,-19.812829,-44.002268,IGREJA PENTECOSTAL GERANDOPARA CRISTO,PENTECOSTAL CLÁSSICA,Protestante/Evangélica
2936,310620060640007P,-19.842137,-43.895114,IGREJA PENTECOSTAL GIDEOES DE FOGO DA ULTIMA HORA,PENTECOSTAL CLÁSSICA,Protestante/Evangélica
2937,310620060640261P,-19.853957,-43.906445,IGREJA PENTECOSTAL GRACA MAIOR,PENTECOSTAL CLÁSSICA,Protestante/Evangélica
2938,310620060640305P,-19.852012,-43.899097,IGREJA PENTECOSTAL GRACAS VIVAS,PENTECOSTAL CLÁSSICA,Protestante/Evangélica
2939,310620060690290P,-19.789656,-43.977109,IGREJA PENTECOSTAL GRANDE DEUS DE ISRAEL,PENTECOSTAL CLÁSSICA,Protestante/Evangélica
2940,310620025610013P,-20.001971,-44.025864,IGREJA PENTECOSTAL GRANDE E O SENHOR,PENTECOSTAL CLÁSSICA,Protestante/Evangélica
2941,310620025610407P,-20.006236,-44.031799,IGREJA PENTECOSTAL GRANDE E O SENHOR,PENTECOSTAL CLÁSSICA,Protestante/Evangélica
2942,310620060660167P,-19.805758,-43.93575,IGREJA PENTECOSTAL GUERREANDO POR ALMAS,PENTECOSTAL CLÁSSICA,Protestante/Evangélica
2943,310620060640291P,-19.830292,-43.894026,IGREJA PENTECOSTAL GUERREIROS DA FE,PENTECOSTAL CLÁSSICA,Protestante/Evangélica
2944,310620005650334P,-19.883742,-43.951491,IGREJA PENTECOSTAL HA SOLUCAO,PENTECOSTAL CLÁSSICA,Protestante/Evangélica
2945,310620005650325P,-19.888452,-43.95846,IGREJA PENTECOSTAL HA SOLUCAO,PENTECOSTAL CLÁSSICA,Protestante/Evangélica
2946,310620005620108P,-19.934139,-43.907693,IGREJA PENTECOSTAL HABACUQUE II,PENTECOSTAL CLÁSSICA,Protestante/Evangélica
2947,310620060640010P,-19.853434,-43.891067,IGREJA PENTECOSTAL HERMOM,PENTECOSTAL CLÁSSICA,Protestante/Evangélica
2948,310620005650034P,-19.921216,-44.00083,IGREJA PENTECOSTAL HONRA E GLORIA,PENTECOSTAL CLÁSSICA,Protestante/Evangélica
2949,310620060690286P,-19.805903,-43.958829,IGREJA PENTECOSTAL IMITADORES DE CRISTO,PENTECOSTAL CLÁSSICA,Protestante/Evangélica
2950,310620060660091P,-19.849892,-43.92143,IGREJA PENTECOSTAL INTERNACIONAL DEUS DA GLORIA,NEOPENTECOSTAL,Protestante/Evangélica
2951,310620060660390P,-19.800276,-43.914365,IGREJA PENTECOSTAL IRMAO DO REI,PENTECOSTAL CLÁSSICA,Protestante/Evangélica
2952,310620025610156P,-19.996984,-43.994049,IGREJA PENTECOSTAL ISRAEL,PENTECOSTAL CLÁSSICA,Protestante/Evangélica
2953,310620005650356P,-19.902461,-43.949935,IGREJA PENTECOSTAL JANELA ABERTA DO CEU,PENTECOSTAL CLÁSSICA,Protestante/Evangélica
2954,310620060640023P,-19.852191,-43.887047,IGREJA PENTECOSTAL JARDIM DE DEUS,PENTECOSTAL CLÁSSICA,Protestante/Evangélica
2955,310620060640341P,-19.828383,-43.88334,IGREJA PENTECOSTAL JARDIM DE JESUS,PENTECOSTAL CLÁSSICA,Protestante/Evangélica
2956,310620025610343P,-19.994043,-44.029867,IGREJA PENTECOSTAL JERUSALEM DE DEUS,PENTECOSTAL CLÁSSICA,Protestante/Evangélica
2957,310620060660300P,-19.833095,-43.908393,IGREJA PENTECOSTAL JESUS A FONTE DO AVIVAMENTI,PENTECOSTAL CLÁSSICA,Protestante/Evangélica
2958,310620060660391P,-19.803193,-43.911885,IGREJA PENTECOSTAL JESUS A FONTE DO AVIVAMENTO,PENTECOSTAL CLÁSSICA,Protestante/Evangélica
2959,310620005630502P,-19.889487,-43.913807,IGREJA PENTECOSTAL JESUS BREVE VOLTARA,PENTECOSTAL CLÁSSICA,Protestante/Evangélica
2960,310620005670725P,-19.953756,-43.992418,IGREJA PENTECOSTAL JESUS CRISTI E O UNICO CAMUNHO,PENTECOSTAL CLÁSSICA,Protestante/Evangélica
2961,310620025610189P,-19.975587,-43.998438,IGREJA PENTECOSTAL JESUS CRISTO,PENTECOSTAL CLÁSSICA,Protestante/Evangélica
2962,310620025610156P,-19.996839,-43.994429,IGREJA PENTECOSTAL JESUS CRISTO,PENTECOSTAL CLÁSSICA,Protestante/Evangélica
2963,310620060660058P,-19.83359,-43.940729,IGREJA PENTECOSTAL JESUS CRISTO BUSCA O HOMEM,PENTECOSTAL CLÁSSICA,Protestante/Evangélica
2964,310620060660181P,-19.798485,-43.934493,IGREJA PENTECOSTAL JESUS CRISTO E A ESPERANCA,PENTECOSTAL CLÁSSICA,Protestante/Evangélica
2965,310620025610156P,-19.996532,-43.996058,IGREJA PENTECOSTAL JESUS CRISTO E O LIBE,PENTECOSTAL CLÁSSICA,Protestante/Evangélica
2966,310620025610151P,-19.986974,-44.007071,IGREJA PENTECOSTAL JESUS CRISTO E O LIBERTADOR,PENTECOSTAL CLÁSSICA,Protestante/Evangélica
2967,310620005620132P,-19.939542,-43.907801,IGREJA PENTECOSTAL JESUS E ESPERANCA,PENTECOSTAL CLÁSSICA,Protestante/Evangélica
2968,310620005680318P,-19.893197,-43.985717,IGREJA PENTECOSTAL JESUS E FIEL,PENTECOSTAL CLÁSSICA,Protestante/Evangélica
2969,310620005680063P,-19.892214,-43.984297,IGREJA PENTECOSTAL JESUS E FIEL,PENTECOSTAL CLÁSSICA,Protestante/Evangélica
2970,310620060690183P,-19.816732,-44.004284,IGREJA PENTECOSTAL JESUS E O CAMINHO REMANESCENTE,PENTECOSTAL CLÁSSICA,Protestante/Evangélica
2971,310620025610567P,-19.990752,-44.021386,IGREJA PENTECOSTAL JESUS O PRINCIPE DA VIDA,PENTECOSTAL CLÁSSICA,Protestante/Evangélica
2972,310620060640014P,-19.84727,-43.899645,IGREJA PENTECOSTAL JESUS PELEJA POR NOS,PENTECOSTAL CLÁSSICA,Protestante/Evangélica
2973,310620060640041P,-19.838925,-43.888911,IGREJA PENTECOSTAL JESUS RESTAURANDO VIDAS,PENTECOSTAL CLÁSSICA,Protestante/Evangélica
2974,310620005630168P,-19.911351,-43.888759,IGREJA PENTECOSTAL JESUS ROCHA INABALAVEL,PENTECOSTAL CLÁSSICA,Protestante/Evangélica
2975,310620005680340P,-19.890578,-43.98611,IGREJA PENTECOSTAL JESUS SALVADOR,PENTECOSTAL CLÁSSICA,Protestante/Evangélica
2976,310620005670144P,-19.945534,-43.994507,IGREJA PENTECOSTAL LABAREDAS DE CRISTO,PENTECOSTAL CLÁSSICA,Protestante/Evangélica
2977,310620060690121P,-19.802017,-43.968665,IGREJA PENTECOSTAL LEAO DA TRIBO JUDA,PENTECOSTAL CLÁSSICA,Protestante/Evangélica
2978,310620025610589P,-19.991861,-43.98804,IGREJA PENTECOSTAL LIBERTANDO ALMAS,PENTECOSTAL CLÁSSICA,Protestante/Evangélica
2979,310620025610037P,-20.007425,-44.018437,IGREJA PENTECOSTAL LIGADOS NO TRONO,PENTECOSTAL CLÁSSICA,Protestante/Evangélica
2980,310620060640097P,-19.865046,-43.912322,IGREJA PENTECOSTAL LUZ DIVINA DE PENTECOSTE,PENTECOSTAL CLÁSSICA,Protestante/Evangélica
2981,310620005670024P,-19.961249,-43.982605,IGREJA PENTECOSTAL LUZ DO CAMINHO,PENTECOSTAL CLÁSSICA,Protestante/Evangélica
2982,310620005670365P,-19.942549,-43.981025,IGREJA PENTECOSTAL LUZ DO CAMINHO,PENTECOSTAL CLÁSSICA,Protestante/Evangélica
2983,310620060640122P,-19.83104,-43.868754,IGREJA PENTECOSTAL LUZ E SAL DA TERRA,PENTECOSTAL CLÁSSICA,Protestante/Evangélica
2984,310620025610506P,-19.993083,-44.052022,IGREJA PENTECOSTAL MANA QUE DESCE DO CEU,PENTECOSTAL CLÁSSICA,Protestante/Evangélica
2985,310620005640013P,-19.881074,-43.939465,IGREJA PENTECOSTAL MANANCIAL CELESTE,PENTECOSTAL CLÁSSICA,Protestante/Evangélica
2986,310620005680399P,-19.829709,-44.010980000000004,IGREJA PENTECOSTAL MANANCIAL DE CRISTO,PENTECOSTAL CLÁSSICA,Protestante/Evangélica
2987,310620060640023P,-19.851557,-43.886805,IGREJA PENTECOSTAL MANANCIAL DE CRISTO,PENTECOSTAL CLÁSSICA,Protestante/Evangélica
2988,310620025610608P,-19.992454,-43.990218,IGREJA PENTECOSTAL MANANCIAL DE DEUS,PENTECOSTAL CLÁSSICA,Protestante/Evangélica
2989,310620060640156P,-19.855431,-43.901188,IGREJA PENTECOSTAL MANTO DE MISTERIO,PENTECOSTAL CLÁSSICA,Protestante/Evangélica
2990,310620005620505P,-19.931412,-43.907201,IGREJA PENTECOSTAL MAOS DO OLEIRO,PENTECOSTAL CLÁSSICA,Protestante/Evangélica
2991,310620060640030P,-19.854889,-43.899172,IGREJA PENTECOSTAL MAOS UNIDAS NA MESMA FE,PENTECOSTAL CLÁSSICA,Protestante/Evangélica
2992,310620025610164P,-19.98755,-44.048922,IGREJA PENTECOSTAL MENORAH,PENTECOSTAL CLÁSSICA,Protestante/Evangélica
2993,310620005650334P,-19.883746,-43.952916,IGREJA PENTECOSTAL MENSAGEM DE JESUS CRI,PENTECOSTAL CLÁSSICA,Protestante/Evangélica
2994,310620005650429P,-19.920512,-43.994367,IGREJA PENTECOSTAL MEU REDENTOR VIVE,PENTECOSTAL CLÁSSICA,Protestante/Evangélica
2995,310620060660112P,-19.858091,-43.932991,IGREJA PENTECOSTAL MINISTEIO VINDE A MIM,PENTECOSTAL CLÁSSICA,Protestante/Evangélica
2996,310620005620654P,-19.936536,-43.902617,IGREJA PENTECOSTAL MINISTERIO DA PALAVRA,PENTECOSTAL CLÁSSICA,Protestante/Evangélica
2997,310620005650552P,-19.883174,-43.959377,IGREJA PENTECOSTAL MINISTERIO DO FOGO,PENTECOSTAL CLÁSSICA,Protestante/Evangélica
2998,310620005620652P,-19.93342,-43.902548,IGREJA PENTECOSTAL MINISTERIO DO FOGO CASA DOS PROFETAS,PENTECOSTAL CLÁSSICA,Protestante/Evangélica
2999,310620005680301P,-19.901485,-43.995434,IGREJA PENTECOSTAL MINISTRANDO A VIDA ETERNA,PENTECOSTAL CLÁSSICA,Protestante/Evangélica
3000,310620060690471P,-19.787565,-43.984845,IGREJA PENTECOSTAL MINISTROS LABAREDAS,PENTECOSTAL CLÁSSICA,Protestante/Evangélica
3001,310620060690196P,-19.787098,-43.985591,IGREJA PENTECOSTAL MINISTROS LABAREDAS DE FOGO,PENTECOSTAL CLÁSSICA,Protestante/Evangélica
3002,310620060660301P,-19.829172,-43.905432,IGREJA PENTECOSTAL MISS ATALAIA DE CRISTO,PENTECOSTAL CLÁSSICA,Protestante/Evangélica
3003,310620060660010P,-19.829152,-43.932207,IGREJA PENTECOSTAL MISSAO REVELADA,PENTECOSTAL CLÁSSICA,Protestante/Evangélica
3004,310620060660014P,-19.82681,-43.929315,IGREJA PENTECOSTAL MISSIONARIA NOVA CANA,PENTECOSTAL CLÁSSICA,Protestante/Evangélica
3005,310620060660002P,-19.83203,-43.929628,IGREJA PENTECOSTAL MISSIONARIA NOVO TEMPLO ETERNAMENTE EM CRISTO,PENTECOSTAL CLÁSSICA,Protestante/Evangélica
3006,310620025610068P,-20.017584,-44.025175,IGREJA PENTECOSTAL MISSIONARIA RECONCILIACAO,PENTECOSTAL CLÁSSICA,Protestante/Evangélica
3007,310620060690234P,-19.806454,-43.951945,IGREJA PENTECOSTAL MISSIONARIOS DA FE,PENTECOSTAL CLÁSSICA,Protestante/Evangélica
3008,310620025610093P,-20.001318,-44.042693,IGREJA PENTECOSTAL MISSOES EM CRISTO,PENTECOSTAL CLÁSSICA,Protestante/Evangélica
3009,310620060660130P,-19.844483,-43.945081,IGREJA PENTECOSTAL MISTERIO DO FOGO,PENTECOSTAL CLÁSSICA,Protestante/Evangélica
3010,310620060690099P,-19.806857,-43.999456,IGREJA PENTECOSTAL MONTE CARMELO,PENTECOSTAL CLÁSSICA,Protestante/Evangélica
3011,310620005680315P,-19.891745,-43.986556,IGREJA PENTECOSTAL MONTE CARMELO,PENTECOSTAL CLÁSSICA,Protestante/Evangélica
3012,310620060660072P,-19.835002,-43.913859,IGREJA PENTECOSTAL MONTE DAS OLIVEIRAS,PENTECOSTAL CLÁSSICA,Protestante/Evangélica
3013,310620060660430P,-19.803251,-43.906555,IGREJA PENTECOSTAL MORADA DO ALTISSIMO,PENTECOSTAL CLÁSSICA,Protestante/Evangélica
3014,310620005620101P,-19.931117,-43.916117,IGREJA PENTECOSTAL MOVE AS AGUAS,PENTECOSTAL CLÁSSICA,Protestante/Evangélica
3015,310620005620301P,-19.952516,-43.942282,IGREJA PENTECOSTAL MURO DE FOGO,PENTECOSTAL CLÁSSICA,Protestante/Evangélica
3016,310620060690298P,-19.787685,-43.980043,IGREJA PENTECOSTAL N J DE CRISTO,PENTECOSTAL CLÁSSICA,Protestante/Evangélica
3017,310620005650350P,-19.899098,-43.947798,IGREJA PENTECOSTAL NACOES PARA CRISTO NA TERRA,AFRO-BRASILEIRA,Afro-brasileira
3018,310620005630255P,-19.916659,-43.885181,IGREJA PENTECOSTAL NADANDO NA GRACA DE DEUS,PENTECOSTAL CLÁSSICA,Protestante/Evangélica
3019,310620005680127P,-19.8726,-43.950477,IGREJA PENTECOSTAL NOVA ADORACAO,PENTECOSTAL CLÁSSICA,Protestante/Evangélica
3020,310620060660261P,-19.838715,-43.929023,IGREJA PENTECOSTAL NOVA ALIANCA,PENTECOSTAL CLÁSSICA,Protestante/Evangélica
3021,310620060690081P,-19.827957,-43.990119,IGREJA PENTECOSTAL NOVA CANAA,PENTECOSTAL CLÁSSICA,Protestante/Evangélica
3022,310620060640038P,-19.836229,-43.890509,IGREJA PENTECOSTAL NOVA DIMENSAO,PENTECOSTAL CLÁSSICA,Protestante/Evangélica
3023,310620025610015P,-19.996839,-44.026983,IGREJA PENTECOSTAL NOVA JERUSALEM,PENTECOSTAL CLÁSSICA,Protestante/Evangélica
3024,310620060690214P,-19.793468,-43.96273,IGREJA PENTECOSTAL NOVA JERUSALEM,PENTECOSTAL CLÁSSICA,Protestante/Evangélica
3025,310620060690540P,-19.785917,-43.989256,IGREJA PENTECOSTAL NOVA JERUSALEM,PENTECOSTAL CLÁSSICA,Protestante/Evangélica
3026,310620005680264P,-19.872916,-44.015636,IGREJA PENTECOSTAL NOVA JERUSALEM,PENTECOSTAL CLÁSSICA,Protestante/Evangélica
3027,310620060690166P,-19.829729,-43.989939,IGREJA PENTECOSTAL NOVA JERUSALEM DE CRI,PENTECOSTAL CLÁSSICA,Protestante/Evangélica
3028,310620060640246P,-19.867517,-43.914529,IGREJA PENTECOSTAL NOVA JERUSALEM DE CRI,PENTECOSTAL CLÁSSICA,Protestante/Evangélica
3029,310620005670215P,-19.95009,-43.965896,IGREJA PENTECOSTAL NOVA JERUSALEM DE CRISTO,PENTECOSTAL CLÁSSICA,Protestante/Evangélica
3030,310620005630424P,-19.91407,-43.891288,IGREJA PENTECOSTAL NOVA JERUSALEM DE CRISTO,PENTECOSTAL CLÁSSICA,Protestante/Evangélica
3031,310620060660119P,-19.847217,-43.937613,IGREJA PENTECOSTAL NOVA MISSAO MUNDIAL,NEOPENTECOSTAL,Protestante/Evangélica
3032,310620060660103P,-19.859098,-43.925427,IGREJA PENTECOSTAL NOVA SIAO,PENTECOSTAL CLÁSSICA,Protestante/Evangélica
3033,310620060690104P,-19.800378,-43.998171,IGREJA PENTECOSTAL NOVA VIDA EM CRISTO E,PENTECOSTAL CLÁSSICA,Protestante/Evangélica
3034,310620005630318P,-19.894626,-43.91019,IGREJA PENTECOSTAL NOVO TEMPO,PENTECOSTAL CLÁSSICA,Protestante/Evangélica
3035,310620005680093P,-19.867365,-44.018201,IGREJA PENTECOSTAL O CLAMOR DE JESUS,PENTECOSTAL CLÁSSICA,Protestante/Evangélica
3036,310620005670517P,-19.935858,-44.003188,IGREJA PENTECOSTAL O GRANDE POVO DE DEUS,PENTECOSTAL CLÁSSICA,Protestante/Evangélica
3037,310620005670328P,-19.955122,-43.971203,IGREJA PENTECOSTAL O MINISTERIO DE DEUS,PENTECOSTAL CLÁSSICA,Protestante/Evangélica
3038,310620060640182P,-19.832136,-43.900899,IGREJA PENTECOSTAL O SENHOR NOSSA JUSTIC,PENTECOSTAL CLÁSSICA,Protestante/Evangélica
3039,310620060640289P,-19.848345,-43.876728,IGREJA PENTECOSTAL OLARIA DO SENHOR,PENTECOSTAL CLÁSSICA,Protestante/Evangélica
3040,310620005650108P,-19.919734,-44.002868,IGREJA PENTECOSTAL OLIVEIRA VERDADEIRA,PENTECOSTAL CLÁSSICA,Protestante/Evangélica
3041,310620060660243P,-19.836445,-43.90765,IGREJA PENTECOSTAL OS FILHOS DA FORMOSA JERUSALEM,PENTECOSTAL CLÁSSICA,Protestante/Evangélica
3042,310620060660430P,-19.802833,-43.908397,IGREJA PENTECOSTAL OS REMANESCENTES DOS ULTIMOS DIAS,PENTECOSTAL CLÁSSICA,Protestante/Evangélica
3043,310620060690117P,-19.796059,-43.973703,IGREJA PENTECOSTAL OVELHAS AOS PES DA CRUZ,PENTECOSTAL CLÁSSICA,Protestante/Evangélica
3044,310620005680132P,-19.877683,-43.956196,IGREJA PENTECOSTAL OZIEL,PENTECOSTAL CLÁSSICA,Protestante/Evangélica
3045,310620060640340P,-19.831765,-43.890772,IGREJA PENTECOSTAL PAI NOSSO QUE ESTAIS NO CEU,PENTECOSTAL CLÁSSICA,Protestante/Evangélica
3046,310620005680379P,-19.904978,-43.99189,IGREJA PENTECOSTAL PALAVRA QUE LIBERTA,PENTECOSTAL CLÁSSICA,Protestante/Evangélica
3047,310620005620108P,-19.934122,-43.908381,IGREJA PENTECOSTAL PEDRA VIVA,PENTECOSTAL CLÁSSICA,Protestante/Evangélica
3048,310620060660077P,-19.84099,-43.909973,IGREJA PENTECOSTAL PENIEL,PENTECOSTAL CLÁSSICA,Protestante/Evangélica
3049,310620025610343P,-19.99448,-44.031413,IGREJA PENTECOSTAL PLENITUDE DA FE,PENTECOSTAL CLÁSSICA,Protestante/Evangélica
3050,310620060640078P,-19.865763,-43.89834,IGREJA PENTECOSTAL PLENITUDE VIDA,PENTECOSTAL CLÁSSICA,Protestante/Evangélica
3051,310620005630261P,-19.911393,-43.87784,IGREJA PENTECOSTAL PODER DA ORACAO,PENTECOSTAL CLÁSSICA,Protestante/Evangélica
3052,310620005630490P,-19.911349,-43.877942,IGREJA PENTECOSTAL PODER DA ORACAO,PENTECOSTAL CLÁSSICA,Protestante/Evangélica
3053,310620060640058P,-19.863734,-43.897028,IGREJA PENTECOSTAL PORTA DAS OVELHAS,PENTECOSTAL CLÁSSICA,Protestante/Evangélica
3054,310620060690016P,-19.808056,-43.968732,IGREJA PENTECOSTAL PORTAS ABERTAS,PENTECOSTAL CLÁSSICA,Protestante/Evangélica
3055,310620060690214P,-19.793334,-43.9639,IGREJA PENTECOSTAL POVO DE ISRAEL,PENTECOSTAL CLÁSSICA,Protestante/Evangélica
3056,310620025610234P,-19.993758,-43.988431,IGREJA PENTECOSTAL PROJETO DE AMOR,PENTECOSTAL CLÁSSICA,Protestante/Evangélica
3057,310620060640196P,-19.852034,-43.919023,IGREJA PENTECOSTAL PRONTO SOCORRO DE DEUS,PENTECOSTAL CLÁSSICA,Protestante/Evangélica
3058,310620005670063P,-19.965993,-43.986585,IGREJA PENTECOSTAL PROVISAO DE DEUS,PENTECOSTAL CLÁSSICA,Protestante/Evangélica
3059,310620025610068P,-20.016,-44.023817,IGREJA PENTECOSTAL QUERUBINS DA ARCA,PENTECOSTAL CLÁSSICA,Protestante/Evangélica
3060,310620060640138P,-19.850141,-43.897051,IGREJA PENTECOSTAL RAIZ DE JESSE,PENTECOSTAL CLÁSSICA,Protestante/Evangélica
3061,310620060660321P,-19.845527,-43.912752,IGREJA PENTECOSTAL REFUGIO ETERNO,PENTECOSTAL CLÁSSICA,Protestante/Evangélica
3062,310620005680302P,-19.90053,-43.99635,IGREJA PENTECOSTAL REI DO UNIVERSO,PENTECOSTAL CLÁSSICA,Protestante/Evangélica
3063,310620060660301P,-19.827042,-43.906985,IGREJA PENTECOSTAL REMANESCENTE,PENTECOSTAL CLÁSSICA,Protestante/Evangélica
3064,310620005650126P,-19.906511,-44.010706,IGREJA PENTECOSTAL RENASCENTE DA ULTIMA HORA,PENTECOSTAL CLÁSSICA,Protestante/Evangélica
3065,310620025610631P,-19.993433,-43.987286,IGREJA PENTECOSTAL RENASCER,PENTECOSTAL CLÁSSICA,Protestante/Evangélica
3066,310620060660302P,-19.827981,-43.904249,IGREJA PENTECOSTAL RENASCER NA FE,PENTECOSTAL CLÁSSICA,Protestante/Evangélica
3067,310620060690212P,-19.793791,-43.965265,IGREJA PENTECOSTAL RENASCIDOS PELA GRACA,PENTECOSTAL CLÁSSICA,Protestante/Evangélica
3068,310620005670469P,-19.948067000000002,-44.009965,IGREJA PENTECOSTAL RENOVADA SAL E LUZ DA TERRA,PENTECOSTAL CLÁSSICA,Protestante/Evangélica
3069,310620025610206P,-19.996508,-43.988551,IGREJA PENTECOSTAL RESGATANDO ALMAS,PENTECOSTAL CLÁSSICA,Protestante/Evangélica
3070,310620005680301P,-19.900803,-43.995288,IGREJA PENTECOSTAL RESGATANDO ALMAS,PENTECOSTAL CLÁSSICA,Protestante/Evangélica
3071,310620005650114P,-19.910034,-44.007914,IGREJA PENTECOSTAL RESGATANDO VIDAS PARA O SENHOR,PENTECOSTAL CLÁSSICA,Protestante/Evangélica
3072,310620005620661P,-19.934007,-43.917351,IGREJA PENTECOSTAL RESGATE PARA CRISTO,PENTECOSTAL CLÁSSICA,Protestante/Evangélica
3073,310620060660234P,-19.858557,-43.929934,IGREJA PENTECOSTAL RESPLENDOR DE DEUS,PENTECOSTAL CLÁSSICA,Protestante/Evangélica
3074,310620025610128P,-20.020915,-44.034087,IGREJA PENTECOSTAL RESTAURACAO DA ALIANA,PENTECOSTAL CLÁSSICA,Protestante/Evangélica
3075,310620060660182P,-19.797205,-43.932869,IGREJA PENTECOSTAL RESTAURANDO ALMAS,PENTECOSTAL CLÁSSICA,Protestante/Evangélica
3076,310620060690177P,-19.82674,-44.004743,IGREJA PENTECOSTAL RESTAURANDO VIDAS,PENTECOSTAL CLÁSSICA,Protestante/Evangélica
3077,310620025610649P,-19.996958,-43.982028,IGREJA PENTECOSTAL RESTITUINDO A UNCAO,PENTECOSTAL CLÁSSICA,Protestante/Evangélica
3078,310620060690051P,-19.79663,-43.98616,IGREJA PENTECOSTAL RIBEIRO DE QUERITE APERFEICOAMENTO DE DEUS,PENTECOSTAL CLÁSSICA,Protestante/Evangélica
3079,310620060660083P,-19.842786,-43.91662,IGREJA PENTECOSTAL RIOS DE ACEITE,PENTECOSTAL CLÁSSICA,Protestante/Evangélica
3080,310620025610522P,-19.974125,-44.053316,IGREJA PENTECOSTAL ROCHA DA ESPERANCA,PENTECOSTAL CLÁSSICA,Protestante/Evangélica
3081,310620060660252P,-19.832226,-43.919971,IGREJA PENTECOSTAL ROCHA DE AGUA VIVA,PENTECOSTAL CLÁSSICA,Protestante/Evangélica
3082,310620025610017P,-19.990403,-44.028451,IGREJA PENTECOSTAL RODAS DE JERUSALEM,PENTECOSTAL CLÁSSICA,Protestante/Evangélica
3083,310620005670771P,-19.947886,-43.986501,IGREJA PENTECOSTAL SAL DA TERRA,PENTECOSTAL CLÁSSICA,Protestante/Evangélica
3084,310620060660193P,-19.83246,-43.904575,IGREJA PENTECOSTAL SALVANDO ALMAS PARA O REINO DE DEUS,PENTECOSTAL CLÁSSICA,Protestante/Evangélica
3085,310620005630396P,-19.909449,-43.880106,IGREJA PENTECOSTAL SANTIDADE AO SENHOR,PENTECOSTAL CLÁSSICA,Protestante/Evangélica
3086,310620005680399P,-19.829483,-44.011408,IGREJA PENTECOSTAL SANTIDADE SALVACAO,PENTECOSTAL CLÁSSICA,Protestante/Evangélica
3087,310620060640235P,-19.84579,-43.906259,IGREJA PENTECOSTAL SANTUARIO DE DEUS,PENTECOSTAL CLÁSSICA,Protestante/Evangélica
3088,310620005670090P,-19.949345,-43.971837,IGREJA PENTECOSTAL SEMEANDO PARA O REINO DE CRISTO,PENTECOSTAL CLÁSSICA,Protestante/Evangélica
3089,310620005640122P,-19.881262,-43.921166,IGREJA PENTECOSTAL SEMEAR,PENTECOSTAL CLÁSSICA,Protestante/Evangélica
3090,310620025610293P,-20.012328,-44.023014,IGREJA PENTECOSTAL SENHOR DOS REIS,PENTECOSTAL CLÁSSICA,Protestante/Evangélica
3091,310620025610190P,-19.976627,-44.000773,IGREJA PENTECOSTAL SETE CASTICAIS PODER DE DEUS,PENTECOSTAL CLÁSSICA,Protestante/Evangélica
3092,310620025610589P,-19.991086,-43.983758,IGREJA PENTECOSTAL SOL DA JUSTICA,PENTECOSTAL CLÁSSICA,Protestante/Evangélica
3093,310620025610080P,-20.008897,-44.037378,IGREJA PENTECOSTAL SOL DA JUSTICA,PENTECOSTAL CLÁSSICA,Protestante/Evangélica
3094,310620060660083P,-19.840938,-43.913684,IGREJA PENTECOSTAL SR JESUS,PENTECOSTAL CLÁSSICA,Protestante/Evangélica
3095,310620005670806P,-19.955841,-43.990751,IGREJA PENTECOSTAL TABERNACULO DA ADORACAO,PENTECOSTAL CLÁSSICA,Protestante/Evangélica
3096,310620005630262P,-19.914658,-43.878435,IGREJA PENTECOSTAL TEMPLO DA FE,PENTECOSTAL CLÁSSICA,Protestante/Evangélica
3097,310620060660413P,-19.852255,-43.924263,IGREJA PENTECOSTAL TEMPLO DE ADORACAO,PENTECOSTAL CLÁSSICA,Protestante/Evangélica
3098,310620060640298P,-19.856694,-43.905212,IGREJA PENTECOSTAL TEMPLO DE DEUS NO DOM SILVERIO,PENTECOSTAL CLÁSSICA,Protestante/Evangélica
3099,310620060640085P,-19.86336,-43.909617,IGREJA PENTECOSTAL TEMPLO DE ORACAO RESGATE,PENTECOSTAL CLÁSSICA,Protestante/Evangélica
3100,310620060690323P,-19.830216,-43.991829,IGREJA PENTECOSTAL TEMPO DE COLHEITA,PENTECOSTAL CLÁSSICA,Protestante/Evangélica
3101,310620060660237P,-19.860629,-43.927663,IGREJA PENTECOSTAL TENDA DA CONGRECAO DE DEUS,PENTECOSTAL CLÁSSICA,Protestante/Evangélica
3102,310620005630089P,-19.907175,-43.890888,IGREJA PENTECOSTAL TENDA DA CONGREGACAO,PENTECOSTAL CLÁSSICA,Protestante/Evangélica
3103,310620005630449P,-19.917865,-43.882461,IGREJA PENTECOSTAL TENDA DE JERUSALEM,PENTECOSTAL CLÁSSICA,Protestante/Evangélica
3104,310620005620330P,-19.915267,-43.943742,IGREJA PENTECOSTAL TENDA DE JERUSALEM,PENTECOSTAL CLÁSSICA,Protestante/Evangélica
3105,310620060660069P,-19.835205,-43.917061,IGREJA PENTECOSTAL TRANSF VIDAS C JESUS,PENTECOSTAL CLÁSSICA,Protestante/Evangélica
3106,310620060660235P,-19.858847,-43.93009,IGREJA PENTECOSTAL TROVAO DE DEUS,PENTECOSTAL CLÁSSICA,Protestante/Evangélica
3107,310620060640172P,-19.850787,-43.906178,IGREJA PENTECOSTAL UMA ALIANCA COM DEUS QUE FAZ MILAGRES,PENTECOSTAL CLÁSSICA,Protestante/Evangélica
3108,310620005670532P,-19.960045,-43.981398,IGREJA PENTECOSTAL UNIDA DO BRASIL,PENTECOSTAL CLÁSSICA,Protestante/Evangélica
3109,310620025610299P,-19.995424,-44.032827,IGREJA PENTECOSTAL UNIDA DO BRASIL,PENTECOSTAL CLÁSSICA,Protestante/Evangélica
3110,310620005630428P,-19.924099,-43.917209,IGREJA PENTECOSTAL UNIDA DO BRASIL,PENTECOSTAL CLÁSSICA,Protestante/Evangélica
3111,310620060640016P,-19.841238,-43.898578,IGREJA PENTECOSTAL UNIDA NA FE,PENTECOSTAL CLÁSSICA,Protestante/Evangélica
3112,310620025610289P,-20.016645,-44.028781,IGREJA PENTECOSTAL UNIDOS EM CRISTO,PENTECOSTAL CLÁSSICA,Protestante/Evangélica
3113,310620060690208P,-19.791994,-43.966735,IGREJA PENTECOSTAL UNIDOS EM CRISTO,PENTECOSTAL CLÁSSICA,Protestante/Evangélica
3114,310620025610073P,-20.017454,-44.032658,IGREJA PENTECOSTAL UNIDOS PELA FE,PENTECOSTAL CLÁSSICA,Protestante/Evangélica
3115,310620060690255P,-19.809095,-43.984534,IGREJA PENTECOSTAL UNIVERSO DE CRISTO,PENTECOSTAL CLÁSSICA,Protestante/Evangélica
3116,310620005650255P,-19.895353,-44.011835,IGREJA PENTECOSTAL VASO DE HONRA DEUS,PENTECOSTAL CLÁSSICA,Protestante/Evangélica
3117,310620025610086P,-19.999707,-44.033166,IGREJA PENTECOSTAL VENHA O TEU REINO,PENTECOSTAL CLÁSSICA,Protestante/Evangélica
3118,310620005680378P,-19.90489,-43.992918,IGREJA PENTECOSTAL VIDA EM CRISTO,PENTECOSTAL CLÁSSICA,Protestante/Evangélica
3119,310620005650259P,-19.898793,-44.010042,IGREJA PENTECOSTAL VIDA ETERNA,PENTECOSTAL CLÁSSICA,Protestante/Evangélica
3120,310620005680298P,-19.900277,-44.00225,IGREJA PENTECOSTAL VIDA ETERNA,PENTECOSTAL CLÁSSICA,Protestante/Evangélica
3121,310620005680298P,-19.900241,-44.002255,IGREJA PENTECOSTAL VIDA ETERNA,PENTECOSTAL CLÁSSICA,Protestante/Evangélica
3122,310620005640014P,-19.883556,-43.936681,IGREJA PENTECOSTAL VINHO NOVO,PENTECOSTAL CLÁSSICA,Protestante/Evangélica
3123,310620005670361P,-19.945892,-43.991402,IGREJA PENTECOSTAL VISAO DA AGUIA DOURADA,PENTECOSTAL CLÁSSICA,Protestante/Evangélica
3124,310620005670361P,-19.945103,-43.991173,IGREJA PENTECOSTAL VISAO DE AGUIA,PENTECOSTAL CLÁSSICA,Protestante/Evangélica
3125,310620060680080P,-19.840767,-43.987392,IGREJA PENTECOSTAL VISAO DE AGUIA EM CRISTO JESUS,PENTECOSTAL CLÁSSICA,Protestante/Evangélica
3126,310620060690307P,-19.814794,-43.996051,IGREJA PENTECOSTAL VITORIA DA CRUZ,PENTECOSTAL CLÁSSICA,Protestante/Evangélica
3127,310620005630228P,-19.888564,-43.890607,IGREJA PENTECOSTAL YESHUA EMANUELL,PENTECOSTAL CLÁSSICA,Protestante/Evangélica
3128,310620005640116P,-19.876053,-43.943902,IGREJA PENTECOSTALPRIMITIVA ROCHA ETERNA,PENTECOSTAL CLÁSSICA,Protestante/Evangélica
3129,310620025610510P,-19.995203,-43.994839,IGREJA PENTEECOSTAL DO AMOR DE DEUS,PROTESTANTE/EVANGÉLICA GENÉRICA,Protestante/Evangélica
3130,310620060640264P,-19.867412,-43.906997,IGREJA PENTENCOSTA TANQUE D3 SILOE,PROTESTANTE/EVANGÉLICA GENÉRICA,Protestante/Evangélica
3131,310620060640198P,-19.869674,-43.900791,IGREJA PENTENCOSTAL,PENTECOSTAL CLÁSSICA,Protestante/Evangélica
3132,310620005670080P,-19.939393,-43.983059,IGREJA PENTENCOSTAL,PENTECOSTAL CLÁSSICA,Protestante/Evangélica
3133,310620060690497P,-19.797983,-43.969625,IGREJA PENTENCOSTAL A BOCA DE DEUS FALANDO,PENTECOSTAL CLÁSSICA,Protestante/Evangélica
3134,310620005630092P,-19.910564,-43.8921,IGREJA PENTENCOSTAL ARCA DE NOE,PENTECOSTAL CLÁSSICA,Protestante/Evangélica
3135,310620005630365P,-19.91253,-43.89076,IGREJA PENTENCOSTAL ARCA DO AVIVAMENTO,PENTECOSTAL CLÁSSICA,Protestante/Evangélica
3136,310620025610037P,-20.01165,-44.020557,IGREJA PENTENCOSTAL CAMINHO PARA NOVA JERUSALEM,PENTECOSTAL CLÁSSICA,Protestante/Evangélica
3137,310620005620130P,-19.941301,-43.911104,IGREJA PENTENCOSTAL COLUNA DE FOGO,PENTECOSTAL CLÁSSICA,Protestante/Evangélica
3138,310620005620132P,-19.941009,-43.908318,IGREJA PENTENCOSTAL DE CRISTO RESSUSCITADO,PENTECOSTAL CLÁSSICA,Protestante/Evangélica
3139,310620060690473P,-19.811761,-43.982462,IGREJA PENTENCOSTAL DEUS E AMOR,PENTECOSTAL CLÁSSICA,Protestante/Evangélica
3140,310620005630140P,-19.920649,-43.918667,IGREJA PENTENCOSTAL DEUS E AMOR,PENTECOSTAL CLÁSSICA,Protestante/Evangélica
3141,310620005620127P,-19.943608,-43.909643,IGREJA PENTENCOSTAL DEUS ESTA EM NOSSOS CORACOES,PENTECOSTAL CLÁSSICA,Protestante/Evangélica
3142,310620005620124P,-19.942359,-43.907166,IGREJA PENTENCOSTAL MINISTERIO DA PALAVRA,PENTECOSTAL CLÁSSICA,Protestante/Evangélica
3143,310620005650363P,-19.902306,-43.948458,IGREJA PENTENCOSTAL NACOES PARA CRISTO NA TERRA,AFRO-BRASILEIRA,Afro-brasileira
3144,310620060640098P,-19.861241,-43.910974,IGREJA PENTENCOSTAL REBANHO DE DEUS,PENTECOSTAL CLÁSSICA,Protestante/Evangélica
3145,310620005670198P,-19.942357,-43.998282,IGREJA PENTENCOSTAL SALVANDO VIDAS,PENTECOSTAL CLÁSSICA,Protestante/Evangélica
3146,310620060640098P,-19.861413,-43.91091,IGREJA PENTENCOSTAL SOBRE A ROCHA,PENTECOSTAL CLÁSSICA,Protestante/Evangélica
3147,310620005670507P,-19.940517,-44.024131,IGREJA PENTENCOSTAL TABERBACULO DE ORACAO,PENTECOSTAL CLÁSSICA,Protestante/Evangélica
3148,310620060660182P,-19.79684,-43.93636,IGREJA PENTENCOSTAL TEMPLO DOS PROFETAS DE DEUS,PENTECOSTAL CLÁSSICA,Protestante/Evangélica
3149,310620005680389P,-19.888245,-43.983583,IGREJA PENTENCOSTAL TEMPO DA COLHEITA,PENTECOSTAL CLÁSSICA,Protestante/Evangélica
3150,310620005670810P,-19.956088,-43.963296,IGREJA PENTEOSTAL,PENTECOSTAL CLÁSSICA,Protestante/Evangélica
3151,310620060690189P,-19.810436,-44.0016,IGREJA PENTEOSTAL CAMINHO A JERUSALEM,PENTECOSTAL CLÁSSICA,Protestante/Evangélica
3152,310620060660253P,-19.802031,-43.943457,IGREJA PENTESCOSTAL,PENTECOSTAL CLÁSSICA,Protestante/Evangélica
3153,310620060640085P,-19.863121,-43.909906,IGREJA PENTESCOSTAL,PENTECOSTAL CLÁSSICA,Protestante/Evangélica
3154,310620005670264P,-19.946456,-43.961258,IGREJA PENTESCOSTAL,PENTECOSTAL CLÁSSICA,Protestante/Evangélica
3155,310620025610031P,-19.998562,-44.009514,IGREJA PENTESCOSTAL,PENTECOSTAL CLÁSSICA,Protestante/Evangélica
3156,310620060690540P,-19.788328,-43.990225,IGREJA PENTESCOSTAL CHAMA DE FOGO,PENTECOSTAL CLÁSSICA,Protestante/Evangélica
3157,310620060690202P,-19.783789,-43.978514,IGREJA PENTESCOSTAL GEANDE DEUS,PENTECOSTAL CLÁSSICA,Protestante/Evangélica
3158,310620060690297P,-19.810286,-43.996985,IGREJA PENTESCOSTAL HA SOLUCAO EM JESUS,PENTECOSTAL CLÁSSICA,Protestante/Evangélica
3159,310620025610262P,-19.977142,-44.048222,IGREJA PENTESCOSTAL NAVEGANDO NO ESPIRIT,PENTECOSTAL CLÁSSICA,Protestante/Evangélica
3160,310620060640047P,-19.851619,-43.903835,IGREJA PENTESCOSTAL RENASCENTES DE UMA CHAMADA,PENTECOSTAL CLÁSSICA,Protestante/Evangélica
3161,310620005670771P,-19.947848,-43.986429,IGREJA PENTESCOSTAL SAL DA TERRA,PENTECOSTAL CLÁSSICA,Protestante/Evangélica
3162,310620025610593P,-20.010295,-44.012719,IGREJA PENTESCOTAL GERACAO DE ADORADORES,PROTESTANTE/EVANGÉLICA GENÉRICA,Protestante/Evangélica
3163,310620060660432P,-19.805353,-43.904571,IGREJA PENTOCOSTAL PROMESSA DE DEUS,PROTESTANTE/EVANGÉLICA GENÉRICA,Protestante/Evangélica
3164,310620060640250P,-19.84636,-43.896549,IGREJA PENTRCOSTAL,PROTESTANTE/EVANGÉLICA GENÉRICA,Protestante/Evangélica
3165,310620060660064P,-19.816547,-43.937837,IGREJA PES DE CRISTO,PROTESTANTE/EVANGÉLICA GENÉRICA,Protestante/Evangélica
3166,310620025610398P,-19.997038,-43.991488,IGREJA PESTENCOSTAL,PROTESTANTE/EVANGÉLICA GENÉRICA,Protestante/Evangélica
3167,310620025610354P,-20.012231,-44.011643,IGREJA PETECOSTAL,PROTESTANTE/EVANGÉLICA GENÉRICA,Protestante/Evangélica
3168,310620005620109P,-19.934939,-43.908828,IGREJA PETECOSTAL,PROTESTANTE/EVANGÉLICA GENÉRICA,Protestante/Evangélica
3169,310620060690040P,-19.81373,-43.99295,IGREJA PETECOSTAL A VOZ DA JUSTICA,PROTESTANTE/EVANGÉLICA GENÉRICA,Protestante/Evangélica
3170,310620060640056P,-19.836488,-43.896337,IGREJA PETECOSTAL ALIANCA COM DEUS,PROTESTANTE/EVANGÉLICA GENÉRICA,Protestante/Evangélica
3171,310620060660248P,-19.830768,-43.904387,IGREJA PETECOSTAL ATALAIA DE CRISTO,PROTESTANTE/EVANGÉLICA GENÉRICA,Protestante/Evangélica
3172,310620060640091P,-19.870685,-43.89775,IGREJA PETECOSTAL CASA DE ORACAO TEMPLO,PROTESTANTE/EVANGÉLICA GENÉRICA,Protestante/Evangélica
3173,310620005630261P,-19.91165,-43.877908,IGREJA PETECOSTAL COLUNA DE FOGO DA MISSAO,CATÓLICA,Católica
3174,310620025610067P,-20.010026,-44.009869,IGREJA PETECOSTAL DEUS E AMOR,PENTECOSTAL CLÁSSICA,Protestante/Evangélica
3175,310620025610331P,-19.994051,-43.989881,IGREJA PETECOSTAL DEUS E NOSSA ESPERANCA,PROTESTANTE/EVANGÉLICA GENÉRICA,Protestante/Evangélica
3176,310620060640038P,-19.836707,-43.890665,IGREJA PETECOSTAL EVANGELHO VIVO,PROTESTANTE/EVANGÉLICA GENÉRICA,Protestante/Evangélica
3177,310620060640035P,-19.837631,-43.895361,IGREJA PETECOSTAL MAOS UNIDAS,PROTESTANTE/EVANGÉLICA GENÉRICA,Protestante/Evangélica
3178,310620060640074P,-19.830654,-43.886958,IGREJA PETECOSTAL MONTE DAS OLIVEIRAS,PROTESTANTE/EVANGÉLICA GENÉRICA,Protestante/Evangélica
3179,310620025610067P,-20.009137,-44.011043,IGREJA PETECOSTAL TEMPLO DA PRESENCA DS DEUS,PROTESTANTE/EVANGÉLICA GENÉRICA,Protestante/Evangélica
3180,310620005620759P,-19.932378,-43.911985,IGREJA PETENCOSTA,PROTESTANTE/EVANGÉLICA GENÉRICA,Protestante/Evangélica
3181,310620025610491P,-20.010694,-44.028052,IGREJA PETENCOSTAL,PENTECOSTAL CLÁSSICA,Protestante/Evangélica
3182,310620060640068P,-19.846612,-43.913755,IGREJA PETENCOSTAL,PENTECOSTAL CLÁSSICA,Protestante/Evangélica
3183,310620005620600P,-19.951961,-43.959992,IGREJA PETENCOSTAL,PENTECOSTAL CLÁSSICA,Protestante/Evangélica
3184,310620005650097P,-19.92931,-44.002217,IGREJA PETENCOSTAL,PENTECOSTAL CLÁSSICA,Protestante/Evangélica
3185,310620005650227P,-19.913668,-44.022862,IGREJA PETENCOSTAL,PENTECOSTAL CLÁSSICA,Protestante/Evangélica
3186,310620005620512P,-19.931203,-43.909078,IGREJA PETENCOSTAL,PENTECOSTAL CLÁSSICA,Protestante/Evangélica
3187,310620005670042P,-19.949451,-43.976671,IGREJA PETENCOSTAL,PENTECOSTAL CLÁSSICA,Protestante/Evangélica
3188,310620025610272P,-19.998077,-44.019856,IGREJA PETENCOSTAL,PENTECOSTAL CLÁSSICA,Protestante/Evangélica
3189,310620005640062P,-19.877659,-43.940095,IGREJA PETENCOSTAL,PENTECOSTAL CLÁSSICA,Protestante/Evangélica
3190,310620005620510P,-19.933085,-43.910042,IGREJA PETENCOSTAL,PENTECOSTAL CLÁSSICA,Protestante/Evangélica
3191,310620060690194P,-19.788699,-43.987103,IGREJA PETENCOSTAL,PENTECOSTAL CLÁSSICA,Protestante/Evangélica
3192,310620005620513P,-19.933279,-43.910242,IGREJA PETENCOSTAL,PENTECOSTAL CLÁSSICA,Protestante/Evangélica
3193,310620005650328P,-19.884932,-43.958342,IGREJA PETENCOSTAL,PENTECOSTAL CLÁSSICA,Protestante/Evangélica
3194,310620005640179P,-19.884935,-43.944983,IGREJA PETENCOSTAL,PENTECOSTAL CLÁSSICA,Protestante/Evangélica
3195,310620025610037P,-20.011603,-44.020518,IGREJA PETENCOSTAL,PENTECOSTAL CLÁSSICA,Protestante/Evangélica
3196,310620005650666P,-19.892741,-44.013527,IGREJA PETENCOSTAL,PENTECOSTAL CLÁSSICA,Protestante/Evangélica
3197,310620025610193P,-19.979875,-43.999166,IGREJA PETENCOSTAL,PENTECOSTAL CLÁSSICA,Protestante/Evangélica
3198,310620025610131P,-20.020564,-44.031122,IGREJA PETENCOSTAL,PENTECOSTAL CLÁSSICA,Protestante/Evangélica
3199,310620025610131P,-20.019272,-44.032852,IGREJA PETENCOSTAL,PENTECOSTAL CLÁSSICA,Protestante/Evangélica
3200,310620005620592P,-19.929197,-43.903747,IGREJA PETENCOSTAL,PENTECOSTAL CLÁSSICA,Protestante/Evangélica
3201,310620025610126P,-20.023471,-44.02785,IGREJA PETENCOSTAL,PENTECOSTAL CLÁSSICA,Protestante/Evangélica
3202,310620025610400P,-19.984461,-43.987428,IGREJA PETENCOSTAL,PENTECOSTAL CLÁSSICA,Protestante/Evangélica
3203,310620005640002P,-19.884297,-43.933944,IGREJA PETENCOSTAL A FONTE DO QUE CLAMAR,PENTECOSTAL CLÁSSICA,Protestante/Evangélica
3204,310620005620760P,-19.93447,-43.914951,IGREJA PETENCOSTAL A MAO DE FOGO DO DEUS VIVO,PENTECOSTAL CLÁSSICA,Protestante/Evangélica
3205,310620005680514P,-19.82876,-44.007801,IGREJA PETENCOSTAL A VINDA DO SENHOR PROCEDIDA PELO ANJO,PENTECOSTAL CLÁSSICA,Protestante/Evangélica
3206,310620005650671P,-19.912686,-44.020364,IGREJA PETENCOSTAL AGUA DA VIDA,PENTECOSTAL CLÁSSICA,Protestante/Evangélica
3207,310620005620462P,-19.940572,-43.906983,IGREJA PETENCOSTAL ALCANCANDO VIDAS,PENTECOSTAL CLÁSSICA,Protestante/Evangélica
3208,310620025610612P,-20.000427,-44.031556,IGREJA PETENCOSTAL AO LANCAR DAS MISSOES,PENTECOSTAL CLÁSSICA,Protestante/Evangélica
3209,310620025670006P,-19.948841,-44.008933,IGREJA PETENCOSTAL ASSEMBLEIA DE DEUS,PENTECOSTAL CLÁSSICA,Protestante/Evangélica
3210,310620005670143P,-19.947674,-43.996952,IGREJA PETENCOSTAL ATALAIA DA ULTIMA HORA,PENTECOSTAL CLÁSSICA,Protestante/Evangélica
3211,310620060690529P,-19.832584,-43.978998,IGREJA PETENCOSTAL AVIVAMENTO DEUS E CIMOSCO,PENTECOSTAL CLÁSSICA,Protestante/Evangélica
3212,310620060690080P,-19.826933,-43.987342,IGREJA PETENCOSTAL BRASA ARDENTE,PENTECOSTAL CLÁSSICA,Protestante/Evangélica
3213,310620025610533P,-20.009022,-44.008238,IGREJA PETENCOSTAL CADA DE ORACAO CURA DIVINA,PENTECOSTAL CLÁSSICA,Protestante/Evangélica
3214,310620060640218P,-19.865617,-43.916557,IGREJA PETENCOSTAL CAJADO DE FOGO,PENTECOSTAL CLÁSSICA,Protestante/Evangélica
3215,310620005680511P,-19.827562,-44.008067,IGREJA PETENCOSTAL CAMINHO A JERUSALEM,PENTECOSTAL CLÁSSICA,Protestante/Evangélica
3216,310620005630271P,-19.920824,-43.871188,IGREJA PETENCOSTAL CAMINHO PARA VIDA,PENTECOSTAL CLÁSSICA,Protestante/Evangélica
3217,310620005630255P,-19.918845,-43.88425,IGREJA PETENCOSTAL CARRUAGEM DE FOGO,PENTECOSTAL CLÁSSICA,Protestante/Evangélica
3218,310620005650671P,-19.911848,-44.020408,IGREJA PETENCOSTAL CASA DE MISSOES,PENTECOSTAL CLÁSSICA,Protestante/Evangélica
3219,310620025610186P,-19.971441,-43.998371,IGREJA PETENCOSTAL CHAMA VIVA,PENTECOSTAL CLÁSSICA,Protestante/Evangélica
3220,310620005670045P,-19.950471,-43.974289,IGREJA PETENCOSTAL COROA DE CRISTO,PENTECOSTAL CLÁSSICA,Protestante/Evangélica
3221,310620060690042P,-19.81153,-43.990774,IGREJA PETENCOSTAL CRISTO REI DO UNIVERSO,PENTECOSTAL CLÁSSICA,Protestante/Evangélica
3222,310620005670323P,-19.949214,-43.988962,IGREJA PETENCOSTAL DEUS E A VERDADE,PENTECOSTAL CLÁSSICA,Protestante/Evangélica
3223,310620060640300P,-19.851177,-43.894298,IGREJA PETENCOSTAL DEUS E AMOR,PENTECOSTAL CLÁSSICA,Protestante/Evangélica
3224,310620005620593P,-19.933462,-43.910015,IGREJA PETENCOSTAL DEUS E AMOR,PENTECOSTAL CLÁSSICA,Protestante/Evangélica
3225,310620025610640P,-20.011728,-44.027533,IGREJA PETENCOSTAL DEUS E AMOR,PENTECOSTAL CLÁSSICA,Protestante/Evangélica
3226,310620060660079P,-19.835454,-43.913815,IGREJA PETENCOSTAL DEUS E AMOR,PENTECOSTAL CLÁSSICA,Protestante/Evangélica
3227,310620005620501P,-19.931968,-43.904254,IGREJA PETENCOSTAL DEUS E AMOR,PENTECOSTAL CLÁSSICA,Protestante/Evangélica
3228,310620025610609P,-19.993156,-43.989818,IGREJA PETENCOSTAL DEUS E AMOR,PENTECOSTAL CLÁSSICA,Protestante/Evangélica
3229,310620005630271P,-19.922162,-43.872561,IGREJA PETENCOSTAL DEUS E AMOR,PENTECOSTAL CLÁSSICA,Protestante/Evangélica
3230,310620005680375P,-19.868778,-43.993627,IGREJA PETENCOSTAL DEUS E AMOR,PENTECOSTAL CLÁSSICA,Protestante/Evangélica
3231,310620025610547P,-20.014508,-44.034284,IGREJA PETENCOSTAL DEUS E AMOR,PENTECOSTAL CLÁSSICA,Protestante/Evangélica
3232,310620005650108P,-19.918468,-44.003776,IGREJA PETENCOSTAL DEUS E AMOR,PENTECOSTAL CLÁSSICA,Protestante/Evangélica
3233,310620025610520P,-19.975516,-44.05458,IGREJA PETENCOSTAL DEUS E AMOR,PENTECOSTAL CLÁSSICA,Protestante/Evangélica
3234,310620005630092P,-19.912307,-43.892758,IGREJA PETENCOSTAL DEUS E AMOR,PENTECOSTAL CLÁSSICA,Protestante/Evangélica
3235,310620060690342P,-19.825356,-43.985097,IGREJA PETENCOSTAL DEUS E O SENHOR,PENTECOSTAL CLÁSSICA,Protestante/Evangélica
3236,310620060690080P,-19.826236,-43.987084,IGREJA PETENCOSTAL EMBAIXADORES DE CRISTO,PENTECOSTAL CLÁSSICA,Protestante/Evangélica
3237,310620060690082P,-19.826529,-43.991365,IGREJA PETENCOSTAL FIM DOS TEMPOS,PENTECOSTAL CLÁSSICA,Protestante/Evangélica
3238,310620060640036P,-19.834937,-43.894491,IGREJA PETENCOSTAL FIRME NAS PROMESSAS,PENTECOSTAL CLÁSSICA,Protestante/Evangélica
3239,310620060660086P,-19.842183,-43.919996,IGREJA PETENCOSTAL FOGO SANTO,PENTECOSTAL CLÁSSICA,Protestante/Evangélica
3240,310620005650625P,-19.922113,-44.010424,IGREJA PETENCOSTAL FONTE DE VIDA,PENTECOSTAL CLÁSSICA,Protestante/Evangélica
3241,310620005630190P,-19.91407,-43.928455,IGREJA PETENCOSTAL FONTE DO AVIVAMENTO,PENTECOSTAL CLÁSSICA,Protestante/Evangélica
3242,310620005630497P,-19.917151,-43.882283,IGREJA PETENCOSTAL FORNALHA DE FOGO,PENTECOSTAL CLÁSSICA,Protestante/Evangélica
3243,310620025610343P,-19.994008,-44.029897,IGREJA PETENCOSTAL JERUSALEM DE DEUS,PENTECOSTAL CLÁSSICA,Protestante/Evangélica
3244,310620060660416P,-19.849681,-43.939296,IGREJA PETENCOSTAL JESUS E O PAO DA VIDA RENOVADA,PENTECOSTAL CLÁSSICA,Protestante/Evangélica
3245,310620005630043P,-19.902698,-43.913101,IGREJA PETENCOSTAL JESUS O SUPREMO PASTOR,PENTECOSTAL CLÁSSICA,Protestante/Evangélica
3246,310620005680173P,-19.867267,-43.981097,IGREJA PETENCOSTAL JUSTICA DIVINA,PENTECOSTAL CLÁSSICA,Protestante/Evangélica
3247,310620005670775P,-19.950916,-43.984061,IGREJA PETENCOSTAL LIVRES PARA O SENHOR,PENTECOSTAL CLÁSSICA,Protestante/Evangélica
3248,310620005630321P,-19.89877,-43.901465,IGREJA PETENCOSTAL LUZ DO MUNDO,PENTECOSTAL CLÁSSICA,Protestante/Evangélica
3249,310620005680378P,-19.90578,-43.993871,IGREJA PETENCOSTAL MENSAGEM RENOVADORA DA FE EM CRISTO,PENTECOSTAL CLÁSSICA,Protestante/Evangélica
3250,310620060690235P,-19.810315,-43.953778,IGREJA PETENCOSTAL MISSAO NA TERRA,PENTECOSTAL CLÁSSICA,Protestante/Evangélica
3251,310620005640119P,-19.870007,-43.924257,IGREJA PETENCOSTAL MISSAO RENOVADA,PENTECOSTAL CLÁSSICA,Protestante/Evangélica
3252,310620060660182P,-19.795964,-43.934904,IGREJA PETENCOSTAL MISTERIO DE FOGO,PENTECOSTAL CLÁSSICA,Protestante/Evangélica
3253,310620060690280P,-19.816132,-44.000248,IGREJA PETENCOSTAL NOVA JERUSALEM,PENTECOSTAL CLÁSSICA,Protestante/Evangélica
3254,310620005680399P,-19.828951,-44.010013,IGREJA PETENCOSTAL NOVA JERUSALEM DE CRISTO,PENTECOSTAL CLÁSSICA,Protestante/Evangélica
3255,310620060660181P,-19.798082,-43.933139,IGREJA PETENCOSTAL OFICINA ESPIRITUAL DE CRISTO,PENTECOSTAL CLÁSSICA,Protestante/Evangélica
3256,310620060640138P,-19.850001,-43.897094,IGREJA PETENCOSTAL RAIZ DE JESSE,PENTECOSTAL CLÁSSICA,Protestante/Evangélica
3257,310620060660086P,-19.840755,-43.918827,IGREJA PETENCOSTAL RENOVANDO ALIANCA,PENTECOSTAL CLÁSSICA,Protestante/Evangélica
3258,310620005620462P,-19.940283,-43.907004,IGREJA PETENCOSTAL RESGATANDO VIDAS,PENTECOSTAL CLÁSSICA,Protestante/Evangélica
3259,310620005680511P,-19.827175,-44.009316,IGREJA PETENCOSTAL RESGATANDO VIDAS PARA CRISTO JESUS,PENTECOSTAL CLÁSSICA,Protestante/Evangélica
3260,310620005630257P,-19.912494,-43.881372,IGREJA PETENCOSTAL RESPLANDECENTE DA GLORIA,PENTECOSTAL CLÁSSICA,Protestante/Evangélica
3261,310620005680399P,-19.830877,-44.011067,IGREJA PETENCOSTAL RESTAURANDO ALMAS PARA O REINO DE DEUS,PENTECOSTAL CLÁSSICA,Protestante/Evangélica
3262,310620005630497P,-19.916814,-43.882934,IGREJA PETENCOSTAL ROCHA ETERNA,PENTECOSTAL CLÁSSICA,Protestante/Evangélica
3263,310620060690456P,-19.80016,-43.957071,IGREJA PETENCOSTAL ROCHA VIVA,PENTECOSTAL CLÁSSICA,Protestante/Evangélica
3264,310620025610591P,-20.027443,-44.027551,IGREJA PETENCOSTAL SEMEANDO A BOA SEMENTE,PENTECOSTAL CLÁSSICA,Protestante/Evangélica
3265,310620005670030P,-19.953901,-43.990078,IGREJA PETENCOSTAL TABERNACULO DE ABRAAO,PENTECOSTAL CLÁSSICA,Protestante/Evangélica
3266,310620005670758P,-19.946923,-43.998425,IGREJA PETENCOSTAL TEMPLO DE ORACAO,PENTECOSTAL CLÁSSICA,Protestante/Evangélica
3267,310620005630257P,-19.913056,-43.880071,IGREJA PETENCOSTAL TEMPLO NOVA ALIANCA,PENTECOSTAL CLÁSSICA,Protestante/Evangélica
3268,310620005680511P,-19.829022,-44.009555,IGREJA PETENCOSTAL TESTEMUNHO DE CRISTO,PENTECOSTAL CLÁSSICA,Protestante/Evangélica
3269,310620060640030P,-19.854448,-43.899938,IGREJA PLENITUDE DA FE,PROTESTANTE/EVANGÉLICA GENÉRICA,Protestante/Evangélica
3270,310620005630131P,-19.914678,-43.891064,IGREJA PLENITUDE DA FE,PROTESTANTE/EVANGÉLICA GENÉRICA,Protestante/Evangélica
3271,310620060640093P,-19.869205,-43.904577,IGREJA PLENITUDE DA FE,PROTESTANTE/EVANGÉLICA GENÉRICA,Protestante/Evangélica
3272,310620005620730P,-19.925023,-43.949388,IGREJA PLENITUDE DE DEUS,PROTESTANTE/EVANGÉLICA GENÉRICA,Protestante/Evangélica
3273,310620060690134P,-19.818725,-43.961736,IGREJA PLESBITERIANA,PROTESTANTE/EVANGÉLICA GENÉRICA,Protestante/Evangélica
3274,310620005650388P,-19.913493,-43.956517,IGREJA PLESBITERIANA,PROTESTANTE/EVANGÉLICA GENÉRICA,Protestante/Evangélica
3275,310620005650055P,-19.906755,-43.980717,IGREJA PLESBITERIANA,PROTESTANTE/EVANGÉLICA GENÉRICA,Protestante/Evangélica
3276,310620005620779P,-19.920845,-43.943013,IGREJA PORTA DE SIAO,PROTESTANTE/EVANGÉLICA GENÉRICA,Protestante/Evangélica
3277,310620060640234P,-19.854528,-43.881688,IGREJA PORTA PARA AS NACOES,AFRO-BRASILEIRA,Afro-brasileira
3278,310620005650130P,-19.904548,-43.998236,IGREJA PORTAS ABERTAS,PROTESTANTE/EVANGÉLICA GENÉRICA,Protestante/Evangélica
3279,310620060660009P,-19.83034,-43.93332,IGREJA POVO E AGUIA,PROTESTANTE/EVANGÉLICA GENÉRICA,Protestante/Evangélica
3280,310620005640138P,-19.905357,-43.938755,IGREJA PREBITERIANA FLORESTA,PROTESTANTE/EVANGÉLICA GENÉRICA,Protestante/Evangélica
3281,310620060690102P,-19.804271,-43.999022,IGREJA PREGACAO DO EVANGELIO,PROTESTANTE/EVANGÉLICA GENÉRICA,Protestante/Evangélica
3282,310620005650599P,-19.92956,-44.001396,IGREJA PRESBITEIANA ALTO DOS PINHEIROS,PROTESTANTE/EVANGÉLICA GENÉRICA,Protestante/Evangélica
3283,310620005630028P,-19.906766,-43.895975,IGREJA PRESBITERANA DO BRASIL,PROTESTANTE/EVANGÉLICA GENÉRICA,Protestante/Evangélica
3284,310620005620328P,-19.922997,-43.949764,IGREJA PRESBITERIANA,PROTESTANTE HISTÓRICA,Protestante/Evangélica
3285,310620060640065P,-19.853178,-43.911208,IGREJA PRESBITERIANA,PROTESTANTE HISTÓRICA,Protestante/Evangélica
3286,310620060640043P,-19.852507,-43.883467,IGREJA PRESBITERIANA,PROTESTANTE HISTÓRICA,Protestante/Evangélica
3287,310620025610308P,-19.978056,-44.022064,IGREJA PRESBITERIANA,PROTESTANTE HISTÓRICA,Protestante/Evangélica
3288,310620060640135P,-19.851089,-43.890859,IGREJA PRESBITERIANA,PROTESTANTE HISTÓRICA,Protestante/Evangélica
3289,310620005650344P,-19.892992,-43.951058,IGREJA PRESBITERIANA,PROTESTANTE HISTÓRICA,Protestante/Evangélica
3290,310620005650667P,-19.892387,-44.011765,IGREJA PRESBITERIANA,PROTESTANTE HISTÓRICA,Protestante/Evangélica
3291,310620005640117P,-19.874296,-43.941073,IGREJA PRESBITERIANA,PROTESTANTE HISTÓRICA,Protestante/Evangélica
3292,310620025610520P,-19.975166,-44.054047,IGREJA PRESBITERIANA,PROTESTANTE HISTÓRICA,Protestante/Evangélica
3293,310620005650331P,-19.882799,-43.954667,IGREJA PRESBITERIANA,PROTESTANTE HISTÓRICA,Protestante/Evangélica
3294,310620060640265P,-19.849317,-43.889792,IGREJA PRESBITERIANA,PROTESTANTE HISTÓRICA,Protestante/Evangélica
3295,310620060660049P,-19.843783,-43.926307,IGREJA PRESBITERIANA,PROTESTANTE HISTÓRICA,Protestante/Evangélica
3296,310620005630055P,-19.90704,-43.892181,IGREJA PRESBITERIANA,PROTESTANTE HISTÓRICA,Protestante/Evangélica
3297,310620005620139P,-19.937852,-43.915474,IGREJA PRESBITERIANA,PROTESTANTE HISTÓRICA,Protestante/Evangélica
3298,310620060640070P,-19.828387,-43.901031,IGREJA PRESBITERIANA,PROTESTANTE HISTÓRICA,Protestante/Evangélica
3299,310620005640072P,-19.888179,-43.921879,IGREJA PRESBITERIANA,PROTESTANTE HISTÓRICA,Protestante/Evangélica
3300,310620005630123P,-19.898256,-43.893534,IGREJA PRESBITERIANA,PROTESTANTE HISTÓRICA,Protestante/Evangélica
3301,310620060680046P,-19.843758,-43.960569,IGREJA PRESBITERIANA,PROTESTANTE HISTÓRICA,Protestante/Evangélica
3302,310620005670075P,-19.953835,-43.994574,IGREJA PRESBITERIANA,PROTESTANTE HISTÓRICA,Protestante/Evangélica
3303,310620005670075P,-19.953826,-43.994708,IGREJA PRESBITERIANA,PROTESTANTE HISTÓRICA,Protestante/Evangélica
3304,310620060660103P,-19.858838,-43.925263,IGREJA PRESBITERIANA,PROTESTANTE HISTÓRICA,Protestante/Evangélica
3305,310620025610400P,-19.987307,-43.989442,IGREJA PRESBITERIANA,PROTESTANTE HISTÓRICA,Protestante/Evangélica
3306,310620005670266P,-19.948842,-43.961788,IGREJA PRESBITERIANA ALIANCA,PROTESTANTE HISTÓRICA,Protestante/Evangélica
3307,310620060690345P,-19.815915,-43.992725,IGREJA PRESBITERIANA ALIANCA ETERNA,PROTESTANTE HISTÓRICA,Protestante/Evangélica
3308,310620060640018P,-19.839548,-43.894761,IGREJA PRESBITERIANA BELMONTE,PROTESTANTE HISTÓRICA,Protestante/Evangélica
3309,310620060660346P,-19.841392,-43.947733,IGREJA PRESBITERIANA BETEL,PROTESTANTE HISTÓRICA,Protestante/Evangélica
3310,310620005670573P,-19.976708,-43.973487,IGREJA PRESBITERIANA BURITIS,PROTESTANTE HISTÓRICA,Protestante/Evangélica
3311,310620005630099P,-19.918561,-43.909189,IGREJA PRESBITERIANA CALVARIO,PROTESTANTE HISTÓRICA,Protestante/Evangélica
3312,310620005680463P,-19.884071,-43.996472,IGREJA PRESBITERIANA CASTELO,PROTESTANTE HISTÓRICA,Protestante/Evangélica
3313,310620005690003P,-19.825966,-43.998555,IGREJA PRESBITERIANA CEU AZUL,PROTESTANTE HISTÓRICA,Protestante/Evangélica
3314,310620060660083P,-19.842444,-43.917368,IGREJA PRESBITERIANA DA GRACA,PROTESTANTE HISTÓRICA,Protestante/Evangélica
3315,310620005680240P,-19.841242,-44.003955,IGREJA PRESBITERIANA DA PAMPULHA,PROTESTANTE HISTÓRICA,Protestante/Evangélica
3316,310620005620133P,-19.939053,-43.911264,IGREJA PRESBITERIANA DA SERRA,PROTESTANTE HISTÓRICA,Protestante/Evangélica
3317,310620005630447P,-19.888015,-43.895063,IGREJA PRESBITERIANA DE NOVA VISTA,PROTESTANTE HISTÓRICA,Protestante/Evangélica
3318,310620005630049P,-19.897032,-43.905374,IGREJA PRESBITERIANA DO BOA VISTA,PROTESTANTE HISTÓRICA,Protestante/Evangélica
3319,310620005680434P,-19.858253,-43.952117,IGREJA PRESBITERIANA DO BRASIL,PROTESTANTE HISTÓRICA,Protestante/Evangélica
3320,310620025610646P,-19.988379,-44.055764,IGREJA PRESBITERIANA DO BRASIL,PROTESTANTE HISTÓRICA,Protestante/Evangélica
3321,310620005620766P,-19.962072,-43.946802,IGREJA PRESBITERIANA DO BRASIL,PROTESTANTE HISTÓRICA,Protestante/Evangélica
3322,310620025610543P,-20.006201,-44.037902,IGREJA PRESBITERIANA DO BRASIL,PROTESTANTE HISTÓRICA,Protestante/Evangélica
3323,310620025610005P,-20.001624,-44.012809,IGREJA PRESBITERIANA DO BRASIL INDUSTRIA,PROTESTANTE HISTÓRICA,Protestante/Evangélica
3324,310620005650589P,-19.906496,-43.965564,IGREJA PRESBITERIANA DO CAICARA,PROTESTANTE HISTÓRICA,Protestante/Evangélica
3325,310620005630340P,-19.914034,-43.89257,IGREJA PRESBITERIANA DO CALVARIO,PROTESTANTE HISTÓRICA,Protestante/Evangélica
3326,310620005650520P,-19.901255,-44.013209,IGREJA PRESBITERIANA DO GLORIA,PROTESTANTE HISTÓRICA,Protestante/Evangélica
3327,310620005640092P,-19.885057,-43.919726,IGREJA PRESBITERIANA DO UNIAO,PROTESTANTE HISTÓRICA,Protestante/Evangélica
3328,310620025610156P,-19.995843,-43.995668,IGREJA PRESBITERIANA FLAVIO MARQUES LISB,PROTESTANTE HISTÓRICA,Protestante/Evangélica
3329,310620060660001P,-19.833018,-43.931088,IGREJA PRESBITERIANA FLORAMAR,PROTESTANTE HISTÓRICA,Protestante/Evangélica
3330,310620060690185P,-19.812705,-44.007541,IGREJA PRESBITERIANA INTEGRAL,PROTESTANTE HISTÓRICA,Protestante/Evangélica
3331,310620060690185P,-19.812616,-44.007455,IGREJA PRESBITERIANA INTEGRAL,PROTESTANTE HISTÓRICA,Protestante/Evangélica
3332,310620005680500P,-19.870905,-44.002117,IGREJA PRESBITERIANA ITATIAIA,PROTESTANTE HISTÓRICA,Protestante/Evangélica
3333,310620005670724P,-19.954351,-43.991524,IGREJA PRESBITERIANA MAANAIM,PROTESTANTE HISTÓRICA,Protestante/Evangélica
3334,310620005670034P,-19.948338,-43.991446,IGREJA PRESBITERIANA MAANAIN,PROTESTANTE HISTÓRICA,Protestante/Evangélica
3335,310620060640096P,-19.866537,-43.910261,IGREJA PRESBITERIANA MANANCIAL,PROTESTANTE HISTÓRICA,Protestante/Evangélica
3336,310620060660043P,-19.832681,-43.922505,IGREJA PRESBITERIANA MANANCIAL,PROTESTANTE HISTÓRICA,Protestante/Evangélica
3337,310620005670536P,-19.953193,-43.987587,IGREJA PRESBITERIANA MEMORIAL,PROTESTANTE HISTÓRICA,Protestante/Evangélica
3338,310620005620469P,-19.950435,-43.918545,IGREJA PRESBITERIANA METROPOLITANA DE BH,PROTESTANTE HISTÓRICA,Protestante/Evangélica
3339,310620005670379P,-19.970207,-43.958205,IGREJA PRESBITERIANA MISSIONAL DO CAMINHO,PROTESTANTE HISTÓRICA,Protestante/Evangélica
3340,310620060660249P,-19.815483,-43.892677,IGREJA PRESBITERIANA MONTE AZUL,PROTESTANTE HISTÓRICA,Protestante/Evangélica
3341,310620005650589P,-19.906591,-43.965519,IGREJA PRESBITERIANA NO CAICARA,PROTESTANTE HISTÓRICA,Protestante/Evangélica
3342,310620060660169P,-19.80402,-43.945912,IGREJA PRESBITERIANA NO JAQUELINE,PROTESTANTE HISTÓRICA,Protestante/Evangélica
3343,310620005670091P,-19.949774,-43.97274,IGREJA PRESBITERIANA NO JARDIM AMERICA,PROTESTANTE HISTÓRICA,Protestante/Evangélica
3344,310620005680281P,-19.886314,-44.010437,IGREJA PRESBITERIANA NO SERRANO,PROTESTANTE HISTÓRICA,Protestante/Evangélica
3345,310620060690012P,-19.806732,-43.985176,IGREJA PRESBITERIANA NOVA JERUSALEM,PROTESTANTE HISTÓRICA,Protestante/Evangélica
3346,310620005670610P,-19.928893,-43.978002,IGREJA PRESBITERIANA NOVA SUICA,PROTESTANTE HISTÓRICA,Protestante/Evangélica
3347,310620005670745P,-19.964776,-43.987164,IGREJA PRESBITERIANA PENTECOSTAL,PENTECOSTAL CLÁSSICA,Protestante/Evangélica
3348,310620060660389P,-19.797386,-43.912963,IGREJA PRESBITERIANA PENTECOSTAL CRISTO VIVE,PENTECOSTAL CLÁSSICA,Protestante/Evangélica
3349,310620005670320P,-19.95929,-43.985384,IGREJA PRESBITERIANA RECONCILIACAO,PROTESTANTE HISTÓRICA,Protestante/Evangélica
3350,310620005640134P,-19.90089,-43.930519,IGREJA PRESBITERIANA REDENTOR,PROTESTANTE HISTÓRICA,Protestante/Evangélica
3351,310620060690046P,-19.803503,-43.99232,IGREJA PRESBITERIANA RENOVADA,PROTESTANTE HISTÓRICA,Protestante/Evangélica
3352,310620025610289P,-20.017764,-44.028145,IGREJA PRESBITERIANA RENOVADA,PROTESTANTE HISTÓRICA,Protestante/Evangélica
3353,310620060660113P,-19.856088,-43.932857,IGREJA PRESBITERIANA RENOVADA,PROTESTANTE HISTÓRICA,Protestante/Evangélica
3354,310620060690163P,-19.834209,-43.988947,IGREJA PRESBITERIANA RENOVADA COPACABANA,PROTESTANTE HISTÓRICA,Protestante/Evangélica
3355,310620060690030P,-19.804755,-43.986632,IGREJA PRESBITERIANA RENOVADA DE BELO HO,PROTESTANTE HISTÓRICA,Protestante/Evangélica
3356,310620005630206P,-19.892927,-43.892866,IGREJA PRESBITERIANA RENOVADA DE BH,PROTESTANTE HISTÓRICA,Protestante/Evangélica
3357,310620060640247P,-19.863818,-43.900928,IGREJA PRESBITERIANA UNIDA,PROTESTANTE HISTÓRICA,Protestante/Evangélica
3358,310620005650031P,-19.921272,-44.000497,IGREJA PRESBITERIANA UNIDA EMAUS,PROTESTANTE HISTÓRICA,Protestante/Evangélica
3359,310620025610284P,-19.997795,-44.02601,IGREJA PRIMITIVA DE DEUS,PROTESTANTE/EVANGÉLICA GENÉRICA,Protestante/Evangélica
3360,310620005670212P,-19.947208,-43.96874,IGREJA PRINCIPE,PROTESTANTE/EVANGÉLICA GENÉRICA,Protestante/Evangélica
3361,310620060640299P,-19.84853,-43.893775,IGREJA PRINCIPE PODEROSO,PROTESTANTE/EVANGÉLICA GENÉRICA,Protestante/Evangélica
3362,310620060660065P,-19.817937,-43.936939,IGREJA PRINCIPE PODEROSO,PROTESTANTE/EVANGÉLICA GENÉRICA,Protestante/Evangélica
3363,310620060690478P,-19.803415,-43.989538,IGREJA QUADRA VILARINHO,PROTESTANTE/EVANGÉLICA GENÉRICA,Protestante/Evangélica
3364,310620060640101P,-19.860292,-43.913952,IGREJA QUADRAGULAR EYMARD,PROTESTANTE/EVANGÉLICA GENÉRICA,Protestante/Evangélica
3365,310620025610157P,-19.995182,-44.054877,IGREJA QUADRANGULAR,PENTECOSTAL CLÁSSICA,Protestante/Evangélica
3366,310620005670465P,-19.949771,-43.961735,IGREJA QUADRANGULAR,PENTECOSTAL CLÁSSICA,Protestante/Evangélica
3367,310620025610611P,-19.986363,-44.025033,IGREJA QUADRANGULAR,PENTECOSTAL CLÁSSICA,Protestante/Evangélica
3368,310620060660022P,-19.840977,-43.928955,IGREJA QUADRANGULAR,PENTECOSTAL CLÁSSICA,Protestante/Evangélica
3369,310620005670790P,-19.953085,-43.974512,IGREJA QUADRANGULAR,PENTECOSTAL CLÁSSICA,Protestante/Evangélica
3370,310620025610419P,-19.974702,-43.991868,IGREJA QUADRANGULAR,PENTECOSTAL CLÁSSICA,Protestante/Evangélica
3371,310620025610067P,-20.008483,-44.012344,IGREJA QUADRANGULAR,PENTECOSTAL CLÁSSICA,Protestante/Evangélica
3372,310620005630271P,-19.922098,-43.872744,IGREJA QUADRANGULAR,PENTECOSTAL CLÁSSICA,Protestante/Evangélica
3373,310620060690131P,-19.813746,-43.959537,IGREJA QUADRANGULAR,PENTECOSTAL CLÁSSICA,Protestante/Evangélica
3374,310620005650233P,-19.910007,-44.017177,IGREJA QUADRANGULAR,PENTECOSTAL CLÁSSICA,Protestante/Evangélica
3375,310620060640204P,-19.871331,-43.904193,IGREJA QUADRANGULAR,PENTECOSTAL CLÁSSICA,Protestante/Evangélica
3376,310620025610137P,-19.988068,-44.042523,IGREJA QUADRANGULAR,PENTECOSTAL CLÁSSICA,Protestante/Evangélica
3377,310620005680078P,-19.872557,-44.007817,IGREJA QUADRANGULAR,PENTECOSTAL CLÁSSICA,Protestante/Evangélica
3378,310620005670396P,-19.977684,-43.986726,IGREJA QUADRANGULAR,PENTECOSTAL CLÁSSICA,Protestante/Evangélica
3379,310620005640137P,-19.902977,-43.938769,IGREJA QUADRANGULAR,PENTECOSTAL CLÁSSICA,Protestante/Evangélica
3380,310620005670241P,-19.947516,-43.964776,IGREJA QUADRANGULAR,PENTECOSTAL CLÁSSICA,Protestante/Evangélica
3381,310620025610399P,-19.989542,-44.046755,IGREJA QUADRANGULAR,PENTECOSTAL CLÁSSICA,Protestante/Evangélica
3382,310620060640186P,-19.833095,-43.884784,IGREJA QUADRANGULAR,PENTECOSTAL CLÁSSICA,Protestante/Evangélica
3383,310620060660080P,-19.838638,-43.916895,IGREJA QUADRANGULAR,PENTECOSTAL CLÁSSICA,Protestante/Evangélica
3384,310620005680421P,-19.866751,-43.981603,IGREJA QUADRANGULAR,PENTECOSTAL CLÁSSICA,Protestante/Evangélica
3385,310620005680514P,-19.828807,-44.007813,IGREJA QUADRANGULAR,PENTECOSTAL CLÁSSICA,Protestante/Evangélica
3386,310620005640184P,-19.882605,-43.93284,IGREJA QUADRANGULAR,PENTECOSTAL CLÁSSICA,Protestante/Evangélica
3387,310620005670705P,-19.980704,-43.98075,IGREJA QUADRANGULAR,PENTECOSTAL CLÁSSICA,Protestante/Evangélica
3388,310620005680063P,-19.890234,-43.98542,IGREJA QUADRANGULAR,PENTECOSTAL CLÁSSICA,Protestante/Evangélica
3389,310620025610440P,-19.990828,-44.031165,IGREJA QUADRANGULAR,PENTECOSTAL CLÁSSICA,Protestante/Evangélica
3390,310620005670542P,-19.959533,-43.978241,IGREJA QUADRANGULAR,PENTECOSTAL CLÁSSICA,Protestante/Evangélica
3391,310620025610575P,-19.985702,-44.054206,IGREJA QUADRANGULAR,PENTECOSTAL CLÁSSICA,Protestante/Evangélica
3392,310620005680546P,-19.832369,-44.009437,IGREJA QUADRANGULAR,PENTECOSTAL CLÁSSICA,Protestante/Evangélica
3393,310620060640265P,-19.849654,-43.889888,IGREJA QUADRANGULAR,PENTECOSTAL CLÁSSICA,Protestante/Evangélica
3394,310620005640037P,-19.888005,-43.943395,IGREJA QUADRANGULAR,PENTECOSTAL CLÁSSICA,Protestante/Evangélica
3395,310620005690003P,-19.826848,-44.000053,IGREJA QUADRANGULAR,PENTECOSTAL CLÁSSICA,Protestante/Evangélica
3396,310620060660183P,-19.801552,-43.926304,IGREJA QUADRANGULAR,PENTECOSTAL CLÁSSICA,Protestante/Evangélica
3397,310620005670441P,-19.978335,-43.981536,IGREJA QUADRANGULAR,PENTECOSTAL CLÁSSICA,Protestante/Evangélica
3398,310620005680055P,-19.862581,-43.950174,IGREJA QUADRANGULAR,PENTECOSTAL CLÁSSICA,Protestante/Evangélica
3399,310620025610254P,-19.995509,-43.96262,IGREJA QUADRANGULAR,PENTECOSTAL CLÁSSICA,Protestante/Evangélica
3400,310620060640082P,-19.862956,-43.907468,IGREJA QUADRANGULAR,PENTECOSTAL CLÁSSICA,Protestante/Evangélica
3401,310620005670810P,-19.956448,-43.96119,IGREJA QUADRANGULAR,PENTECOSTAL CLÁSSICA,Protestante/Evangélica
3402,310620060690112P,-19.791558,-43.985649,IGREJA QUADRANGULAR,PENTECOSTAL CLÁSSICA,Protestante/Evangélica
3403,310620025610538P,-20.005977,-44.022484,IGREJA QUADRANGULAR,PENTECOSTAL CLÁSSICA,Protestante/Evangélica
3404,310620060640233P,-19.854795,-43.881665,IGREJA QUADRANGULAR,PENTECOSTAL CLÁSSICA,Protestante/Evangélica
3405,310620060640189P,-19.866327,-43.897403,IGREJA QUADRANGULAR,PENTECOSTAL CLÁSSICA,Protestante/Evangélica
3406,310620060660047P,-19.843182,-43.922905,IGREJA QUADRANGULAR,PENTECOSTAL CLÁSSICA,Protestante/Evangélica
3407,310620025610072P,-20.015252,-44.032128,IGREJA QUADRANGULAR,PENTECOSTAL CLÁSSICA,Protestante/Evangélica
3408,310620025610072P,-20.01535,-44.032019,IGREJA QUADRANGULAR,PENTECOSTAL CLÁSSICA,Protestante/Evangélica
3409,310620025610634P,-19.986128,-44.02906,IGREJA QUADRANGULAR,PENTECOSTAL CLÁSSICA,Protestante/Evangélica
3410,310620005670790P,-19.954051,-43.973187,IGREJA QUADRANGULAR,PENTECOSTAL CLÁSSICA,Protestante/Evangélica
3411,310620025610528P,-20.00223,-44.005403,IGREJA QUADRANGULAR,PENTECOSTAL CLÁSSICA,Protestante/Evangélica
3412,310620025610649P,-19.992636,-43.98244,IGREJA QUADRANGULAR,PENTECOSTAL CLÁSSICA,Protestante/Evangélica
3413,310620005620661P,-19.934345,-43.916146,IGREJA QUADRANGULAR,PENTECOSTAL CLÁSSICA,Protestante/Evangélica
3414,310620060690358P,-19.798013,-43.965933,IGREJA QUADRANGULAR,PENTECOSTAL CLÁSSICA,Protestante/Evangélica
3415,310620060690393P,-19.826004,-43.984894,IGREJA QUADRANGULAR,PENTECOSTAL CLÁSSICA,Protestante/Evangélica
3416,310620025610581P,-20.014953,-44.025385,IGREJA QUADRANGULAR,PENTECOSTAL CLÁSSICA,Protestante/Evangélica
3417,310620025610272P,-19.998881,-44.0175,IGREJA QUADRANGULAR,PENTECOSTAL CLÁSSICA,Protestante/Evangélica
3418,310620005650219P,-19.918207,-44.022374,IGREJA QUADRANGULAR,PENTECOSTAL CLÁSSICA,Protestante/Evangélica
3419,310620005650168P,-19.92013,-43.985226,IGREJA QUADRANGULAR,PENTECOSTAL CLÁSSICA,Protestante/Evangélica
3420,310620025610300P,-19.999065,-44.029468,IGREJA QUADRANGULAR,PENTECOSTAL CLÁSSICA,Protestante/Evangélica
3421,310620025610241P,-19.977598,-44.045239,IGREJA QUADRANGULAR,PENTECOSTAL CLÁSSICA,Protestante/Evangélica
3422,310620025610539P,-20.006883,-44.022148,IGREJA QUADRANGULAR,PENTECOSTAL CLÁSSICA,Protestante/Evangélica
3423,310620060690041P,-19.8117,-43.993962,IGREJA QUADRANGULAR,PENTECOSTAL CLÁSSICA,Protestante/Evangélica
3424,310620060690041P,-19.811755,-43.993936,IGREJA QUADRANGULAR,PENTECOSTAL CLÁSSICA,Protestante/Evangélica
3425,310620025610556P,-19.989563,-44.005386,IGREJA QUADRANGULAR CEU NA TERRA,PENTECOSTAL CLÁSSICA,Protestante/Evangélica
3426,310620005640284P,-19.880278,-43.929248,IGREJA QUADRANGULAR CIDADE NOVA,PENTECOSTAL CLÁSSICA,Protestante/Evangélica
3427,310620060690164P,-19.833546,-43.989067,IGREJA QUADRANGULAR COPACABANA,PENTECOSTAL CLÁSSICA,Protestante/Evangélica
3428,310620025610553P,-19.982056,-43.994356,IGREJA QUADRANGULAR DO EVANGELHO,PENTECOSTAL CLÁSSICA,Protestante/Evangélica
3429,310620005670332P,-19.958847,-43.97147,IGREJA QUADRANGULAR HAVAI,PENTECOSTAL CLÁSSICA,Protestante/Evangélica
3430,310620005630060P,-19.915418,-43.899046,IGREJA QUADRANGULAR LUGAR DE MILAGRES,PENTECOSTAL CLÁSSICA,Protestante/Evangélica
3431,310620060690527P,-19.806454,-43.954205,IGREJA QUADRANGULAR MINAS CAIXA,PENTECOSTAL CLÁSSICA,Protestante/Evangélica
3432,310620025610592P,-20.010779,-44.013371,IGREJA QUADRANGULAR SOLAR,PENTECOSTAL CLÁSSICA,Protestante/Evangélica
3433,310620060660103P,-19.857718,-43.925407,IGREJA QUADRANGULAR TEMPLO DA GLORIA,PENTECOSTAL CLÁSSICA,Protestante/Evangélica
3434,310620005630261P,-19.912822,-43.88005,IGREJA QUADRANGULAR TEMPLO DO SENHOR,PENTECOSTAL CLÁSSICA,Protestante/Evangélica
3435,310620025610494P,-20.001799,-44.024712,IGREJA QUADRANGULAR VILA PINHO,PENTECOSTAL CLÁSSICA,Protestante/Evangélica
3436,310620005680403P,-19.850261,-44.012573,IGREJA QUADRANGULAR XANGRILAR CATEDRAL DO AMOR,PENTECOSTAL CLÁSSICA,Protestante/Evangélica
3437,310620060690202P,-19.78374,-43.978098,IGREJA QUE MILITA NA RESTAURACAO DE TUDO,PROTESTANTE/EVANGÉLICA GENÉRICA,Protestante/Evangélica
3438,310620005650075P,-19.909648,-43.972822,IGREJA RAINHA DA PAZ,PROTESTANTE/EVANGÉLICA GENÉRICA,Protestante/Evangélica
3439,310620060660398P,-19.824996,-43.926127,IGREJA RAIZ DE DAVI,PROTESTANTE/EVANGÉLICA GENÉRICA,Protestante/Evangélica
3440,310620005670219P,-19.951003,-44.00515,IGREJA RAIZES PROFUNDAS,PROTESTANTE/EVANGÉLICA GENÉRICA,Protestante/Evangélica
3441,310620005630028P,-19.90724,-43.894941,IGREJA RECOMECO,PROTESTANTE/EVANGÉLICA GENÉRICA,Protestante/Evangélica
3442,310620060640056P,-19.832062,-43.894762,IGREJA RECOMPENSA DE CRISTO,PROTESTANTE/EVANGÉLICA GENÉRICA,Protestante/Evangélica
3443,310620060690510P,-19.800168,-43.954842,IGREJA REDE 180,PROTESTANTE/EVANGÉLICA GENÉRICA,Protestante/Evangélica
3444,310620060660077P,-19.840885,-43.908427,IGREJA REDENCAO EM CRISTO,PROTESTANTE/EVANGÉLICA GENÉRICA,Protestante/Evangélica
3445,310620005650324P,-19.884932,-43.963169,IGREJA REI JESUS NOVA SIAO,PROTESTANTE/EVANGÉLICA GENÉRICA,Protestante/Evangélica
3446,310620005650238P,-19.908984,-44.023048,IGREJA REINO DAS TESTEMUNHAS DE JEOVA,OUTRA CRISTÃ,Outra
3447,310620060680066P,-19.83929,-43.96699,IGREJA REINO DO CEU,PROTESTANTE/EVANGÉLICA GENÉRICA,Protestante/Evangélica
3448,310620005630276P,-19.911955,-43.936711,IGREJA REINO DOS CEUS,PROTESTANTE/EVANGÉLICA GENÉRICA,Protestante/Evangélica
3449,310620060690102P,-19.803976,-43.998726,IGREJA REINO DOS CEUS,PROTESTANTE/EVANGÉLICA GENÉRICA,Protestante/Evangélica
3450,310620060660010P,-19.829398,-43.932165,IGREJA REINO DOS CEUS,PROTESTANTE/EVANGÉLICA GENÉRICA,Protestante/Evangélica
3451,310620005630277P,-19.912688,-43.936843,IGREJA REINO DOS CEUS,PROTESTANTE/EVANGÉLICA GENÉRICA,Protestante/Evangélica
3452,310620005630277P,-19.912713,-43.936882,IGREJA REINO DOS CEUS,PROTESTANTE/EVANGÉLICA GENÉRICA,Protestante/Evangélica
3453,310620005630277P,-19.91251,-43.936818,IGREJA REINO DOS CEUS,PROTESTANTE/EVANGÉLICA GENÉRICA,Protestante/Evangélica
3454,310620005630277P,-19.912648,-43.936903,IGREJA REINO DOS CEUS,PROTESTANTE/EVANGÉLICA GENÉRICA,Protestante/Evangélica
3455,310620060680100P,-19.830516,-43.962995,IGREJA REINO DOS CEUS,PROTESTANTE/EVANGÉLICA GENÉRICA,Protestante/Evangélica
3456,310620025610443P,-20.008049,-44.03823,IGREJA REMANESCENTE DE CRISTO,PROTESTANTE/EVANGÉLICA GENÉRICA,Protestante/Evangélica
3457,310620025610190P,-19.976673,-44.000628,IGREJA REMANESCENTES DA ULTIMA HORA,PROTESTANTE/EVANGÉLICA GENÉRICA,Protestante/Evangélica
3458,310620005670750P,-19.976785,-43.981751,IGREJA RENASCER,PROTESTANTE/EVANGÉLICA GENÉRICA,Protestante/Evangélica
3459,310620005640152P,-19.876196,-43.916516,IGREJA RENASCER SEDE,PROTESTANTE/EVANGÉLICA GENÉRICA,Protestante/Evangélica
3460,310620005670197P,-19.943758,-43.999064,IGREJA RENOVADA SAL DA TERRA,PROTESTANTE/EVANGÉLICA GENÉRICA,Protestante/Evangélica
3461,310620060640339P,-19.828205,-43.889746,IGREJA RENOVADA SERMAO DA MONTANGA,PROTESTANTE/EVANGÉLICA GENÉRICA,Protestante/Evangélica
3462,310620060640339P,-19.826254,-43.885671,IGREJA RENOVADA SERMAO DA MONTANHA,PROTESTANTE/EVANGÉLICA GENÉRICA,Protestante/Evangélica
3463,310620060690482P,-19.819594,-43.973798,IGREJA RENOVO,PROTESTANTE/EVANGÉLICA GENÉRICA,Protestante/Evangélica
3464,310620005680224P,-19.870332,-44.012294,IGREJA RESGATANDO VIDAS,PROTESTANTE/EVANGÉLICA GENÉRICA,Protestante/Evangélica
3465,310620060690407P,-19.808849,-43.986393,IGREJA RESTAURACAO JUSTICA,PROTESTANTE/EVANGÉLICA GENÉRICA,Protestante/Evangélica
3466,310620005640113P,-19.878785,-43.948552,IGREJA RESTAURANDO A PAX,PROTESTANTE/EVANGÉLICA GENÉRICA,Protestante/Evangélica
3467,310620005630100P,-19.921344,-43.911252,IGREJA RESTAURANDO VIDAS,PROTESTANTE/EVANGÉLICA GENÉRICA,Protestante/Evangélica
3468,310620025610078P,-20.011018,-44.035176,IGREJA RESTIRUICAO DA GRACA,PROTESTANTE/EVANGÉLICA GENÉRICA,Protestante/Evangélica
3469,310620005650317P,-19.890228,-43.964026,IGREJA RESTITUIR EM CRISTO,PROTESTANTE/EVANGÉLICA GENÉRICA,Protestante/Evangélica
3470,310620060660102P,-19.856584,-43.926466,IGREJA REVOLUCAO DA GRACA,PROTESTANTE/EVANGÉLICA GENÉRICA,Protestante/Evangélica
3471,310620005630174P,-19.919633,-43.897229,IGREJA RHEMA,PROTESTANTE/EVANGÉLICA GENÉRICA,Protestante/Evangélica
3472,310620060690334P,-19.80484,-43.994966,IGREJA RIO BRANCO,PROTESTANTE/EVANGÉLICA GENÉRICA,Protestante/Evangélica
3473,310620060660407P,-19.837577,-43.909625,IGREJA ROSA DE SAROM,PROTESTANTE/EVANGÉLICA GENÉRICA,Protestante/Evangélica
3474,310620060690390P,-19.833274,-43.983578,IGREJA ROSA DE SARON,PROTESTANTE/EVANGÉLICA GENÉRICA,Protestante/Evangélica
3475,310620005670437P,-19.972358,-43.949555,IGREJA RUA ROMA,PROTESTANTE/EVANGÉLICA GENÉRICA,Protestante/Evangélica
3476,310620005650352P,-19.900077,-43.95222,IGREJA RUMO NOVO,PROTESTANTE/EVANGÉLICA GENÉRICA,Protestante/Evangélica
3477,310620005620052P,-19.927257,-43.931643,IGREJA SAGRADO CORACAO DE JESUS,PROTESTANTE/EVANGÉLICA GENÉRICA,Protestante/Evangélica
3478,310620025610542P,-20.005822,-44.042264,IGREJA SAGRADO CORACAO DE MARIA,PROTESTANTE/EVANGÉLICA GENÉRICA,Protestante/Evangélica
3479,310620005620634P,-19.938339,-43.911995,IGREJA SALAO DO REINO,PROTESTANTE/EVANGÉLICA GENÉRICA,Protestante/Evangélica
3480,310620005640029P,-19.881773,-43.937075,IGREJA SALAO DO REINO DAS TESTEMUNHAS DE,PROTESTANTE/EVANGÉLICA GENÉRICA,Protestante/Evangélica
3481,310620005620077P,-19.943833,-43.930183,IGREJA SALAO DO REINO DAS TESTEMUNHAS DE,PROTESTANTE/EVANGÉLICA GENÉRICA,Protestante/Evangélica
3482,310620005680399P,-19.830337,-44.011528,IGREJA SALVACAO DE TODAS AS NACOES SOL DA JUSTICA,AFRO-BRASILEIRA,Afro-brasileira
3483,310620060660084P,-19.841435,-43.909984,IGREJA SALVACAO ETERNA,PROTESTANTE/EVANGÉLICA GENÉRICA,Protestante/Evangélica
3484,310620005620655P,-19.936684,-43.904426,IGREJA SALVADOR,PROTESTANTE/EVANGÉLICA GENÉRICA,Protestante/Evangélica
3485,310620005680011P,-19.880143,-43.990028,IGREJA SANTA ANA,CATÓLICA,Católica
3486,310620005650068P,-19.901981,-43.966609,IGREJA SANTA CLARA,CATÓLICA,Católica
3487,310620025610142P,-19.984838,-44.032549,IGREJA SANTA GEMMA GALGANI,CATÓLICA,Católica
3488,310620005640093P,-19.889533,-43.921835,IGREJA SANTA LUZIA,CATÓLICA,Católica
3489,310620005640093P,-19.88988,-43.921735,IGREJA SANTA LUZIA,CATÓLICA,Católica
3490,310620005650586P,-19.905746,-43.982272,IGREJA SANTA MARGARIDA,CATÓLICA,Católica
3491,310620060690144P,-19.822788,-43.968299,IGREJA SANTA MONICA,CATÓLICA,Católica
3492,310620005620669P,-19.94508,-43.937642,IGREJA SANTA RITA DE CASSIA,CATÓLICA,Católica
3493,310620005670491P,-19.944741,-44.010406,IGREJA SANTA TEREZINHA,CATÓLICA,Católica
3494,310620005680167P,-19.867621,-43.989512,IGREJA SANTA TEREZINHA,CATÓLICA,Católica
3495,310620005670003P,-19.956379,-43.980227,IGREJA SANTISSIMA TRINDADE,PROTESTANTE/EVANGÉLICA GENÉRICA,Protestante/Evangélica
3496,310620060690084P,-19.823431,-43.99051,IGREJA SANTO AFONSO,CATÓLICA,Católica
3497,310620025610062P,-20.002893,-44.002831,IGREJA SANTO AGOSTINHO,CATÓLICA,Católica
3498,310620005650667P,-19.891324,-44.011046,IGREJA SANTO ANTONIO,CATÓLICA,Católica
3499,310620005680397P,-19.854766,-43.954901,IGREJA SANTO ANTONIO,CATÓLICA,Católica
3500,310620005630136P,-19.922246,-43.907844,IGREJA SANTO ANTONIO,CATÓLICA,Católica
3501,310620060660102P,-19.85744,-43.928074,IGREJA SANTO ANTONIO,CATÓLICA,Católica
3502,310620060690413P,-19.8146,-43.973149,IGREJA SANTO ANTONIO,CATÓLICA,Católica
3503,310620060640155P,-19.858058,-43.896526,IGREJA SANTO ANTONIO,CATÓLICA,Católica
3504,310620005650046P,-19.90844,-43.998566,IGREJA SANTO ESPIRITO DE DEUS,ESPÍRITA,Espírita
3505,310620060660427P,-19.844686,-43.933298,IGREJA SANTO EXPEDITO,CATÓLICA,Católica
3506,310620025610588P,-19.995761,-43.982524,IGREJA SANTO EXPEDITO,CATÓLICA,Católica
3507,310620060660010P,-19.829088,-43.932892,IGREJA SANTO INACIO DE LOIOLA,CATÓLICA,Católica
3508,310620005650588P,-19.905281,-43.961416,IGREJA SANTOS ANJOS DA GUARDA,CATÓLICA,Católica
3509,310620005650378P,-19.910688,-43.943355,IGREJA SANTUARIO ARQUIDIOCESANO NOSSA SENHORA DA CONCEICAO DOS POBRES,CATÓLICA,Católica
3510,310620005620134P,-19.938031,-43.909927,IGREJA SANTUARIO DA GLORIA DE DEUS,CATÓLICA,Católica
3511,310620005630277P,-19.912407,-43.935846,IGREJA SANTUARIO DE JEOVA JIRE,CATÓLICA,Católica
3512,310620005630262P,-19.916788,-43.881949,IGREJA SANTUARIO DO CORDEIRO DE DEUS,CATÓLICA,Católica
3513,310620005620366P,-19.952108,-43.959462,IGREJA SAO BRAS,CATÓLICA,Católica
3514,310620005650361P,-19.903085,-43.946059,IGREJA SAO CRISTOVAO,CATÓLICA,Católica
3515,310620025610083P,-20.007168,-44.036254,IGREJA SAO DIMAS,CATÓLICA,Católica
3516,310620005630252P,-19.924316,-43.903513,IGREJA SAO FRANCISCO,CATÓLICA,Católica
3517,310620060660399P,-19.826495,-43.926798,IGREJA SAO FRANCISCO,CATÓLICA,Católica
3518,310620025610399P,-19.988469,-44.045431,IGREJA SAO FRANCISCO,CATÓLICA,Católica
3519,310620005680526P,-19.877002,-43.997625,IGREJA SAO FRANCISCO,CATÓLICA,Católica
3520,310620060690184P,-19.817538,-44.006955,IGREJA SAO FRANCISCO,CATÓLICA,Católica
3521,310620005680219P,-19.890211,-43.997226,IGREJA SAO FRANCISCO DE ASSIS,CATÓLICA,Católica
3522,310620060660232P,-19.853587,-43.925675,IGREJA SAO FRANCISCO DE ASSIS,CATÓLICA,Católica
3523,310620005680269P,-19.85861,-43.98168,IGREJA SAO FRANCISCO DE ASSIS,CATÓLICA,Católica
3524,310620005650231P,-19.909395,-44.024597,IGREJA SAO FRANSCISCO DE ASSIS,CATÓLICA,Católica
3525,310620005630254P,-19.916881,-43.883573,IGREJA SAO GABRIEL,CATÓLICA,Católica
3526,310620060690281P,-19.806461,-43.99681,IGREJA SAO GASPAR BERTONI,CATÓLICA,Católica
3527,310620060690280P,-19.812669,-44.001127,IGREJA SAO GERALDO,CATÓLICA,Católica
3528,310620025610138P,-19.986064,-44.039948,IGREJA SAO GERALDO,CATÓLICA,Católica
3529,310620005670040P,-19.944918,-43.983466,IGREJA SAO JOAO BATISTA,PROTESTANTE HISTÓRICA,Protestante/Evangélica
3530,310620005670422P,-19.942087,-43.976634,IGREJA SAO JORGE,CATÓLICA,Católica
3531,310620005690002P,-19.827885,-43.998059,IGREJA SAO JOSE,CATÓLICA,Católica
3532,310620060660112P,-19.857462,-43.93249,IGREJA SAO JOSE,CATÓLICA,Católica
3533,310620060690075P,-19.826734,-43.983785,IGREJA SAO JOSE,CATÓLICA,Católica
3534,310620060640293P,-19.858741,-43.882521,IGREJA SAO JOSE DE CALAZANS,CATÓLICA,Católica
3535,310620060640326P,-19.843867,-43.874375,IGREJA SAO JOSE DOS BORGES,CATÓLICA,Católica
3536,310620025610533P,-20.009757,-44.007281,IGREJA SAO JOSE OPERARIO,CATÓLICA,Católica
3537,310620025610579P,-20.014408,-44.029418,IGREJA SAO JOSE OPERARIO,CATÓLICA,Católica
3538,310620005680287P,-19.886466,-44.010114,IGREJA SAO JUDAS TADEU,CATÓLICA,Católica
3539,310620025610045P,-19.998847,-44.03104,IGREJA SAO JUDAS TADEU,CATÓLICA,Católica
3540,310620025610022P,-19.990556,-44.015367,IGREJA SAO JUDAS TADEU,CATÓLICA,Católica
3541,310620060640114P,-19.871329,-43.904947,IGREJA SAO JUDAS TADEU,CATÓLICA,Católica
3542,310620060660019P,-19.835317,-43.926206,IGREJA SAO JUDAS TADEU,CATÓLICA,Católica
3543,310620060690447P,-19.8255,-44.007232,IGREJA SAO JUDAS TADEU,CATÓLICA,Católica
3544,310620005620665P,-19.948688,-43.927594,IGREJA SAO MATEUS,CATÓLICA,Católica
3545,310620005620652P,-19.931814,-43.903086,IGREJA SAO MIGUEL ARCANJO,CATÓLICA,Católica
3546,310620060690073P,-19.822219,-43.983112,IGREJA SAO MIGUEL ARCANJO,CATÓLICA,Católica
3547,310620060660367P,-19.833152,-43.910449,IGREJA SAO PEDRO,CATÓLICA,Católica
3548,310620005630247P,-19.909602,-43.93311,IGREJA SAO PEDRO,CATÓLICA,Católica
3549,310620025610519P,-19.987145,-44.021487,IGREJA SAO PEDRO,CATÓLICA,Católica
3550,310620005640028P,-19.879813,-43.940147,IGREJA SAO PIO X,CATÓLICA,Católica
3551,310620005640085P,-19.87611,-43.94526,IGREJA SAO PIO X,CATÓLICA,Católica
3552,310620005640085P,-19.876123,-43.945262,IGREJA SAO PIO X,CATÓLICA,Católica
3553,310620005620327P,-19.921649,-43.951754,IGREJA SAO SEBASTIAO,CATÓLICA,Católica
3554,310620005640184P,-19.884792,-43.931191,IGREJA SAO VICENTE DE PAULO,CATÓLICA,Católica
3555,310620025610474P,-19.991399,-44.036386,IGREJA SAO VICENTE DE PAULO,CATÓLICA,Católica
3556,310620005630265P,-19.920608,-43.881005,IGREJA SAO VICENTE DE PAULO PAROQUIA SAO GABRIEL,CATÓLICA,Católica
3557,310620025610552P,-19.979812,-43.991267,IGREJA SAO VINCENTE DE PAULO,CATÓLICA,Católica
3558,310620060690248P,-19.824858,-43.962146,IGREJA SARA,PROTESTANTE/EVANGÉLICA GENÉRICA,Protestante/Evangélica
3559,310620005680254P,-19.860524,-43.934133,IGREJA SARA NOSSA TERRA,PROTESTANTE/EVANGÉLICA GENÉRICA,Protestante/Evangélica
3560,310620005630257P,-19.913954,-43.879808,IGREJA SEARA,PROTESTANTE/EVANGÉLICA GENÉRICA,Protestante/Evangélica
3561,310620005670014P,-19.948815,-43.978,IGREJA SEGUNDA BATISTA SALGADO FILHO,PROTESTANTE HISTÓRICA,Protestante/Evangélica
3562,310620005650031P,-19.921311,-44.0005,IGREJA SEICHO NO IE,PROTESTANTE/EVANGÉLICA GENÉRICA,Protestante/Evangélica
3563,310620005630136P,-19.923212,-43.907325,IGREJA SEICHO NO IE DO BRASIL,PROTESTANTE/EVANGÉLICA GENÉRICA,Protestante/Evangélica
3564,310620060640222P,-19.861826,-43.89,IGREJA SEJA FILADELFIA PENTECOSTAL,PENTECOSTAL CLÁSSICA,Protestante/Evangélica
3565,310620025610638P,-20.007483,-44.026507,IGREJA SEM DENOMINACAO,PROTESTANTE/EVANGÉLICA GENÉRICA,Protestante/Evangélica
3566,310620060660178P,-19.804542,-43.93961,IGREJA SEM IDENTIFICACAO,PROTESTANTE/EVANGÉLICA GENÉRICA,Protestante/Evangélica
3567,310620060690137P,-19.821319,-43.96076,IGREJA SEMEANDO AVIVANDO A VIDA,PROTESTANTE/EVANGÉLICA GENÉRICA,Protestante/Evangélica
3568,310620005630042P,-19.90455,-43.915273,IGREJA SENHOR BOM JESUS DO HORTO,PROTESTANTE/EVANGÉLICA GENÉRICA,Protestante/Evangélica
3569,310620060660090P,-19.849045,-43.92323,IGREJA SERVIR CUIDAR AMAR,PROTESTANTE/EVANGÉLICA GENÉRICA,Protestante/Evangélica
3570,310620005650145P,-19.894448,-43.95759,IGREJA SHEKINAH,PROTESTANTE/EVANGÉLICA GENÉRICA,Protestante/Evangélica
3571,310620005650563P,-19.905865,-43.947005,IGREJA SINOS DE BELEM,PROTESTANTE/EVANGÉLICA GENÉRICA,Protestante/Evangélica
3572,310620005680039P,-19.869117,-44.005177,IGREJA STA TEREZINHA,PROTESTANTE/EVANGÉLICA GENÉRICA,Protestante/Evangélica
3573,310620005620327P,-19.922053,-43.953135,IGREJA SUKYO MAHIKARI,PROTESTANTE/EVANGÉLICA GENÉRICA,Protestante/Evangélica
3574,310620005640112P,-19.883129,-43.950429,IGREJA TABERNACULO DA VIDA,PROTESTANTE/EVANGÉLICA GENÉRICA,Protestante/Evangélica
3575,310620060660206P,-19.829637,-43.930798,IGREJA TABERNACULO DO ESPIRITO SANTO,ESPÍRITA,Espírita
3576,310620060660179P,-19.798532,-43.938241,IGREJA TEMLO DO ESIRITO DE DEUS,PROTESTANTE/EVANGÉLICA GENÉRICA,Protestante/Evangélica
3577,310620005650094P,-19.923341,-44.001874,IGREJA TEMPLO BATISTA,PROTESTANTE HISTÓRICA,Protestante/Evangélica
3578,310620005640060P,-19.879781,-43.943963,IGREJA TEMPLO DA ESPERANCA,PROTESTANTE/EVANGÉLICA GENÉRICA,Protestante/Evangélica
3579,310620005640060P,-19.879729,-43.943927,IGREJA TEMPLO DA ESPERANCA,PROTESTANTE/EVANGÉLICA GENÉRICA,Protestante/Evangélica
3580,310620060690025P,-19.814126,-43.988144,IGREJA TEMPLO DA GRACA DE DEUS,PROTESTANTE/EVANGÉLICA GENÉRICA,Protestante/Evangélica
3581,310620005680301P,-19.902271,-43.994656,IGREJA TEMPLO DA LIBERTACAO,PROTESTANTE/EVANGÉLICA GENÉRICA,Protestante/Evangélica
3582,310620060660043P,-19.835879,-43.92077,IGREJA TEMPLO DA SALVACAO,PROTESTANTE/EVANGÉLICA GENÉRICA,Protestante/Evangélica
3583,310620005620723P,-19.953414,-43.942567,IGREJA TEMPLO DA VERDADE,PROTESTANTE/EVANGÉLICA GENÉRICA,Protestante/Evangélica
3584,310620025610612P,-20.000957,-44.033237,IGREJA TEMPLO DE ADORACAO,PROTESTANTE/EVANGÉLICA GENÉRICA,Protestante/Evangélica
3585,310620060640021P,-19.850645,-43.885724,IGREJA TEMPLO DE ORACAO,PROTESTANTE/EVANGÉLICA GENÉRICA,Protestante/Evangélica
3586,310620025610561P,-19.979944,-44.043741,IGREJA TEMPLO DO GRANDE TRONO DE DEUS,PROTESTANTE/EVANGÉLICA GENÉRICA,Protestante/Evangélica
3587,310620025610561P,-19.979874,-44.043883,IGREJA TEMPLO DO GRANDE TRONO DE DEUS,PROTESTANTE/EVANGÉLICA GENÉRICA,Protestante/Evangélica
3588,310620060690144P,-19.823763,-43.968154,IGREJA TEMPLO DOS SANTOS,CATÓLICA,Católica
3589,310620060640320P,-19.850434,-43.900422,IGREJA TEMPLO EM ACAO,PROTESTANTE/EVANGÉLICA GENÉRICA,Protestante/Evangélica
3590,310620025610134P,-19.993608,-44.048532,IGREJA TEMPLO FORMOSA,PROTESTANTE/EVANGÉLICA GENÉRICA,Protestante/Evangélica
3591,310620060640092P,-19.869092,-43.903689,IGREJA TEMPLO KEMUEL,PROTESTANTE/EVANGÉLICA GENÉRICA,Protestante/Evangélica
3592,310620060690199P,-19.787286,-43.982205,IGREJA TEMPLO MAANAIM,PROTESTANTE/EVANGÉLICA GENÉRICA,Protestante/Evangélica
3593,310620060660310P,-19.825336,-43.931773,IGREJA TEMPLO PENTENCOSTAL JESUS E A ROCHA,PENTECOSTAL CLÁSSICA,Protestante/Evangélica
3594,310620025610107P,-19.981561,-44.011504,IGREJA TEMPLO RESPLENDOR,PROTESTANTE/EVANGÉLICA GENÉRICA,Protestante/Evangélica
3595,310620060690192P,-19.790179,-43.983311,IGREJA TEMPLO SOBRE A ROCHA,PROTESTANTE/EVANGÉLICA GENÉRICA,Protestante/Evangélica
3596,310620025610357P,-20.019024,-44.030803,IGREJA TEMPLO UNIAO DOS APOSTOLOS,PROTESTANTE/EVANGÉLICA GENÉRICA,Protestante/Evangélica
3597,310620005630270P,-19.920727,-43.871337,IGREJA TEMPO DE AVIVAMENTO,PROTESTANTE/EVANGÉLICA GENÉRICA,Protestante/Evangélica
3598,310620025610173P,-19.975963,-44.027027,IGREJA TEMPO DE COLHEITA,PROTESTANTE/EVANGÉLICA GENÉRICA,Protestante/Evangélica
3599,310620005630400P,-19.920403,-43.87677,IGREJA TENDA JERUSALEM,PROTESTANTE/EVANGÉLICA GENÉRICA,Protestante/Evangélica
3600,310620025610616P,-20.010023,-44.018714,IGREJA TERRA DE MILAGRES,PROTESTANTE/EVANGÉLICA GENÉRICA,Protestante/Evangélica
3601,310620060660273P,-19.839633,-43.907218,IGREJA TERRA DIMEDIAR,PROTESTANTE/EVANGÉLICA GENÉRICA,Protestante/Evangélica
3602,310620060660083P,-19.841628,-43.913967,IGREJA TEST JEOVA,OUTRA CRISTÃ,Outra
3603,310620025610031P,-20.00074,-44.007896,IGREJA TESTEMUNHA DE JEOVA,OUTRA CRISTÃ,Outra
3604,310620060690170P,-19.824777,-44.000837,IGREJA TESTEMUNHA DE JEOVA,OUTRA CRISTÃ,Outra
3605,310620005670323P,-19.950424,-43.98801,IGREJA TESTEMUNHA DE JEOVA,OUTRA CRISTÃ,Outra
3606,310620060690134P,-19.817621,-43.961241,IGREJA TESTEMUNHA DE JEOVA,OUTRA CRISTÃ,Outra
3607,310620005630254P,-19.91757,-43.884174,IGREJA TESTEMUNHA DE JEOVA,OUTRA CRISTÃ,Outra
3608,310620025610296P,-20.012417,-44.032137,IGREJA TESTEMUNHA DE JEOVA,OUTRA CRISTÃ,Outra
3609,310620060640189P,-19.86598,-43.897589,IGREJA TESTEMUNHA DE JEOVA,OUTRA CRISTÃ,Outra
3610,310620060690051P,-19.795305,-43.986475,IGREJA TESTEMUNHOS DE JEOA,PROTESTANTE/EVANGÉLICA GENÉRICA,Protestante/Evangélica
3611,310620060660372P,-19.842895,-43.909748,IGREJA TORRE DE ORACAO,PROTESTANTE/EVANGÉLICA GENÉRICA,Protestante/Evangélica
3612,310620060660233P,-19.856489,-43.928541,IGREJA TORRE DE VIDA,PROTESTANTE/EVANGÉLICA GENÉRICA,Protestante/Evangélica
3613,310620025610026P,-19.997325,-44.010174,IGREJA UM PEDACINHO DO CEU,PROTESTANTE/EVANGÉLICA GENÉRICA,Protestante/Evangélica
3614,310620060690197P,-19.787064,-43.988682,IGREJA UNCAO DA ARCA,PROTESTANTE/EVANGÉLICA GENÉRICA,Protestante/Evangélica
3615,310620025610597P,-19.998484,-43.965777,IGREJA UNGIDA DO CORDEIRO,PROTESTANTE/EVANGÉLICA GENÉRICA,Protestante/Evangélica
3616,310620005630172P,-19.919833,-43.883766,IGREJA UNIDA,PROTESTANTE/EVANGÉLICA GENÉRICA,Protestante/Evangélica
3617,310620060660406P,-19.837469,-43.912731,IGREJA UNIDA,PROTESTANTE/EVANGÉLICA GENÉRICA,Protestante/Evangélica
3618,310620005670241P,-19.947065,-43.964346,IGREJA UNIDA,PROTESTANTE/EVANGÉLICA GENÉRICA,Protestante/Evangélica
3619,310620005630023P,-19.901231,-43.901807,IGREJA UNIDA,PROTESTANTE/EVANGÉLICA GENÉRICA,Protestante/Evangélica
3620,310620060640139P,-19.844244,-43.896578,IGREJA UNIDA,PROTESTANTE/EVANGÉLICA GENÉRICA,Protestante/Evangélica
3621,310620060640227P,-19.854346,-43.903222,IGREJA UNIDA,PROTESTANTE/EVANGÉLICA GENÉRICA,Protestante/Evangélica
3622,310620060660084P,-19.841522,-43.910237,IGREJA UNIDA,PROTESTANTE/EVANGÉLICA GENÉRICA,Protestante/Evangélica
3623,310620005670375P,-19.95338,-43.96735,IGREJA UNIDA,PROTESTANTE/EVANGÉLICA GENÉRICA,Protestante/Evangélica
3624,310620005630366P,-19.918234000000002,-43.901775,IGREJA UNIDA BAIRRO PARAISO,PROTESTANTE/EVANGÉLICA GENÉRICA,Protestante/Evangélica
3625,310620005630023P,-19.900869,-43.901783,IGREJA UNIDA DO BAIRRO SAO GERALDO,CATÓLICA,Católica
3626,310620005640121P,-19.87915,-43.922417,IGREJA UNIDA DO BAIRRO UNIAO,PROTESTANTE/EVANGÉLICA GENÉRICA,Protestante/Evangélica
3627,310620060690418P,-19.809429,-43.96505,IGREJA UNIDA DO CENACULO,PROTESTANTE/EVANGÉLICA GENÉRICA,Protestante/Evangélica
3628,310620060660414P,-19.851118,-43.928752,IGREJA UNIDA DO MINASLANDIA,PROTESTANTE/EVANGÉLICA GENÉRICA,Protestante/Evangélica
3629,310620005670375P,-19.953262,-43.967347,IGREJA UNIDA DO MUNDO PARA CRISTO,PROTESTANTE/EVANGÉLICA GENÉRICA,Protestante/Evangélica
3630,310620005640132P,-19.8673,-43.930877,IGREJA UNIDA DO PALMARES,PROTESTANTE/EVANGÉLICA GENÉRICA,Protestante/Evangélica
3631,310620060660034P,-19.823952,-43.933382,IGREJA UNIERSAL,PROTESTANTE/EVANGÉLICA GENÉRICA,Protestante/Evangélica
3632,310620005630153P,-19.88708,-43.903002,IGREJA UNIVERSAL,NEOPENTECOSTAL,Protestante/Evangélica
3633,310620060640301P,-19.848271,-43.890722,IGREJA UNIVERSAL,NEOPENTECOSTAL,Protestante/Evangélica
3634,310620005680321P,-19.901022,-43.986165,IGREJA UNIVERSAL,NEOPENTECOSTAL,Protestante/Evangélica
3635,310620005650362P,-19.904959,-43.945916,IGREJA UNIVERSAL,NEOPENTECOSTAL,Protestante/Evangélica
3636,310620005650003P,-19.912629,-43.980607,IGREJA UNIVERSAL,NEOPENTECOSTAL,Protestante/Evangélica
3637,310620025610344P,-19.992367,-44.030738,IGREJA UNIVERSAL,NEOPENTECOSTAL,Protestante/Evangélica
3638,310620005650046P,-19.907059,-43.999207,IGREJA UNIVERSAL,NEOPENTECOSTAL,Protestante/Evangélica
3639,310620005680079P,-19.870253,-44.007756,IGREJA UNIVERSAL,NEOPENTECOSTAL,Protestante/Evangélica
3640,310620060690252P,-19.838,-43.987294,IGREJA UNIVERSAL,NEOPENTECOSTAL,Protestante/Evangélica
3641,310620025610176P,-19.97333,-44.018161,IGREJA UNIVERSAL,NEOPENTECOSTAL,Protestante/Evangélica
3642,310620025610157P,-19.9938,-44.05475,IGREJA UNIVERSAL,NEOPENTECOSTAL,Protestante/Evangélica
3643,310620060640070P,-19.827195,-43.901468,IGREJA UNIVERSAL,NEOPENTECOSTAL,Protestante/Evangélica
3644,310620005680423P,-19.884676,-43.983501,IGREJA UNIVERSAL,NEOPENTECOSTAL,Protestante/Evangélica
3645,310620005620245P,-19.926526,-43.944819,IGREJA UNIVERSAL,NEOPENTECOSTAL,Protestante/Evangélica
3646,310620060690209P,-19.791619,-43.971099,IGREJA UNIVERSAL,NEOPENTECOSTAL,Protestante/Evangélica
3647,310620060640024P,-19.853543,-43.88607,IGREJA UNIVERSAL,NEOPENTECOSTAL,Protestante/Evangélica
3648,310620005650252P,-19.892174,-44.017213,IGREJA UNIVERSAL,NEOPENTECOSTAL,Protestante/Evangélica
3649,310620005670622P,-19.926624,-43.972282,IGREJA UNIVERSAL,NEOPENTECOSTAL,Protestante/Evangélica
3650,310620005670338P,-19.965867,-43.982495,IGREJA UNIVERSAL,NEOPENTECOSTAL,Protestante/Evangélica
3651,310620025610539P,-20.004132,-44.022665,IGREJA UNIVERSAL,NEOPENTECOSTAL,Protestante/Evangélica
3652,310620060690499P,-19.805119,-43.964436,IGREJA UNIVERSAL,NEOPENTECOSTAL,Protestante/Evangélica
3653,310620025610129P,-20.021682,-44.029847,IGREJA UNIVERSAL,NEOPENTECOSTAL,Protestante/Evangélica
3654,310620060660047P,-19.844102,-43.923733,IGREJA UNIVERSAL,NEOPENTECOSTAL,Protestante/Evangélica
3655,310620060690009P,-19.813762,-43.984122,IGREJA UNIVERSAL,NEOPENTECOSTAL,Protestante/Evangélica
3656,310620005680446P,-19.87082,-44.014517,IGREJA UNIVERSAL,NEOPENTECOSTAL,Protestante/Evangélica
3657,310620025610149P,-19.976525,-44.016412,IGREJA UNIVERSAL,NEOPENTECOSTAL,Protestante/Evangélica
3658,310620060690296P,-19.825482,-43.990568,IGREJA UNIVERSAL,NEOPENTECOSTAL,Protestante/Evangélica
3659,310620025610596P,-20.000262,-43.968682,IGREJA UNIVERSAL,NEOPENTECOSTAL,Protestante/Evangélica
3660,310620005680301P,-19.901649,-43.994612,IGREJA UNIVERSAL,NEOPENTECOSTAL,Protestante/Evangélica
3661,310620005670040P,-19.947571,-43.983395,IGREJA UNIVERSAL,NEOPENTECOSTAL,Protestante/Evangélica
3662,310620005680393P,-19.825896,-44.01211,IGREJA UNIVERSAL,NEOPENTECOSTAL,Protestante/Evangélica
3663,310620005680393P,-19.826022,-44.012169,IGREJA UNIVERSAL,NEOPENTECOSTAL,Protestante/Evangélica
3664,310620060660190P,-19.816042,-43.892839,IGREJA UNIVERSAL,NEOPENTECOSTAL,Protestante/Evangélica
3665,310620005650145P,-19.894255,-43.958055,IGREJA UNIVERSAL,NEOPENTECOSTAL,Protestante/Evangélica
3666,310620060640209P,-19.864528,-43.919223,IGREJA UNIVERSAL,NEOPENTECOSTAL,Protestante/Evangélica
3667,310620060640303P,-19.849927,-43.898407,IGREJA UNIVERSAL,NEOPENTECOSTAL,Protestante/Evangélica
3668,310620005620600P,-19.951682,-43.960603,IGREJA UNIVERSAL,NEOPENTECOSTAL,Protestante/Evangélica
3669,310620060660285P,-19.850912,-43.926559,IGREJA UNIVERSAL,NEOPENTECOSTAL,Protestante/Evangélica
3670,310620005650597P,-19.925892,-44.001165,IGREJA UNIVERSAL,NEOPENTECOSTAL,Protestante/Evangélica
3671,310620005630255P,-19.91778,-43.882619,IGREJA UNIVERSAL CRISTO E O SENHOR,NEOPENTECOSTAL,Protestante/Evangélica
3672,310620025610129P,-20.022181,-44.029668,IGREJA UNIVERSAL DA GRACA DE DEUS,NEOPENTECOSTAL,Protestante/Evangélica
3673,310620025610312P,-20.00442,-44.035174,IGREJA UNIVERSAL DO REINO DE DEUS,NEOPENTECOSTAL,Protestante/Evangélica
3674,310620005670502P,-19.939437,-44.017142,IGREJA UNIVERSAL DO REINO DE DEUS,NEOPENTECOSTAL,Protestante/Evangélica
3675,310620060640195P,-19.854061,-43.91492,IGREJA UNIVERSAL DO REINO DE DEUS,NEOPENTECOSTAL,Protestante/Evangélica
3676,310620060640122P,-19.829836,-43.868287,IGREJA UNIVERSAL DO REINO DE DEUS,NEOPENTECOSTAL,Protestante/Evangélica
3677,310620005630040P,-19.90901,-43.914401,IGREJA UNIVERSAL DO REINO DE DEUS,NEOPENTECOSTAL,Protestante/Evangélica
3678,310620005650039P,-19.913995,-43.99002,IGREJA UNIVERSAL DO REINO DE DEUS,NEOPENTECOSTAL,Protestante/Evangélica
3679,310620005640171P,-19.900425,-43.933738,IGREJA UNIVERSAL DO REINO DE DEUS,NEOPENTECOSTAL,Protestante/Evangélica
3680,310620025610220P,-19.957573,-44.007047,IGREJA UNIVERSAL DO REINO DE DEUS,NEOPENTECOSTAL,Protestante/Evangélica
3681,310620005640020P,-19.888492,-43.929584,IGREJA UNIVERSAL DO REINO DE DEUS,NEOPENTECOSTAL,Protestante/Evangélica
3682,310620060660227P,-19.842333,-43.948547,IGREJA UNIVERSAL DO REINO DE DEUS,NEOPENTECOSTAL,Protestante/Evangélica
3683,310620005650232P,-19.907286,-44.020057,IGREJA UNIVERSAL DO REINO DE DEUS,NEOPENTECOSTAL,Protestante/Evangélica
3684,310620005640038P,-19.882495,-43.942613,IGREJA UNIVERSAL DO REINO DE DEUS,NEOPENTECOSTAL,Protestante/Evangélica
3685,310620005630159P,-19.892543,-43.895403,IGREJA UNIVERSAL DO REINO DE DEUS,NEOPENTECOSTAL,Protestante/Evangélica
3686,310620060690239P,-19.816676,-43.9554,IGREJA UNIVERSAL DO REINO DE DEUS,NEOPENTECOSTAL,Protestante/Evangélica
3687,310620060690226P,-19.799087,-43.955235,IGREJA UNIVERSAL DO REINO DE DEUS,NEOPENTECOSTAL,Protestante/Evangélica
3688,310620005630459P,-19.907563,-43.898883,IGREJA UNIVERSAL DO REINO DE DEUS,NEOPENTECOSTAL,Protestante/Evangélica
3689,310620025610261P,-19.977258,-44.048354,IGREJA UNIVERSAL DO REINO DE DEUS,NEOPENTECOSTAL,Protestante/Evangélica
3690,310620005670545P,-19.960572,-43.990659,IGREJA UNIVERSAL DO REINO DE DEUS,NEOPENTECOSTAL,Protestante/Evangélica
3691,310620005690002P,-19.827056,-43.995754,IGREJA UNIVERSAL DO REINO DE DEUS,NEOPENTECOSTAL,Protestante/Evangélica
3692,310620060690035P,-19.822066,-43.978692,IGREJA UNIVERSAL DO REINO DE DEUS,NEOPENTECOSTAL,Protestante/Evangélica
3693,310620060640007P,-19.844123,-43.896343,IGREJA UNIVERSAL DO REINO DE DEUS,NEOPENTECOSTAL,Protestante/Evangélica
3694,310620060690248P,-19.824306,-43.962049,IGREJA UNIVERSAL DO REINO DE DEUS,NEOPENTECOSTAL,Protestante/Evangélica
3695,310620005620793P,-19.939822,-43.934009,IGREJA UNIVERSAL DO REINO DE DEUS,NEOPENTECOSTAL,Protestante/Evangélica
3696,310620005620764P,-19.936581,-43.911884,IGREJA UNIVERSAL DO REINO DE DEUS,NEOPENTECOSTAL,Protestante/Evangélica
3697,310620005620717P,-19.924814,-43.945836,IGREJA UNIVERSAL DO REINO DE DEUS,NEOPENTECOSTAL,Protestante/Evangélica
3698,310620060640301P,-19.848506,-43.889607,IGREJA UNIVERSAL DO REINO DE DEUS,NEOPENTECOSTAL,Protestante/Evangélica
3699,310620060640038P,-19.835102,-43.890495,IGREJA UNIVERSAL DO REINO DE DEUS,NEOPENTECOSTAL,Protestante/Evangélica
3700,310620005650142P,-19.893798,-43.959831,IGREJA UNIVERSAL DO REINO DE DEUS,NEOPENTECOSTAL,Protestante/Evangélica
3701,310620060690267P,-19.801738,-43.961521,IGREJA UNIVERSAL DO REINO DE DEUS,NEOPENTECOSTAL,Protestante/Evangélica
3702,310620005670375P,-19.95358,-43.967263,IGREJA UNIVERSAL DO REINO DE DEUS,NEOPENTECOSTAL,Protestante/Evangélica
3703,310620025610154P,-19.990084,-44.001624,IGREJA UNIVERSAL DO REINO DE DEUS,NEOPENTECOSTAL,Protestante/Evangélica
3704,310620005670213P,-19.94748,-43.968511,IGREJA UNIVERSAL DO REINO DE DEUS,NEOPENTECOSTAL,Protestante/Evangélica
3705,310620005620475P,-19.925826,-43.94586,IGREJA UNIVERSAL DO REINO DE DEUS,NEOPENTECOSTAL,Protestante/Evangélica
3706,310620025610314P,-20.005539,-44.043817,IGREJA UNIVERSAL DO REINO DE DEUS,NEOPENTECOSTAL,Protestante/Evangélica
3707,310620005650116P,-19.906501,-44.004423,IGREJA UNIVERSAL JESUS CRISTO E O SENHOR,NEOPENTECOSTAL,Protestante/Evangélica
3708,310620060660163P,-19.811147,-43.939678,IGREJA UNIVERSAL JESUS CRISTO E O SENHOR,NEOPENTECOSTAL,Protestante/Evangélica
3709,310620060660058P,-19.832884,-43.940694,IGREJA UNIVERSAL JESUS CRISTO E O SENHOR,NEOPENTECOSTAL,Protestante/Evangélica
3710,310620005680058P,-19.868764,-43.94995,IGREJA UNIVERSAL REINO DE DEUS,NEOPENTECOSTAL,Protestante/Evangélica
3711,310620005620475P,-19.925639,-43.944602,IGREJA UNIVERSAL REINO DE DEUS,NEOPENTECOSTAL,Protestante/Evangélica
3712,310620005630165P,-19.895333,-43.889098,IGREJA UNIVERSAL UNIDA,NEOPENTECOSTAL,Protestante/Evangélica
3713,310620005630100P,-19.920635,-43.910992,IGREJA UNIVERSALJESUS CRISTO E O SENHOR,NEOPENTECOSTAL,Protestante/Evangélica
3714,310620060690009P,-19.813765,-43.984115,IGREJA UNIVERSO,PROTESTANTE/EVANGÉLICA GENÉRICA,Protestante/Evangélica
3715,310620025610533P,-20.008532,-44.008078,IGREJA UNIVESAL DA PAZ,PROTESTANTE/EVANGÉLICA GENÉRICA,Protestante/Evangélica
3716,310620060690298P,-19.787568,-43.980072,IGREJA VENACULO DA ORACAO,PROTESTANTE/EVANGÉLICA GENÉRICA,Protestante/Evangélica
3717,310620060690075P,-19.824569,-43.983256,IGREJA VENCEDORES PELA FE,PROTESTANTE/EVANGÉLICA GENÉRICA,Protestante/Evangélica
3718,310620025610383P,-19.984314,-43.998639,IGREJA VERBO DA VIDA,PROTESTANTE/EVANGÉLICA GENÉRICA,Protestante/Evangélica
3719,310620060690341P,-19.828196,-43.979919,IGREJA VERBO DA VIDA,PROTESTANTE/EVANGÉLICA GENÉRICA,Protestante/Evangélica
3720,310620005670234P,-19.945678,-43.966959,IGREJA VERBO DA VIDA,PROTESTANTE/EVANGÉLICA GENÉRICA,Protestante/Evangélica
3721,310620060690088P,-19.822181,-43.991418,IGREJA VIDA ABUNDANTE,PROTESTANTE/EVANGÉLICA GENÉRICA,Protestante/Evangélica
3722,310620060690068P,-19.823543,-43.971463,IGREJA VIDA ALIAR,PROTESTANTE/EVANGÉLICA GENÉRICA,Protestante/Evangélica
3723,310620060690216P,-19.800539,-43.967898,IGREJA VIDA DE FE,PROTESTANTE/EVANGÉLICA GENÉRICA,Protestante/Evangélica
3724,310620005680378P,-19.90495,-43.992917,IGREJA VIDA EM CRISTO EM MISSAO,CATÓLICA,Católica
3725,310620060690022P,-19.817639,-43.985941,IGREJA VIDA PLENA,PROTESTANTE/EVANGÉLICA GENÉRICA,Protestante/Evangélica
3726,310620060690022P,-19.817623,-43.985889,IGREJA VIDA PLENA,PROTESTANTE/EVANGÉLICA GENÉRICA,Protestante/Evangélica
3727,310620060660272P,-19.837319,-43.919369,IGREJA VINHO NOVO,PROTESTANTE/EVANGÉLICA GENÉRICA,Protestante/Evangélica
3728,310620060660272P,-19.837285,-43.919325,IGREJA VINHO NOVO,PROTESTANTE/EVANGÉLICA GENÉRICA,Protestante/Evangélica
3729,310620060640161P,-19.845314,-43.905283,IGREJA VISAO MISSIONARIA,CATÓLICA,Católica
3730,310620025610226P,-19.982345,-43.995905,IGREJA VISAO MUNDIAL,NEOPENTECOSTAL,Protestante/Evangélica
3731,310620005620295P,-19.954788,-43.943798,IGREJA VISAO MUNDIAL DE CRISTO,NEOPENTECOSTAL,Protestante/Evangélica
3732,310620005630391P,-19.914313,-43.886325,IGREJA VISAO POMPEIA,CATÓLICA,Católica
3733,310620060690334P,-19.805491,-43.995504,IGREJA VIVA,PROTESTANTE/EVANGÉLICA GENÉRICA,Protestante/Evangélica
3734,310620060660059P,-19.829845,-43.945015,IGREJA VIVALISTA,PROTESTANTE/EVANGÉLICA GENÉRICA,Protestante/Evangélica
3735,310620060660240P,-19.847329,-43.9198,IGREJA VIVER PARA CRISTO,PROTESTANTE/EVANGÉLICA GENÉRICA,Protestante/Evangélica
3736,310620025610174P,-19.973792,-44.023457,IGREJA VOZ DA VERDADE,PROTESTANTE/EVANGÉLICA GENÉRICA,Protestante/Evangélica
3737,310620060690218P,-19.800279,-43.962379,IGREJA VOZ DO NOIVO,PROTESTANTE/EVANGÉLICA GENÉRICA,Protestante/Evangélica
3738,310620060690176P,-19.82368,-44.001037,IGREJA YESHUA E O CORDEIRO,PROTESTANTE/EVANGÉLICA GENÉRICA,Protestante/Evangélica
3739,310620060660146P,-19.830941,-43.949178,IGREJABPETENCOSTAL AGUIA DO CEU,PENTECOSTAL CLÁSSICA,Protestante/Evangélica
3740,310620025610449P,-19.99813,-43.99421,IGREJAEVANGELICA,PROTESTANTE/EVANGÉLICA GENÉRICA,Protestante/Evangélica
3741,310620025610595P,-19.992177,-44.025213,IGREJARESBITERIANA DO DIAMANTE,PROTESTANTE/EVANGÉLICA GENÉRICA,Protestante/Evangélica
3742,310620005670090P,-19.946885,-43.972086,IGREJAVOEBTECISTAL SUBLIME,PROTESTANTE/EVANGÉLICA GENÉRICA,Protestante/Evangélica
3743,310620005650428P,-19.92532,-43.994774,IGREJINHA,NÃO CLASSIFICADA,Outra
3744,310620005650356P,-19.901806,-43.94806,IGREJINHA CASA DA PAZ,NÃO CLASSIFICADA,Outra
3745,310620060690163P,-19.83351,-43.988062,IGREJINHA DA PRACA,NÃO CLASSIFICADA,Outra
3746,310620060660076P,-19.84238,-43.903851,IGREJS YESHUA,NÃO CLASSIFICADA,Outra
3747,310620060690012P,-19.807474,-43.986224,IGRELA QUADRANGULA,PENTECOSTAL CLÁSSICA,Protestante/Evangélica
3748,310620060660064P,-19.814304,-43.935988,IGRENA PEDRA DE ESQUINA,NÃO CLASSIFICADA,Outra
3749,310620060690335P,-19.803077,-43.994981,IGRESA UNVERSAL,NÃO CLASSIFICADA,Outra
3750,310620060640076P,-19.849207,-43.87701,IGRJA APOSTOLICA O PODER PERTENCE A ELE,NÃO CLASSIFICADA,Outra
3751,310620060660323P,-19.820202,-43.936301,IGRJA BATISTA JESUS ESPERANCA ETERNA,PROTESTANTE HISTÓRICA,Protestante/Evangélica
3752,310620025610031P,-19.998528,-44.00856,IGRJA BATISTA MORIA,PROTESTANTE HISTÓRICA,Protestante/Evangélica
3753,310620005650551P,-19.889241,-43.965893,IGRJA BATISTADAGLORIA DE DUS,PROTESTANTE HISTÓRICA,Protestante/Evangélica
3754,310620025610379P,-19.967938,-43.99693,IGRJA DO EVANGELICO,PROTESTANTE/EVANGÉLICA GENÉRICA,Protestante/Evangélica
3755,310620005640026P,-19.886169,-43.942308,IGRJA METODISTA,PROTESTANTE HISTÓRICA,Protestante/Evangélica
3756,310620005650520P,-19.902441,-44.013632,IGRJA METODISTA WESLEYANA,PROTESTANTE HISTÓRICA,Protestante/Evangélica
3757,310620025610466P,-19.989932,-43.998285,IGRJA REBANHO DE DEUS,NÃO CLASSIFICADA,Outra
3758,310620060640343P,-19.830052,-43.889827,IGRRJA ASSEMBLEIA DE DEUS MINISTERIO JERUSALSM,PENTECOSTAL CLÁSSICA,Protestante/Evangélica
3759,310620060690355P,-19.811074,-44.004642,IGRRJA UNIVERSAL,NEOPENTECOSTAL,Protestante/Evangélica
3760,310620005630391P,-19.915077,-43.887117,IGRWJA PENTESCOSTAL DEUS E AMOR,PENTECOSTAL CLÁSSICA,Protestante/Evangélica
3761,310620025610119P,-19.998134,-43.970997,SALAO DO REINO DAS TESTEMINHAS DE JEOVA,OUTRA CRISTÃ,Outra
3762,310620060690439P,-19.828752,-43.972354,SALAO DO REINO DAS TESTEMUHAS DE JEOVA,OUTRA CRISTÃ,Outra
3763,310620060660163P,-19.810768,-43.940877,SALAO DO REINO DAS TESTEMUNAS DE JEOVA,OUTRA CRISTÃ,Outra
3764,310620005630242P,-19.911784,-43.932546,SALAO DO REINO DAS TESTEMUNAS DE JEOVA,OUTRA CRISTÃ,Outra
3765,310620005650612P,-19.897186,-44.012822,SALAO DO REINO DAS TESTEMUNHA DE JEOVA,OUTRA CRISTÃ,Outra
3766,310620060690116P,-19.795574,-43.971591,SALAO DO REINO DAS TESTEMUNHA DE JEOVA,OUTRA CRISTÃ,Outra
3767,310620060660007P,-19.834297,-43.936355,SALAO DO REINO DAS TESTEMUNHAS DE GEOVA,PROTESTANTE/EVANGÉLICA GENÉRICA,Protestante/Evangélica
3768,310620025610246P,-19.956018,-44.007505,SALAO DO REINO DAS TESTEMUNHAS DE JEOVA,OUTRA CRISTÃ,Outra
3769,310620025610167P,-19.984926,-44.045503,SALAO DO REINO DAS TESTEMUNHAS DE JEOVA,OUTRA CRISTÃ,Outra
3770,310620060660412P,-19.850058,-43.925422,SALAO DO REINO DAS TESTEMUNHAS DE JEOVA,OUTRA CRISTÃ,Outra
3771,310620005670025P,-19.961609,-43.983492,SALAO DO REINO DAS TESTEMUNHAS DE JEOVA,OUTRA CRISTÃ,Outra
3772,310620005650626P,-19.92508,-44.01525,SALAO DO REINO DAS TESTEMUNHAS DE JEOVA,OUTRA CRISTÃ,Outra
3773,310620005630028P,-19.907972,-43.896215,SALAO DO REINO DAS TESTEMUNHAS DE JEOVA,OUTRA CRISTÃ,Outra
3774,310620060690030P,-19.805522,-43.98522,SALAO DO REINO DAS TESTEMUNHAS DE JEOVA,OUTRA CRISTÃ,Outra
3775,310620060690226P,-19.799613,-43.954546,SALAO DO REINO DAS TESTEMUNHAS DE JEOVA,OUTRA CRISTÃ,Outra
3776,310620060690226P,-19.799636,-43.954436,SALAO DO REINO DAS TESTEMUNHAS DE JEOVA,OUTRA CRISTÃ,Outra
3777,310620005680321P,-19.90195,-43.985561,SALAO DO REINO DAS TESTEMUNHAS DE JEOVA,OUTRA CRISTÃ,Outra
3778,310620060690532P,-19.828058,-43.986054,SALAO DO REINO DAS TESTEMUNHAS DE JEOVA,OUTRA CRISTÃ,Outra
3779,310620005680491P,-19.868978,-43.987365,SALAO DO REINO DAS TESTEMUNHAS DE JEOVA,OUTRA CRISTÃ,Outra
3780,310620005630155P,-19.889938,-43.900678,SALAO DO REINO DAS TESTEMUNHAS DE JEOVA,OUTRA CRISTÃ,Outra
3781,310620060640056P,-19.832898,-43.895141,SALAO DO REINO DAS TESTEMUNHAS DE JEOVA,OUTRA CRISTÃ,Outra
3782,310620060640097P,-19.864823,-43.913171,SALAO DO REINO DAS TESTEMUNHAS DE JEOVA,OUTRA CRISTÃ,Outra
3783,310620005650067P,-19.909533,-43.968942,SALAO DO REINO TESTEMUNHAS DE JEOVA,OUTRA CRISTÃ,Outra
3784,310620060640143P,-19.853902,-43.894467,SALAO DO REINO TESTEMUNHAS DE JEOVA,OUTRA CRISTÃ,Outra
3785,310620060690509P,-19.786071,-43.975967,TEMPLO,PROTESTANTE/EVANGÉLICA GENÉRICA,Protestante/Evangélica
3786,310620060660115P,-19.85073,-43.931998,TEMPLO ADVENTISTA DO SETIMO DIA,OUTRA CRISTÃ,Outra
3787,310620005630222P,-19.904995,-43.929162,TEMPLO APOSTOLICA DA GRACA,PROTESTANTE/EVANGÉLICA GENÉRICA,Protestante/Evangélica
3788,310620025610376P,-19.977588,-44.02983,TEMPLO APOSTOLICO DEUS DE MILAGRES E PODER,PROTESTANTE/EVANGÉLICA GENÉRICA,Protestante/Evangélica
3789,310620025610417P,-19.994617,-43.992792,TEMPLO BATISTA AGAPE,PROTESTANTE HISTÓRICA,Protestante/Evangélica
3790,310620005630497P,-19.915511,-43.88244,TEMPLO BOA NOVAS,PROTESTANTE/EVANGÉLICA GENÉRICA,Protestante/Evangélica
3791,310620060690214P,-19.791732,-43.966052,TEMPLO CRISTAO,PROTESTANTE/EVANGÉLICA GENÉRICA,Protestante/Evangélica
3792,310620005650218P,-19.921098,-44.012363,TEMPLO DA BENCAO,PROTESTANTE/EVANGÉLICA GENÉRICA,Protestante/Evangélica
3793,310620060690218P,-19.799754,-43.962781,TEMPLO DA CONQUISTA,PROTESTANTE/EVANGÉLICA GENÉRICA,Protestante/Evangélica
3794,310620005650586P,-19.90409,-43.98277,TEMPLO DA FE,PROTESTANTE/EVANGÉLICA GENÉRICA,Protestante/Evangélica
3795,310620005620765P,-19.929199,-43.929861,TEMPLO DA IGREJA ADVENTISTA DO 7 DIA,OUTRA CRISTÃ,Outra
3796,310620005640126P,-19.900616,-43.94563,TEMPLO DA IGREJA BATISTA DA LAGOINHA,PROTESTANTE HISTÓRICA,Protestante/Evangélica
3797,310620025610634P,-19.986734,-44.027544,TEMPLO DA IGREJA O RENOVO DO SENHOR,PROTESTANTE/EVANGÉLICA GENÉRICA,Protestante/Evangélica
3798,310620005640200P,-19.882588,-43.925846,TEMPLO DA JUSTICA DE DEUS,PROTESTANTE/EVANGÉLICA GENÉRICA,Protestante/Evangélica
3799,310620060660179P,-19.80051,-43.937712,TEMPLO DA MODA,PROTESTANTE/EVANGÉLICA GENÉRICA,Protestante/Evangélica
3800,310620025610649P,-19.995397,-43.980096,TEMPLO DA RESTAURACAO,PROTESTANTE/EVANGÉLICA GENÉRICA,Protestante/Evangélica
3801,310620005650714P,-19.89299,-43.96141,TEMPLO DA VITORIA,PROTESTANTE/EVANGÉLICA GENÉRICA,Protestante/Evangélica
3802,310620025610397P,-19.987771,-43.984433,TEMPLO DE ADORACAO A JESUS CRISTO,PROTESTANTE/EVANGÉLICA GENÉRICA,Protestante/Evangélica
3803,310620060690410P,-19.811889,-43.987422,TEMPLO DE GLORIAS,PROTESTANTE/EVANGÉLICA GENÉRICA,Protestante/Evangélica
3804,310620060690363P,-19.826028,-43.96249,TEMPLO DE LUZ ARUANDA,PROTESTANTE/EVANGÉLICA GENÉRICA,Protestante/Evangélica
3805,310620060640330P,-19.836738,-43.897111,TEMPLO DE ORACAO FONTE ETERNA,PROTESTANTE/EVANGÉLICA GENÉRICA,Protestante/Evangélica
3806,310620025610039P,-20.00838,-44.030733,TEMPLO DE ORACAO MISS0ES AS NACOES,AFRO-BRASILEIRA,Afro-brasileira
3807,310620005650386P,-19.914289,-43.955807,TEMPLO DE ORACAO POVO DE DEUS,PROTESTANTE/EVANGÉLICA GENÉRICA,Protestante/Evangélica
3808,310620025610072P,-20.014798,-44.031023,TEMPLO DE OXUMARE E YEMANJA,PROTESTANTE/EVANGÉLICA GENÉRICA,Protestante/Evangélica
3809,310620060690456P,-19.801221,-43.955966,TEMPLO DO AMOR,PROTESTANTE/EVANGÉLICA GENÉRICA,Protestante/Evangélica
3810,310620060640330P,-19.837576,-43.897096,TEMPLO DO AVIVAMENTO RATAURANDO VIDAS,PROTESTANTE/EVANGÉLICA GENÉRICA,Protestante/Evangélica
3811,310620005670634P,-19.930012,-43.972291,TEMPLO DOS ANJOS QUADRANGULAR,PENTECOSTAL CLÁSSICA,Protestante/Evangélica
3812,310620005670634P,-19.930339,-43.971605,TEMPLO DOS ANJOS QUADRANGULAR,PENTECOSTAL CLÁSSICA,Protestante/Evangélica
3813,310620005650183P,-19.929113,-43.998585,TEMPLO DOS MILAGRES,PROTESTANTE/EVANGÉLICA GENÉRICA,Protestante/Evangélica
3814,310620060660283P,-19.838843,-43.949625,TEMPLO DOS MILAGRES IGREJA MUNDIAL DO PODER DE DEUS,NEOPENTECOSTAL,Protestante/Evangélica
3815,310620060660317P,-19.843548,-43.918562,TEMPLO DOS MILAGRES IGREJA MUNDIAL DO PODER DE DEUS,NEOPENTECOSTAL,Protestante/Evangélica
3816,310620005670196P,-19.941947,-44.001487,TEMPLO DOS MILAGRES MUNDIAL IGREJA DO PODER DE DEUS,NEOPENTECOSTAL,Protestante/Evangélica
3817,310620005640135P,-19.904472,-43.935087,TEMPLO ESCOLA OGUM SETE ESPADAS,PROTESTANTE/EVANGÉLICA GENÉRICA,Protestante/Evangélica
3818,310620005650059P,-19.904185,-43.977406,TEMPLO GASTROMINAS,PROTESTANTE/EVANGÉLICA GENÉRICA,Protestante/Evangélica
3819,310620005670665P,-19.923964,-43.960179,TEMPLO HARE KRISHINA,PROTESTANTE/EVANGÉLICA GENÉRICA,Protestante/Evangélica
3820,310620005620708P,-19.924247,-43.942746,TEMPLO HEROIS DA FE DE ABRAAO,PROTESTANTE/EVANGÉLICA GENÉRICA,Protestante/Evangélica
3821,310620060660115P,-19.85286,-43.931187,TEMPLO LABAREDAS DE FOGO,PROTESTANTE/EVANGÉLICA GENÉRICA,Protestante/Evangélica
3822,310620005630485P,-19.928264,-43.907947,TEMPLO MANZO NGUNZO KAIANGO,PROTESTANTE/EVANGÉLICA GENÉRICA,Protestante/Evangélica
3823,310620005620503P,-19.929961,-43.907998,TEMPLO MUNDIAL RENASCER EM CRISTO,NEOPENTECOSTAL,Protestante/Evangélica
3824,310620005670790P,-19.954243,-43.972231,TEMPLO PENTECOSTAL MANA DE DEUS,PENTECOSTAL CLÁSSICA,Protestante/Evangélica
3825,310620025610088P,-19.997947,-44.034486,TEMPLO PENTECOSTAL VERDADE E VIDA,PENTECOSTAL CLÁSSICA,Protestante/Evangélica
3826,310620060660117P,-19.847113,-43.935324,TEMPLO RELIGIOSO,PROTESTANTE/EVANGÉLICA GENÉRICA,Protestante/Evangélica
3827,310620025610104P,-19.98634,-44.013411,TEMPLO RELIGIOSO IGREJA BATISTA BIBLICA,PROTESTANTE HISTÓRICA,Protestante/Evangélica
3828,310620060660430P,-19.803668,-43.908184,TEMPLO RESGATANDO ALMAS PARA A SALVACAO,PROTESTANTE/EVANGÉLICA GENÉRICA,Protestante/Evangélica
3829,310620005670548P,-19.948724,-43.989134,TEMPLO SHEKINAH,PROTESTANTE/EVANGÉLICA GENÉRICA,Protestante/Evangélica
3830,310620025610513P,-19.963663,-43.999852,TEMPLO TRIBO DE JUDA,PROTESTANTE/EVANGÉLICA GENÉRICA,Protestante/Evangélica
3831,310620060680028P,-19.841184,-43.957476,TEMPLO UMBANDISTA PASQUAL COMONDUCCI,PROTESTANTE/EVANGÉLICA GENÉRICA,Protestante/Evangélica
3832,310620025610216P,-19.981065,-44.040978,TEMPLO UNCAO DE DEUS,PROTESTANTE/EVANGÉLICA GENÉRICA,Protestante/Evangélica
3833,310620005670328P,-19.955967,-43.971282,TEMPLO VALE DO AMANHECER NUMAM,PROTESTANTE/EVANGÉLICA GENÉRICA,Protestante/Evangélica
3834,310620005620023P,-19.935625,-43.920267,TEMPLO ZEN DAS ALTEROSAS,PROTESTANTE/EVANGÉLICA GENÉRICA,Protestante/Evangélica
3835,310620005630163P,-19.895904,-43.894122,TERREIRO DE CANDOMBLE,AFRO-BRASILEIRA,Afro-brasileira
3836,310620025610371P,-19.986796,-43.998772,TERREIRO DE MACUMBA,AFRO-BRASILEIRA,Afro-brasileira
3837,310620005630204P,-19.887091,-43.898701,TERREIRO DE CANDOMBLE,AFRO-BRASILEIRA,Afro-brasileira
3838,310620005630120P,-19.890701,-43.90008,TERREIRO CANDOMBLE,AFRO-BRASILEIRA,Afro-brasileira
3839,310620005650148P,-19.898059,-43.95795,TERREIRO DE CANDOMBLE CASA DE OXALA,AFRO-BRASILEIRA,Afro-brasileira
3840,310620005630096P,-19.91921,-43.90345,TERREIRO ILE ASE SOPPONNON,AFRO-BRASILEIRA,Afro-brasileira
3841,310620005630158P,-19.894138,-43.897659,TERREIRO DE CANDOMBLE,AFRO-BRASILEIRA,Afro-brasileira
3842,310620005670762P,-19.963341,-43.994641,TERREIRO,AFRO-BRASILEIRA,Afro-brasileira
3843,310620005650366P,-19.907002,-43.947066,TERREIRO ESPACO SAGRADO,AFRO-BRASILEIRA,Afro-brasileira
3844,310620060660383P,-19.802536,-43.924782,PENTECOSTAL AVIVAMENTO,PENTECOSTAL CLÁSSICA,Protestante/Evangélica
3845,310620025610246P,-19.95523,-44.007282,PENTECOSTAL PODER DE DEUS,PENTECOSTAL CLÁSSICA,Protestante/Evangélica
3846,310620005670168P,-19.94913,-43.967259,PENTENCOSTAL TEMPLO DOS MILAGRES,PENTECOSTAL CLÁSSICA,Protestante/Evangélica
3847,310620005630072P,-19.903475,-43.919426,PENTESCOSTAL,PENTECOSTAL CLÁSSICA,Protestante/Evangélica
3848,310620060640047P,-19.852031,-43.904912,PENTOSTAL DIVISA DE FOGO ALIMENTANDO A ALMA,PENTECOSTAL CLÁSSICA,Protestante/Evangélica
